timestamp,avgHighPrice,avgLowPrice,highPriceVolume,lowPriceVolume,item_id,item_name,date,midpoint_price,total_volume,indexed_price,indexed_volume
1756166400,206,202,58222114,19766844,565,Blood rune,2025-08-26,204.0,77988958,100.0,103.25829585703923
1756252800,207,203,51859352,20398217,565,Blood rune,2025-08-27,205.0,72257569,100.49019607843137,95.66986954374266
1756339200,206,202,55564927,19200881,565,Blood rune,2025-08-28,204.0,74765808,100.0,98.9908074224378
1756425600,206,202,45774800,19912216,565,Blood rune,2025-08-29,204.0,65687016,100.0,86.97038024400928
1756512000,206,202,64288018,21125125,565,Blood rune,2025-08-30,204.0,85413143,100.0,113.0880039450405
1756598400,205,202,57435915,19146707,565,Blood rune,2025-08-31,203.5,76582622,99.75490196078431,101.39629048491456
1756684800,204,201,53998905,22002198,565,Blood rune,2025-09-01,202.5,76001103,99.26470588235294,100.62635250281599
1756771200,203,200,57058403,24670769,565,Blood rune,2025-09-02,201.5,81729172,98.77450980392157,108.21038309714109
1756857600,203,200,44799334,18901935,565,Blood rune,2025-09-03,201.5,63701269,98.77450980392157,84.34122790653058
1756944000,203,200,46770730,17992709,565,Blood rune,2025-09-04,201.5,64763439,98.77450980392157,85.74755345469947
1757030400,203,200,49228479,20713494,565,Blood rune,2025-09-05,201.5,69941973,98.77450980392157,92.60399325836677
1757116800,205,200,58028194,27504731,565,Blood rune,2025-09-06,202.5,85532925,99.26470588235294,113.2465967190887
1757203200,206,202,62998774,24618841,565,Blood rune,2025-09-07,204.0,87617615,100.0,116.00675074999923
1757289600,206,202,46761080,18554182,565,Blood rune,2025-09-08,204.0,65315262,100.0,86.47817358421473
1757376000,206,202,52674376,16957845,565,Blood rune,2025-09-09,204.0,69632221,100.0,92.19387797437606
1757462400,209,204,48506937,21817159,565,Blood rune,2025-09-10,206.5,70324096,101.22549019607843,93.10992859587672
1757548800,212,208,49525493,20467693,565,Blood rune,2025-09-11,210.0,69993186,102.94117647058823,92.6717998715251
1757635200,218,212,49727048,24849381,565,Blood rune,2025-09-12,215.0,74576429,105.3921568627451,98.74006740343268
1757721600,222,216,58624203,22919944,565,Blood rune,2025-09-13,219.0,81544147,107.35294117647058,107.96540782524492
1757808000,227,222,62218896,24788783,565,Blood rune,2025-09-14,224.5,87007679,110.04901960784315,115.19918832633074
1757894400,230,225,58821579,22917063,565,Blood rune,2025-09-15,227.5,81738642,111.51960784313727,108.22292148830365
1757980800,234,229,53275154,20991770,565,Blood rune,2025-09-16,231.5,74266924,113.48039215686273,98.33027915034135
1758067200,235,230,54854168,19826997,565,Blood rune,2025-09-17,232.5,74681165,113.97058823529412,98.878739096865
1758153600,236,232,44466552,18315322,565,Blood rune,2025-09-18,234.0,62781874,114.70588235294117,83.12393813431073
1758240000,237,233,47182553,17646752,565,Blood rune,2025-09-19,235.0,64829305,115.19607843137254,85.83476081186046
1758326400,236,232,56914671,19500631,565,Blood rune,2025-09-20,234.0,76415302,114.70588235294117,101.17475684084664
1758412800,236,232,58442303,16860176,565,Blood rune,2025-09-21,234.0,75302479,114.70588235294117,99.70136612609292
1758499200,237,234,40436110,15643978,565,Blood rune,2025-09-22,235.5,56080088,115.44117647058823,74.25069480211282
1758585600,236,232,45256720,16612879,565,Blood rune,2025-09-23,234.0,61869599,114.70588235294117,81.91607532566826
1758672000,235,231,48964220,16400596,565,Blood rune,2025-09-24,233.0,65364816,114.21568627450979,86.54378366189904
1758758400,234,230,48848741,19187667,565,Blood rune,2025-09-25,232.0,68036408,113.72549019607843,90.0810028300959
1758844800,235,231,40018288,15205270,565,Blood rune,2025-09-26,233.0,55223558,114.21568627450979,73.11663902782706
1758931200,235,231,46797857,19112709,565,Blood rune,2025-09-27,233.0,65910566,114.21568627450979,87.26636306812703
1759017600,234,231,54602601,18030140,565,Blood rune,2025-09-28,232.5,72632741,113.97058823529412,96.16660167565905
1759104000,236,232,40150861,18532820,565,Blood rune,2025-09-29,234.0,58683681,114.70588235294117,77.69788249611068
1759190400,237,233,42729013,15970751,565,Blood rune,2025-09-30,235.0,58699764,115.19607843137254,77.71917657689926
1759276800,237,234,39754466,15047120,565,Blood rune,2025-10-01,235.5,54801586,115.44117647058823,72.55794314655388
1759363200,237,234,40773949,15958461,565,Blood rune,2025-10-02,235.5,56732410,115.44117647058823,75.11437678732482
1759449600,238,233,42478219,21263796,565,Blood rune,2025-10-03,235.5,63742015,115.44117647058823,84.39517608882315
1759536000,241,236,50952950,22537058,565,Blood rune,2025-10-04,238.5,73490008,116.91176470588236,97.301633246596
1759622400,244,239,52451155,20320381,565,Blood rune,2025-10-05,241.5,72771536,118.38235294117648,96.3503678848893
1759708800,244,240,43875686,18173913,565,Blood rune,2025-10-06,242.0,62049599,118.62745098039215,82.154397438579
1759795200,246,242,44225273,16466386,565,Blood rune,2025-10-07,244.0,60691659,119.6078431372549,80.3564689385456
1759881600,247,242,44235593,15253244,565,Blood rune,2025-10-08,244.5,59488837,119.85294117647058,78.76391849134824
1759968000,248,243,40628819,16279015,565,Blood rune,2025-10-09,245.5,56907834,120.34313725490196,75.34664022252068
1760054400,248,244,43646237,15710297,565,Blood rune,2025-10-10,246.0,59356534,120.58823529411764,78.58874776632364
1760140800,249,244,49488067,16376593,565,Blood rune,2025-10-11,246.5,65864660,120.83333333333333,87.20558298526436
1760227200,253,248,46846422,20476638,565,Blood rune,2025-10-12,250.5,67323060,122.79411764705883,89.13652170453672
1760313600,255,249,39855307,18791247,565,Blood rune,2025-10-13,252.0,58646554,123.52941176470588,77.64872591229937
1760400000,254,249,39073902,15475062,565,Blood rune,2025-10-14,251.5,54548964,123.28431372549021,72.22346865317758
1760486400,253,247,32179737,14747706,565,Blood rune,2025-10-15,250.0,46927443,122.54901960784315,62.132485384768756
1760572800,254,248,26285053,12463260,565,Blood rune,2025-10-16,251.0,38748313,123.03921568627452,51.303221254926356
1760659200,255,249,31490883,15038184,565,Blood rune,2025-10-17,252.0,46529067,123.52941176470588,61.6050308844747
1760745600,254,248,30769040,13899174,565,Blood rune,2025-10-18,251.0,44668214,123.03921568627452,59.14123966905086
1760832000,254,248,34737143,15708946,565,Blood rune,2025-10-19,251.0,50446089,123.03921568627452,66.79121399201836
1760918400,253,248,31030107,14993566,565,Blood rune,2025-10-20,250.5,46023673,122.79411764705883,60.935883295961304
1761004800,252,246,39187111,14147675,565,Blood rune,2025-10-21,249.0,53334786,122.05882352941177,70.61588272867903
1761091200,250,245,36018166,14457911,565,Blood rune,2025-10-22,247.5,50476077,121.3235294117647,66.83091845602928
1761177600,248,244,34467956,13671351,565,Blood rune,2025-10-23,246.0,48139307,120.58823529411764,63.737007546104664
1761264000,250,245,39441906,15306580,565,Blood rune,2025-10-24,247.5,54748486,121.3235294117647,72.48763812324522
1761350400,249,244,44864479,17754202,565,Blood rune,2025-10-25,246.5,62618681,120.83333333333333,82.90786868668717
1761436800,249,244,45354383,17354620,565,Blood rune,2025-10-26,246.5,62709003,120.83333333333333,83.0274560749223
1761523200,247,243,43635375,15429682,565,Blood rune,2025-10-27,245.0,59065057,120.09803921568627,78.20282879685206
1761609600,245,241,48537527,16390245,565,Blood rune,2025-10-28,243.0,64927772,119.11764705882352,85.96513227570482
1761696000,243,239,41773067,14765693,565,Blood rune,2025-10-29,241.0,56538760,118.13725490196079,74.85798191418502
1761782400,240,236,45762545,15367740,565,Blood rune,2025-10-30,238.0,61130285,116.66666666666667,80.93721491130998
1761868800,238,233,45658009,16058991,565,Blood rune,2025-10-31,235.5,61717000,115.44117647058823,81.71403245840122
1761955200,228,222,57379700,12681132,565,Blood rune,2025-11-01,225.0,70060832,110.29411764705883,92.76136396958043
1762041600,229,224,51781659,17557586,565,Blood rune,2025-11-02,226.5,69339245,111.02941176470588,91.80597431130863
1762128000,227,222,45522837,15952592,565,Blood rune,2025-11-03,224.5,61475429,110.04901960784315,81.39418961874588
1762214400,232,226,44879258,21660414,565,Blood rune,2025-11-04,229.0,66539672,112.25490196078431,88.0993067968205
1762300800,232,227,40247044,18530267,565,Blood rune,2025-11-05,229.5,58777311,112.5,77.82184971517641
1762387200,229,224,40857050,17010435,565,Blood rune,2025-11-06,226.5,57867485,111.02941176470588,76.61722941128126
1762473600,234,229,38683344,19096806,565,Blood rune,2025-11-07,231.5,57780150,113.48039215686273,76.50159684610871
1762560000,238,232,44116180,20756242,565,Blood rune,2025-11-08,235.0,64872422,115.19607843137254,85.89184822598476
1762646400,245,238,46002747,24126684,565,Blood rune,2025-11-09,241.5,70129431,118.38235294117648,92.85218985082244
1762732800,245,240,43267849,18143759,565,Blood rune,2025-11-10,242.5,61411608,118.87254901960785,81.3096898655899
1762819200,246,241,48320164,14490480,565,Blood rune,2025-11-11,243.5,62810644,119.36274509803921,83.16202995202431
1762905600,243,239,46753405,14627906,565,Blood rune,2025-11-12,241.0,61381311,118.13725490196079,81.26957628195181
1762992000,246,242,40470655,14947671,565,Blood rune,2025-11-13,244.0,55418326,119.6078431372549,73.37451414609039
1763078400,246,241,42418532,16722745,565,Blood rune,2025-11-14,243.5,59141277,119.36274509803921,78.30374497155236
1763164800,246,241,46564330,18178655,565,Blood rune,2025-11-15,243.5,64742985,119.36274509803921,85.72047211860239
1763251200,247,243,49993494,18136898,565,Blood rune,2025-11-16,245.0,68130392,120.09803921568627,90.20543874931703
1763337600,246,241,49511582,14393526,565,Blood rune,2025-11-17,243.5,63905108,119.36274509803921,84.61111313527286
1763424000,245,241,35291377,14287887,565,Blood rune,2025-11-18,243.0,49579264,119.11764705882352,65.64352751688584
1763510400,242,236,21165590,10632957,565,Blood rune,2025-11-19,239.0,31798547,117.15686274509804,42.10164949184174
1763596800,225,220,16918397,6654654,565,Blood rune,2025-11-20,222.5,23573051,109.06862745098039,31.210996233737013
1763683200,221,216,35272093,12241142,565,Blood rune,2025-11-21,218.5,47513235,107.1078431372549,62.908080869025476
1763769600,216,211,34926777,12804271,565,Blood rune,2025-11-22,213.5,47731048,104.65686274509804,63.196467837800064
1763856000,216,211,31813071,13167807,565,Blood rune,2025-11-23,213.5,44980878,104.65686274509804,59.555210475223774
1763942400,216,211,30712150,12505082,565,Blood rune,2025-11-24,213.5,43217232,104.65686274509804,57.220122468853894
1764028800,214,209,36245181,14895293,565,Blood rune,2025-11-25,211.5,51140474,103.6764705882353,67.71058788298238
1764115200,212,206,28969112,16531655,565,Blood rune,2025-11-26,209.0,45500767,102.45098039215685,60.24354961388517
1764201600,210,205,30420980,15034440,565,Blood rune,2025-11-27,207.5,45455420,101.71568627450979,60.18350965358427
1764288000,210,205,35672800,16067724,565,Blood rune,2025-11-28,207.5,51740524,101.71568627450979,68.5050611266051
1764374400,210,205,37387254,13923678,565,Blood rune,2025-11-29,207.5,51310932,101.71568627450979,67.93627627588538
1764460800,211,206,39606133,16362785,565,Blood rune,2025-11-30,208.5,55968918,102.20588235294117,74.10350441715568
1764547200,211,206,36950944,16846717,565,Blood rune,2025-12-01,208.5,53797661,102.20588235294117,71.22873466208767
1764633600,212,207,32165949,13863851,565,Blood rune,2025-12-02,209.5,46029800,102.69607843137254,60.94399551588244
1764720000,212,207,34281030,13605268,565,Blood rune,2025-12-03,209.5,47886298,102.69607843137254,63.402020660185585
1764806400,212,207,36117768,17312123,565,Blood rune,2025-12-04,209.5,53429891,102.69607843137254,70.74180286505889
1764892800,213,207,36786079,17054803,565,Blood rune,2025-12-05,210.0,53840882,102.94117647058823,71.28595977343278
1764979200,212,207,43893448,16533304,565,Blood rune,2025-12-06,209.5,60426752,102.69607843137254,80.00572896096313
1765065600,213,208,46790257,15320156,565,Blood rune,2025-12-07,210.5,62110413,103.18627450980394,82.23491588843763
1765152000,212,207,39822149,13873338,565,Blood rune,2025-12-08,209.5,53695487,102.69607843137254,71.09345508672912
1765238400,212,207,41876351,14662910,565,Blood rune,2025-12-09,209.5,56539261,102.69607843137254,74.85864524406594
1765324800,211,207,38596284,14137017,565,Blood rune,2025-12-10,209.0,52733301,102.45098039215685,69.8195095282117
1765411200,212,207,33811589,15178684,565,Blood rune,2025-12-11,209.5,48990273,102.69607843137254,64.863696519078
1765497600,212,207,38591992,17353113,565,Blood rune,2025-12-12,209.5,55945105,102.69607843137254,74.07197572562931
1765584000,212,207,44002497,18015424,565,Blood rune,2025-12-13,209.5,62017921,102.69607843137254,82.11245539473019
1765670400,212,207,41786051,18310105,565,Blood rune,2025-12-14,209.5,60096156,102.69607843137254,79.56801597629735
1765756800,212,207,45711568,14025606,565,Blood rune,2025-12-15,209.5,59737174,102.69607843137254,79.09271959442556
1765843200,211,207,39476578,14095370,565,Blood rune,2025-12-16,209.0,53571948,102.45098039215685,70.9298880005798
1765929600,210,206,35005229,13007931,565,Blood rune,2025-12-17,208.0,48013160,101.96078431372548,63.56998743734159
1766016000,210,206,43043456,13976555,565,Blood rune,2025-12-18,208.0,57020011,101.96078431372548,75.49516388729839
1766102400,210,205,37942026,15397115,565,Blood rune,2025-12-19,207.5,53339141,101.71568627450979,70.62164879979971
1766188800,211,205,40120181,16119139,565,Blood rune,2025-12-20,208.0,56239320,101.96078431372548,74.46151983924062
1766275200,213,207,50491167,17588666,565,Blood rune,2025-12-21,210.0,68079833,102.94117647058823,90.13849803983561
1766361600,210,205,47829422,16786371,565,Blood rune,2025-12-22,207.5,64615793,101.71568627450979,85.5520684175727
1766448000,209,205,44437034,15056045,565,Blood rune,2025-12-23,207.0,59493079,101.47058823529412,78.76953494914251
1766534400,208,204,47220319,16328951,565,Blood rune,2025-12-24,206.0,63549270,100.98039215686273,84.13997944630658
1766620800,208,204,36617411,12926307,565,Blood rune,2025-12-25,206.0,49543718,100.98039215686273,65.59646419563292
1766707200,210,205,40406924,19573537,565,Blood rune,2025-12-26,207.5,59980461,101.71568627450979,79.41483443822396
1766793600,208,204,47006910,16907417,565,Blood rune,2025-12-27,206.0,63914327,100.98039215686273,84.62331919948912
1766880000,208,203,48208814,16240674,565,Blood rune,2025-12-28,205.5,64449488,100.73529411764706,85.33187864541925
1766966400,209,204,48382535,20912243,565,Blood rune,2025-12-29,206.5,69294778,101.22549019607843,91.74709948133751
1767052800,207,203,49336465,16708712,565,Blood rune,2025-12-30,205.0,66045177,100.49019607843137,87.44458961224385
1767139200,206,202,47695652,15916172,565,Blood rune,2025-12-31,204.0,63611824,100.0,84.22280167659001
1767225600,206,201,48492936,16141073,565,Blood rune,2026-01-01,203.5,64634009,99.75490196078431,85.57618661539928
1767312000,206,201,56313041,22374228,565,Blood rune,2026-01-02,203.5,78687269,99.75490196078431,104.18286781808818
1767398400,207,202,50070776,18968651,565,Blood rune,2026-01-03,204.5,69039427,100.24509803921569,91.40901175992711
1767484800,207,203,49072333,21513706,565,Blood rune,2026-01-04,205.0,70586039,100.49019607843137,93.4567442026666
1767571200,207,203,43463791,16657924,565,Blood rune,2026-01-05,205.0,60121715,100.49019607843137,79.60185639231894
1767657600,206,202,48553606,15959727,565,Blood rune,2026-01-06,204.0,64513333,100.0,85.41641017485696
1767744000,208,203,45277775,16881029,565,Blood rune,2026-01-07,205.5,62158804,100.73529411764706,82.2989861404702
1767830400,208,203,44715436,14482571,565,Blood rune,2026-01-08,205.5,59198007,100.73529411764706,78.3788561574714
1767916800,210,206,53330614,20713178,565,Blood rune,2026-01-09,208.0,74043792,101.96078431372548,98.03484976313024
1768003200,214,208,56362739,25949643,565,Blood rune,2026-01-10,211.0,82312382,103.43137254901961,108.98255998308927
1768089600,214,208,61461151,20872769,565,Blood rune,2026-01-11,211.0,82333920,103.43137254901961,109.01107654791078
1768176000,213,209,51593658,16454818,565,Blood rune,2026-01-12,211.0,68048476,103.43137254901961,90.09698100375483
1768262400,213,208,47955877,16665146,565,Blood rune,2026-01-13,210.5,64621023,103.18627450980394,85.5589929989645
1768348800,212,208,46518798,15131833,565,Blood rune,2026-01-14,210.0,61650631,102.94117647058823,81.62615912333581
1768435200,213,208,42590427,18159562,565,Blood rune,2026-01-15,210.5,60749989,103.18627450980394,80.43369854324605
1768521600,214,210,49138706,16054805,565,Blood rune,2026-01-16,212.0,65193511,103.921568627451,86.31697383105363
1768608000,217,212,52514683,20981553,565,Blood rune,2026-01-17,214.5,73496236,105.14705882352942,97.30987919170272
1768694400,217,212,55646612,21087682,565,Blood rune,2026-01-18,214.5,76734294,105.14705882352942,101.59710599330009
1768780800,217,213,48715470,17486636,565,Blood rune,2026-01-19,215.0,66202106,105.3921568627451,87.65236545033814
1768867200,218,214,45372579,16214141,565,Blood rune,2026-01-20,216.0,61586720,105.88235294117648,81.54154020912338
1768953600,218,214,44181938,16997840,565,Blood rune,2026-01-21,216.0,61179778,105.88235294117648,81.00274422427826
1769040000,218,214,45835623,17736245,565,Blood rune,2026-01-22,216.0,63571868,105.88235294117648,84.16989946357079
1769126400,218,214,44393168,17521649,565,Blood rune,2026-01-23,216.0,61914817,105.88235294117648,81.97594448845491
1769212800,217,214,50890218,18969733,565,Blood rune,2026-01-24,215.5,69859951,105.63725490196079,92.4953951675603
1769299200,217,213,62520186,25377894,565,Blood rune,2026-01-25,215.0,87898080,105.3921568627451,116.37808970220762
1769385600,216,212,51804922,22745295,565,Blood rune,2026-01-26,214.0,74550217,104.90196078431373,98.70536240774591
1769472000,216,212,45280775,19079116,565,Blood rune,2026-01-27,214.0,64359891,104.90196078431373,85.21325116569446
1769558400,217,214,47110169,20686741,565,Blood rune,2026-01-28,215.5,67796910,105.63725490196079,89.76390466677425
1769644800,218,214,34515306,15592924,565,Blood rune,2026-01-29,216.0,50108230,105.88235294117648,66.34388471009663
1769731200,219,215,40308245,15896559,565,Blood rune,2026-01-30,217.0,56204804,106.37254901960785,74.41582025007824
1769817600,221,215,43128870,18902785,565,Blood rune,2026-01-31,218.0,62031655,106.86274509803921,82.13063937194528
1769904000,218,214,47163776,19927018,565,Blood rune,2026-02-01,216.0,67090794,105.88235294117648,88.82899879410714
1769990400,219,214,37314203,17374202,565,Blood rune,2026-02-02,216.5,54688405,106.12745098039215,72.40809017399083
1770076800,220,216,31735058,15299796,565,Blood rune,2026-02-03,218.0,47034854,106.86274509803921,62.27469880960128
1770163200,222,218,33225172,18165285,565,Blood rune,2026-02-04,220.0,51390457,107.84313725490196,68.04156830938109
1770249600,228,222,39333566,21956174,565,Blood rune,2026-02-05,225.0,61289740,110.29411764705883,81.14833520305542
1770336000,228,223,42820959,16125130,565,Blood rune,2026-02-06,225.5,58946089,110.53921568627452,78.04531376835891
1770422400,227,223,46702260,18072874,565,Blood rune,2026-02-07,225.0,64775134,110.29411764705883,85.76303777198
1770508800,228,224,47267641,19614878,565,Blood rune,2026-02-08,226.0,66882519,110.78431372549021,88.55324024929332
1770595200,228,223,39381129,21629413,565,Blood rune,2026-02-09,225.5,61010542,110.53921568627452,80.77867377371958
1770681600,228,225,31766481,15583118,565,Blood rune,2026-02-10,226.5,47349599,111.02941176470588,62.691424884201794
1770768000,228,225,30555718,16548260,565,Blood rune,2026-02-11,226.5,47103978,111.02941176470588,62.36621979700596
1770854400,229,226,35880299,14317891,565,Blood rune,2026-02-12,227.5,50198190,111.51960784313727,66.46299280608247
1770940800,231,228,36258680,14710159,565,Blood rune,2026-02-13,229.5,50968839,112.5,67.48334112826329
1771027200,235,230,39290243,20450776,565,Blood rune,2026-02-14,232.5,59741019,113.97058823529412,79.09781041955966
1771113600,237,233,45042553,18727411,565,Blood rune,2026-02-15,235.0,63769964,115.19607843137254,84.4321808928995
1771200000,240,236,43712805,18408783,565,Blood rune,2026-02-16,238.0,62121588,116.66666666666667,82.24971171961417
1771286400,241,237,39954160,19349687,565,Blood rune,2026-02-17,239.0,59303847,117.15686274509804,78.51898955986292
1771372800,241,237,35378669,17215630,565,Blood rune,2026-02-18,239.0,52594299,117.15686274509804,69.6354692485516
1771459200,240,237,37415188,16457245,565,Blood rune,2026-02-19,238.5,53872433,116.91176470588236,71.32773366779081
1771545600,240,238,38679656,16748191,565,Blood rune,2026-02-20,239.0,55427847,117.15686274509804,73.38712006185163
1771632000,242,238,49735408,20774430,565,Blood rune,2026-02-21,240.0,70509838,117.64705882352942,93.35585318418931
1771718400,242,239,56444622,18925499,565,Blood rune,2026-02-22,240.5,75370121,117.8921568627451,99.7909249281013
1771804800,241,238,50469453,17172201,565,Blood rune,2026-02-23,239.5,67641654,117.40196078431373,89.5583439003183
1771891200,242,239,40083270,16865300,565,Blood rune,2026-02-24,240.5,56948570,117.8921568627451,75.40057516469587
1771977600,242,239,50980263,17756998,565,Blood rune,2026-02-25,240.5,68737261,117.8921568627451,91.00894042898385
1772064000,243,240,45974042,18125841,565,Blood rune,2026-02-26,241.5,64099883,118.38235294117648,84.86899752161837
1772150400,246,242,46355911,18033219,565,Blood rune,2026-02-27,244.0,64389130,119.6078431372549,85.25196394491333
1772236800,246,243,54812043,20375283,565,Blood rune,2026-02-28,244.5,75187326,119.85294117647058,99.54890220238175
1772323200,243,240,58570989,19373753,565,Blood rune,2026-03-01,241.5,77944742,118.38235294117648,103.19975335401443
1772409600,246,242,45325192,17070076,565,Blood rune,2026-03-02,244.0,62395268,119.6078431372549,82.61206725217757
1772496000,246,243,32137500,15221870,565,Blood rune,2026-03-03,244.5,47359370,119.85294117647058,62.70436180289764
1772582400,246,243,35310812,17434445,565,Blood rune,2026-03-04,244.5,52745257,119.85294117647058,69.83533941255592
1772668800,247,244,35590731,18612586,565,Blood rune,2026-03-05,245.5,54203317,120.34313725490196,71.76582796783724
1772755200,248,245,35839340,14866919,565,Blood rune,2026-03-06,246.5,50706259,120.83333333333333,67.13568212599607
1772841600,248,244,43476503,19381665,565,Blood rune,2026-03-07,246.0,62858168,120.58823529411764,83.2249522858797
1772928000,248,244,48382736,21085170,565,Blood rune,2026-03-08,246.0,69467906,120.58823529411764,91.97632298558202
1773014400,247,244,47223576,16902853,565,Blood rune,2026-03-09,245.5,64126429,120.34313725490196,84.90414473722575
1773100800,247,244,35180017,17923105,565,Blood rune,2026-03-10,245.5,53103122,120.34313725490196,70.30915687331594
1773187200,247,243,34941255,19737809,565,Blood rune,2026-03-11,245.0,54679064,120.09803921568627,72.3957225803425
1773273600,247,244,29462298,18998831,565,Blood rune,2026-03-12,245.5,48461129,120.34313725490196,64.16310365177777
1773360000,248,245,38245453,16088992,565,Blood rune,2026-03-13,246.5,54334445,120.83333333333333,71.93944297906924
1773446400,252,247,38893078,19742588,565,Blood rune,2026-03-14,249.5,58635666,122.30392156862746,77.63431007249174
1773532800,249,245,47051655,19788998,565,Blood rune,2026-03-15,247.0,66840653,121.078431372549,88.49780917385377
1773619200,255,250,41881981,19091380,565,Blood rune,2026-03-16,252.5,60973361,123.77450980392157,80.72944569327439
1773705600,258,253,38863789,15673498,565,Blood rune,2026-03-17,255.5,54537287,125.24509803921569,72.20800816810835
1773792000,259,255,36598035,15409305,565,Blood rune,2026-03-18,257.0,52007340,125.98039215686273,68.85832864259618
1773878400,265,260,35070463,20621413,565,Blood rune,2026-03-19,262.5,55691876,128.6764705882353,73.7366975571278
1773964800,268,263,32167948,17759304,565,Blood rune,2026-03-20,265.5,49927252,130.14705882352942,66.10426771370574
1774051200,273,267,45118894,18917873,565,Blood rune,2026-03-21,270.0,64036767,132.35294117647058,84.78543119673796
1774137600,269,265,45287320,18899615,565,Blood rune,2026-03-22,267.0,64186935,130.88235294117646,84.98425539146895
1774224000,274,270,32788582,14796920,565,Blood rune,2026-03-23,272.0,47585502,133.33333333333331,63.003763225323915
1774310400,272,269,31473891,17110994,565,Blood rune,2026-03-24,270.5,48584885,132.59803921568627,64.32695804847434
1774396800,274,271,35790267,15489339,565,Blood rune,2026-03-25,272.5,51279606,133.578431372549,67.89480028416848
1774483200,274,270,31906749,15588670,565,Blood rune,2026-03-26,272.0,47495419,133.33333333333331,62.88449227589427
1774569600,272,268,35619581,15495643,565,Blood rune,2026-03-27,270.0,51115224,132.35294117647058,67.67715658658796
1774656000,271,267,43508180,18315836,565,Blood rune,2026-03-28,269.0,61824016,131.86274509803923,81.8557228985971
1774742400,272,269,38333559,19399979,565,Blood rune,2026-03-29,270.5,57733538,132.59803921568627,76.43988201095874
1774828800,274,270,35857479,15054865,565,Blood rune,2026-03-30,272.0,50912344,133.33333333333331,67.4085410851028
1774915200,275,271,34549173,14754919,565,Blood rune,2026-03-31,273.0,49304092,133.8235294117647,65.27919655880876
1775001600,275,272,30675564,15941482,565,Blood rune,2026-04-01,273.5,46617046,134.0686274509804,61.721516113206775
1775088000,280,275,34907894,18001167,565,Blood rune,2026-04-02,277.5,52909061,136.02941176470588,70.05221783135165
1775174400,283,278,43759970,20731108,565,Blood rune,2026-04-03,280.5,64491078,137.5,85.38694429361901
1775260800,287,282,43758401,19754559,565,Blood rune,2026-04-04,284.5,63512960,139.46078431372547,84.09190458008553
1775347200,291,286,39367760,19569471,565,Blood rune,2026-04-05,288.5,58937231,141.421568627451,78.03358567238024
1775433600,290,286,44005629,15632773,565,Blood rune,2026-04-06,288.0,59638402,141.1764705882353,78.96194430700099
1775520000,292,287,29919700,15441873,565,Blood rune,2026-04-07,289.5,45361573,141.91176470588235,60.0592551239713
1775606400,290,287,24677839,14711593,565,Blood rune,2026-04-08,288.5,39389432,141.421568627451,52.15207033663315
1775692800,288,283,36449543,16622640,565,Blood rune,2026-04-09,285.5,53072183,139.95098039215685,70.2681932741418
1775779200,284,278,41415528,14001771,565,Blood rune,2026-04-10,281.0,55417299,137.7450980392157,73.37315438603505
1775865600,283,278,39481347,14023649,565,Blood rune,2026-04-11,280.5,53504996,137.5,70.8412427666709
1775952000,286,281,39464057,18546632,565,Blood rune,2026-04-12,283.5,58010689,138.97058823529412,76.8068331882661
1776038400,290,285,36692459,16859337,565,Blood rune,2026-04-13,287.5,53551796,140.9313725490196,70.90320651602768
1776124800,290,285,33651239,12726905,565,Blood rune,2026-04-14,287.5,46378144,140.9313725490196,61.40520706088122
1776211200,286,281,28328395,13894912,565,Blood rune,2026-04-15,283.5,42223307,138.97058823529412,55.90415410177163
1776297600,288,283,17686349,10976591,565,Blood rune,2026-04-16,285.5,28662940,139.95098039215685,37.95006901685446
1776384000,289,285,18055749,9838192,565,Blood rune,2026-04-17,287.0,27893941,140.68627450980392,36.93190531404198
1776470400,290,285,18467906,11491949,565,Blood rune,2026-04-18,287.5,29959855,140.9313725490196,39.66719970055243
1776556800,290,286,21442262,11880552,565,Blood rune,2026-04-19,288.0,33322814,141.1764705882353,44.119796892286836
1776643200,290,287,20661936,8889618,565,Blood rune,2026-04-20,288.5,29551554,141.421568627451,39.126604383754824
1776729600,289,286,15611317,10423580,565,Blood rune,2026-04-21,287.5,26034897,140.9313725490196,34.47050923585289
1776816000,289,285,19178704,10213780,565,Blood rune,2026-04-22,287.0,29392484,140.68627450980392,38.91599383652865
1776902400,290,286,17956380,9623611,565,Blood rune,2026-04-23,288.0,27579991,141.1764705882353,36.51623182877349
1776988800,289,285,20496722,10616065,565,Blood rune,2026-04-24,287.0,31112787,140.68627450980392,41.193695202121354
1777075200,288,284,19076571,12182634,565,Blood rune,2026-04-25,286.0,31259205,140.19607843137254,41.387554352833384
1777161600,289,285,21781563,13578386,565,Blood rune,2026-04-26,287.0,35359949,140.68627450980392,46.816987544978076
1777248000,289,285,28155372,10160551,565,Blood rune,2026-04-27,287.0,38315923,140.68627450980392,50.7307318193626
1777334400,288,284,19833956,10828392,565,Blood rune,2026-04-28,286.0,30662348,140.19607843137254,40.59730867869135
1777420800,289,284,20224362,11161490,565,Blood rune,2026-04-29,286.5,31385852,140.44117647058823,41.55523646746564
1777507200,289,285,20399709,10312334,565,Blood rune,2026-04-30,287.0,30712043,140.68627450980392,40.66310544203079
1777593600,288,284,22090869,11102242,565,Blood rune,2026-05-01,286.0,33193111,140.19607843137254,43.94806859778205
1777680000,287,283,25565282,13610744,565,Blood rune,2026-05-02,285.0,39176026,139.70588235294116,51.86951828758964
1777766400,286,281,29848905,14144340,565,Blood rune,2026-05-03,283.5,43993245,138.97058823529412,58.24757278999947
1777852800,287,282,19158897,11209629,565,Blood rune,2026-05-04,284.5,30368526,139.46078431372547,40.20828490169323
1777939200,288,283,17749953,12484400,565,Blood rune,2026-05-05,285.5,30234353,139.95098039215685,40.03063827471783
1778025600,289,286,19347266,10184721,565,Blood rune,2026-05-06,287.5,29531987,140.9313725490196,39.10069744606969
1778112000,291,287,23474259,11501980,565,Blood rune,2026-05-07,289.0,34976239,141.66666666666669,46.30895100083929
1778198400,290,286,26828178,11791371,565,Blood rune,2026-05-08,288.0,38619549,141.1764705882353,51.13273620744392
1778284800,292,287,25047913,13768493,565,Blood rune,2026-05-09,289.5,38816406,141.91176470588235,51.39337718622875
1778371200,292,288,22138938,12737526,565,Blood rune,2026-05-10,290.0,34876464,142.15686274509804,46.17684772964113
1778457600,293,289,25339743,11961393,565,Blood rune,2026-05-11,291.0,37301136,142.64705882352942,49.387141919393976
1778544000,295,291,22542855,9754741,565,Blood rune,2026-05-12,293.0,32297596,143.62745098039215,42.76239622587503
1778630400,295,292,20578563,9453379,565,Blood rune,2026-05-13,293.5,30031942,143.87254901960785,39.76264373473796
1778716800,297,293,22476021,10692048,565,Blood rune,2026-05-14,295.0,33168069,144.6078431372549,43.91491269582921
1778803200,296,292,22238950,11961850,565,Blood rune,2026-05-15,294.0,34200800,144.11764705882354,45.28226066243156
1778889600,296,291,30617041,11721386,565,Blood rune,2026-05-16,293.5,42338427,143.87254901960785,56.05657433309543
1778976000,296,292,25970099,12654732,565,Blood rune,2026-05-17,294.0,38624831,144.11764705882354,51.139729637446116
1779062400,291,289,31846122,15075659,565,Blood rune,2026-05-18,290.0,46921781,142.15686274509804,62.12498883030597
1779148800,291,290,22040779,10156625,565,Blood rune,2026-05-19,290.5,32197404,142.40196078431373,42.62974084178196
1779235200,295,291,21995668,11035057,565,Blood rune,2026-05-20,293.0,33030725,143.62745098039215,43.733067627631364
1779321600,296,291,22686516,10651259,565,Blood rune,2026-05-21,293.5,33337775,143.87254901960785,44.13960543190493
1779408000,297,292,19747691,11875906,565,Blood rune,2026-05-22,294.5,31623597,144.36274509803923,41.87001363820988
1779494400,297,290,28943524,16875258,565,Blood rune,2026-05-23,293.5,45818782,143.87254901960785,60.66460520687023
1779580800,299,294,28097719,16272917,565,Blood rune,2026-05-24,296.5,44370636,145.34313725490196,58.74724290396335
1779667200,301,295,31973490,14265168,565,Blood rune,2026-05-25,298.0,46238658,146.078431372549,61.22052595953973
1779753600,300,296,23244648,11141161,565,Blood rune,2026-05-26,298.0,34385809,146.078431372549,45.52721475013991
1779840000,301,296,22836842,11067372,565,Blood rune,2026-05-27,298.5,33904214,146.3235294117647,44.889577316988536
1779926400,302,298,21711181,10544039,565,Blood rune,2026-05-28,300.0,32255220,147.05882352941177,42.706289904448894
1780012800,303,299,25700107,11451823,565,Blood rune,2026-05-29,301.0,37151930,147.54901960784315,49.189591423955314
1780099200,304,300,28914340,12165465,565,Blood rune,2026-05-30,302.0,41079805,148.03921568627453,54.39014403089575
1780185600,307,302,29470622,14817031,565,Blood rune,2026-05-31,304.5,44287653,149.26470588235296,58.63737243787628
1780272000,311,305,22967115,14789332,565,Blood rune,2026-06-01,308.0,37756447,150.98039215686273,49.989979028013444
1780358400,315,309,23471257,14123681,565,Blood rune,2026-06-02,312.0,37594938,152.94117647058823,49.776139216157326
1780444800,320,314,23818216,13673702,565,Blood rune,2026-06-03,317.0,37491918,155.3921568627451,49.63973952686808
1780531200,318,314,32633041,11619131,565,Blood rune,2026-06-04,316.0,44252172,154.90196078431373,58.590395177386355
1780617600,316,311,31669020,13379542,565,Blood rune,2026-06-05,313.5,45048562,153.6764705882353,59.644824885725164
1780704000,307,302,43607254,13507519,565,Blood rune,2026-06-06,304.5,57114773,149.26470588235296,75.62062988765199
1780790400,307,301,37515743,12815699,565,Blood rune,2026-06-07,304.0,50331442,149.01960784313727,66.63942001824681
1780876800,304,296,34424710,13979999,565,Blood rune,2026-06-08,300.0,48404709,147.05882352941177,64.08840290949765
1780963200,304,300,27967531,14149776,565,Blood rune,2026-06-09,302.0,42117307,148.03921568627453,55.76380885750197
1781049600,305,300,25879530,12267389,565,Blood rune,2026-06-10,302.5,38146919,148.2843137254902,50.50696853952723
1781136000,309,303,26939850,13649041,565,Blood rune,2026-06-11,306.0,40588891,150.0,53.740168132354285
1781222400,312,305,33490868,15434186,565,Blood rune,2026-06-12,308.5,48925054,151.22549019607843,64.77734579751174
1781308800,314,308,29742188,16691905,565,Blood rune,2026-06-13,311.0,46434093,152.45098039215685,61.479284193632566
1781395200,314,309,35318148,14840353,565,Blood rune,2026-06-14,311.5,50158501,152.69607843137254,66.41044410419738
1781481600,317,312,28759257,13058584,565,Blood rune,2026-06-15,314.5,41817841,154.16666666666669,55.36731235825238
1781568000,319,313,30190304,15779409,565,Blood rune,2026-06-16,316.0,45969713,154.90196078431373,60.86443962255762
1781654400,314,309,37791026,15780716,565,Blood rune,2026-06-17,311.5,53571742,152.69607843137254,70.92961525416167
1781740800,311,304,39226082,12487428,565,Blood rune,2026-06-18,307.5,51713510,150.73529411764704,68.46929427350416
1781827200,309,302,38627626,15140321,565,Blood rune,2026-06-19,305.5,53767947,149.7549019607843,71.18939297729308
1781913600,305,299,39295025,12762579,565,Blood rune,2026-06-20,302.0,52057604,148.03921568627453,68.92487876861476
1782000000,304,299,34652050,15114964,565,Blood rune,2026-06-21,301.5,49767014,147.79411764705884,65.89211072076913
1782086400,305,298,36163911,17651057,565,Blood rune,2026-06-22,301.5,53814968,147.79411764705884,71.25164933324405
1782172800,305,299,27398703,13639997,565,Blood rune,2026-06-23,302.0,41038700,148.03921568627453,54.335720528389096
1782259200,305,301,27389461,14890453,565,Blood rune,2026-06-24,303.0,42279914,148.52941176470588,55.97910243424684
1782345600,306,301,27479971,12782940,565,Blood rune,2026-06-25,303.5,40262911,148.77450980392157,53.308566785872934
1782432000,308,303,28529798,13342271,565,Blood rune,2026-06-26,305.5,41872069,149.7549019607843,55.43911086680195
1782518400,310,304,36083698,15070579,565,Blood rune,2026-06-27,307.0,51154277,150.49019607843138,67.72886321700742
1782604800,312,307,33698369,15545096,565,Blood rune,2026-06-28,309.5,49243465,151.7156862745098,65.1989256991452
1782691200,313,307,33513213,17046958,565,Blood rune,2026-06-29,310.0,50560171,151.96078431372547,66.9422598991577
1782777600,300,296,35338935,15032886,565,Blood rune,2026-06-30,298.0,50371821,146.078431372549,66.69288228823137
1782864000,280,272,43889636,16944246,565,Blood rune,2026-07-01,276.0,60833882,135.29411764705884,80.54477386001506
1782950400,280,272,42340670,17330375,565,Blood rune,2026-07-02,276.0,59671045,135.29411764705884,79.00516402217735
1783036800,281,275,39643802,18292947,565,Blood rune,2026-07-03,278.0,57936749,136.27450980392157,76.70893576032933
1783123200,293,286,36180264,22427328,565,Blood rune,2026-07-04,289.5,58607592,141.91176470588235,77.5971397669481
1783209600,296,289,36375094,22098848,565,Blood rune,2026-07-05,292.5,58473942,143.38235294117646,77.42018559811189
1783296000,300,295,33033844,17967114,565,Blood rune,2026-07-06,297.5,51000958,145.83333333333331,67.52586706128875
1783382400,309,302,35396673,18648917,565,Blood rune,2026-07-07,305.5,54045590,149.7549019607843,71.55699556837573
1783468800,312,306,34624312,18497470,565,Blood rune,2026-07-08,309.0,53121782,151.47058823529412,70.33386293235435
1783555200,315,309,37508231,18098595,565,Blood rune,2026-07-09,312.0,55606826,152.94117647058823,73.62409035877747
1783641600,316,311,36706209,15941988,565,Blood rune,2026-07-10,313.5,52648197,153.6764705882353,69.70683083322751
1783728000,319,313,37165900,18254591,565,Blood rune,2026-07-11,316.0,55420491,154.90196078431373,73.37738063150401
1783814400,323,316,41924380,18416644,565,Blood rune,2026-07-12,319.5,60341024,156.61764705882354,79.89222408265417
1783900800,330,324,35319293,17741646,565,Blood rune,2026-07-13,327.0,53060939,160.29411764705884,70.2533060861553
1783987200,331,325,37952568,21191644,565,Blood rune,2026-07-14,328.0,59144212,160.7843137254902,78.30763094600456
1784073600,329,323,34472276,13087872,565,Blood rune,2026-07-15,326.0,47560148,159.80392156862746,62.970194231708696
1784160000,335,328,30755294,18327603,565,Blood rune,2026-07-16,331.5,49082897,162.5,64.98633178233491
1784246400,337,331,32431213,17076249,565,Blood rune,2026-07-17,334.0,49507462,163.72549019607843,65.54846082604574
1784332800,342,335,39788518,20928244,565,Blood rune,2026-07-18,338.5,60716762,165.9313725490196,80.38970560521447
1784419200,344,340,36550958,17371920,565,Blood rune,2026-07-19,342.0,53922878,167.64705882352942,71.39452343993405
1784505600,355,350,35324721,19419242,565,Blood rune,2026-07-20,352.5,54743963,172.79411764705884,72.48164961815246
1784592000,363,356,35645568,21860353,565,Blood rune,2026-07-21,359.5,57505921,176.22549019607843,76.13851443110093
1784678400,363,357,40261967,20774123,565,Blood rune,2026-07-22,360.0,61036090,176.47058823529412,80.81249962561205
1784764800,356,349,38617906,15939008,565,Blood rune,2026-07-23,352.5,54556914,172.79411764705884,72.2339945464978
1784851200,356,349,34691137,16928991,565,Blood rune,2026-07-24,352.5,51620128,172.79411764705884,68.34565540934955
1784937600,357,351,36676836,18105744,565,Blood rune,2026-07-25,354.0,54782580,173.52941176470588,72.53277897945398
1785024000,363,357,40994875,19430488,565,Blood rune,2026-07-26,360.0,60425363,176.47058823529412,80.0038899086585
1785110400,366,360,32365514,19051798,565,Blood rune,2026-07-27,363.0,51417312,177.94117647058823,68.07712464461562
1785196800,369,362,32700152,17804972,565,Blood rune,2026-07-28,365.5,50505124,179.16666666666669,66.86937702499439
1785283200,366,359,35844556,15267770,565,Blood rune,2026-07-29,362.5,51112326,177.69607843137254,67.6733196005701
1785369600,364,359,36510653,17287054,565,Blood rune,2026-07-30,361.5,53797707,177.20588235294116,71.22879556662764
1785456000,364,358,36342539,17399731,565,Blood rune,2026-07-31,361.0,53742270,176.96078431372547,71.15539632788635
1785542400,369,363,36991402,20071907,565,Blood rune,2026-08-01,366.0,57063309,179.41176470588235,75.55249094754734
1785628800,373,365,41865863,22463308,565,Blood rune,2026-08-02,369.0,64329171,180.88235294117646,85.17257752509101
1785715200,379,373,33815597,19377070,565,Blood rune,2026-08-03,376.0,53192667,184.31372549019608,70.42771550443034
1785801600,375,369,36885775,16021367,565,Blood rune,2026-08-04,372.0,52907142,182.35294117647058,70.04967705282567
1785888000,377,372,33675358,15922587,565,Blood rune,2026-08-05,374.5,49597945,183.578431372549,65.66826138017076
1785974400,374,371,36824385,18214645,565,Blood rune,2026-08-06,372.5,55039030,182.59803921568627,72.87232178976487
1786060800,371,364,44303368,16122915,565,Blood rune,2026-08-07,367.5,60426283,180.14705882352942,80.00510799945782
1786147200,367,361,43449196,18806699,565,Blood rune,2026-08-08,364.0,62255895,178.4313725490196,82.42753576416251
1786233600,369,363,42786324,18517536,565,Blood rune,2026-08-09,366.0,61303860,179.41176470588235,81.16703024880152
1786320000,367,360,34043663,19367016,565,Blood rune,2026-08-10,363.5,53410679,178.18627450980392,70.71636595154088
1786406400,366,361,33811225,16870726,565,Blood rune,2026-08-11,363.5,50681951,178.18627450980392,67.1034980486592
1786492800,366,361,30249781,13455329,565,Blood rune,2026-08-12,363.5,43705110,178.18627450980392,57.866078667757606
1786579200,366,362,29313636,16894588,565,Blood rune,2026-08-13,364.0,46208224,178.4313725490196,61.18023098629347
1786665600,369,364,31262286,15454436,565,Blood rune,2026-08-14,366.5,46716722,179.65686274509804,61.85348830724284
1786752000,374,368,38087864,20267856,565,Blood rune,2026-08-15,371.0,58355720,181.86274509803923,77.26365828237559
1786838400,379,373,46596940,22543252,565,Blood rune,2026-08-16,376.0,69140192,184.31372549019608,91.54242580274628
1786924800,376,370,33926637,15944302,565,Blood rune,2026-08-17,373.0,49870939,182.84313725490196,66.02970864068162
1787011200,373,366,38943128,16950468,565,Blood rune,2026-08-18,369.5,55893596,181.12745098039215,74.00377720499644
1787097600,355,348,43728553,19830516,565,Blood rune,2026-08-19,351.5,63559069,172.30392156862746,84.15295343733109
1787184000,346,339,41957313,18962776,565,Blood rune,2026-08-20,342.5,60920089,167.8921568627451,80.65891293994672
1787270400,333,327,42345814,18540150,565,Blood rune,2026-08-21,330.0,60885964,161.76470588235296,80.61373103937404
1787356800,332,326,31627305,14442985,565,Blood rune,2026-08-22,329.0,46070290,161.27450980392157,60.99760475116997
1787443200,341,336,29739387,16793298,565,Blood rune,2026-08-23,338.5,46532685,165.9313725490196,61.609821158944214
1787529600,353,346,21037575,18589806,565,Blood rune,2026-08-24,349.5,39627381,171.3235294117647,52.46711760577202
1787616000,359,353,21948784,14605992,565,Blood rune,2026-08-25,356.0,36554776,174.50980392156862,48.39895251832698
1756166400,2061,2025,3864140,1275156,536,Dragon bones,2025-08-26,2043.0,5139296,100.0,109.46421943602323
1756252800,2079,2046,2858660,1733880,536,Dragon bones,2025-08-27,2062.5,4592540,100.95447870778267,97.81861296347088
1756339200,2068,2040,2844692,1580578,536,Dragon bones,2025-08-28,2054.0,4425270,100.53842388644149,94.25585261943473
1756425600,2054,2020,3240021,1651352,536,Dragon bones,2025-08-29,2037.0,4891373,99.70631424375918,104.183593903803
1756512000,2067,2030,2724857,1832810,536,Dragon bones,2025-08-30,2048.5,4557667,100.26921194322075,97.07583696372453
1756598400,2063,2033,2442317,1712831,536,Dragon bones,2025-08-31,2048.0,4155148,100.24473813020069,88.50240041849176
1756684800,2060,2027,3344972,1758420,536,Dragon bones,2025-09-01,2043.5,5103392,100.02447381302007,108.6994836950519
1756771200,2071,2038,2401598,1506537,536,Dragon bones,2025-09-02,2054.5,3908135,100.56289769946159,83.24115739307535
1756857600,2055,2022,2412318,1481283,536,Dragon bones,2025-09-03,2038.5,3893601,99.77973568281938,82.93159107012312
1756944000,2040,2008,3167079,1261341,536,Dragon bones,2025-09-04,2024.0,4428420,99.0699951052374,94.32294591221715
1757030400,2054,2019,2241340,1496069,536,Dragon bones,2025-09-05,2036.5,3737409,99.68184043073911,79.60478612210079
1757116800,2068,2028,2715313,2159111,536,Dragon bones,2025-09-06,2048.0,4874424,100.24473813020069,103.82258938971758
1757203200,2091,2057,2755926,1922755,536,Dragon bones,2025-09-07,2074.0,4678681,101.51737640724426,99.65336957730251
1757289600,2107,2072,2217928,1515116,536,Dragon bones,2025-09-08,2089.5,3733044,102.27606461086638,79.5118139878166
1757376000,2139,2102,2461367,1495952,536,Dragon bones,2025-09-09,2120.5,3957319,103.79344101811063,84.2887499366341
1757462400,2154,2118,2301903,1720064,536,Dragon bones,2025-09-10,2136.0,4021967,104.55212922173274,85.66571729910945
1757548800,2164,2128,2500142,1406586,536,Dragon bones,2025-09-11,2146.0,3906728,105.04160548213413,83.21118905563254
1757635200,2163,2133,2155548,1372863,536,Dragon bones,2025-09-12,2148.0,3528411,105.13950073421438,75.15324199354895
1757721600,2174,2141,2750326,1622647,536,Dragon bones,2025-09-13,2157.5,4372973,105.60450318159569,93.14195486304054
1757808000,2197,2166,2855320,1524357,536,Dragon bones,2025-09-14,2181.5,4379677,106.77924620655898,93.28474642964792
1757894400,2196,2167,2302693,1437544,536,Dragon bones,2025-09-15,2181.5,3740237,106.77924620655898,79.66502098939877
1757980800,2188,2156,2142758,1111783,536,Dragon bones,2025-09-16,2172.0,3254541,106.31424375917769,69.3199594239239
1758067200,2174,2126,2615230,1748238,536,Dragon bones,2025-09-17,2150.0,4363468,105.23739598629467,92.93950351450187
1758153600,2173,2142,2881387,1431697,536,Dragon bones,2025-09-18,2157.5,4313084,105.60450318159569,91.86635162131171
1758240000,2306,2261,2172631,1589004,536,Dragon bones,2025-09-19,2283.5,3761635,111.77190406265296,80.1207867922426
1758326400,2384,2339,3208097,2361712,536,Dragon bones,2025-09-20,2361.5,5569809,115.58981889378366,118.63391300924037
1758412800,2469,2419,2236183,2111399,536,Dragon bones,2025-09-21,2444.0,4347582,119.62799804209496,92.60114032429824
1758499200,2542,2494,2744151,1960346,536,Dragon bones,2025-09-22,2518.0,4704497,123.2501223690651,100.20323638570592
1758585600,2580,2550,2391516,1537461,536,Dragon bones,2025-09-23,2565.0,3928977,125.55066079295155,83.68508069725664
1758672000,2580,2546,2443461,1718268,536,Dragon bones,2025-09-24,2563.0,4161729,125.45276554087125,88.64257215176193
1758758400,2526,2484,2950875,1406114,536,Dragon bones,2025-09-25,2505.0,4356989,122.61380323054331,92.80150432595036
1758844800,2420,2382,2758742,1004569,536,Dragon bones,2025-09-26,2401.0,3763311,117.52325012236906,80.15648468389445
1758931200,2448,2415,2903964,1724609,536,Dragon bones,2025-09-27,2431.5,4628573,119.01615271659325,98.58609633452758
1759017600,2477,2442,2622377,1692713,536,Dragon bones,2025-09-28,2459.5,4315090,120.38668624571709,91.90907833411218
1759104000,2526,2476,2044076,1218304,536,Dragon bones,2025-09-29,2501.0,3262380,122.41801272638277,69.486925875391
1759190400,2524,2484,1864783,1284013,536,Dragon bones,2025-09-30,2504.0,3148796,122.56485560450318,67.06764823494738
1759276800,2516,2475,1757006,1298737,536,Dragon bones,2025-10-01,2495.5,3055743,122.14880078316202,65.08566976723891
1759363200,2502,2462,2056768,1172903,536,Dragon bones,2025-10-02,2482.0,3229671,121.48800783162017,68.79024190281325
1759449600,2489,2447,2607435,1245372,536,Dragon bones,2025-10-03,2468.0,3852807,120.80274106705824,82.06270097940386
1759536000,2525,2484,2468701,1509564,536,Dragon bones,2025-10-04,2504.5,3978265,122.58932941752325,84.73488838445012
1759622400,2523,2490,2698950,1605976,536,Dragon bones,2025-10-05,2506.5,4304926,122.68722466960354,91.69259064273427
1759708800,2545,2511,2217152,1360668,536,Dragon bones,2025-10-06,2528.0,3577820,123.73959862946646,76.20562691516359
1759795200,2521,2484,2655478,1423293,536,Dragon bones,2025-10-07,2502.5,4078771,122.49143416544297,86.87561171282756
1759881600,2493,2447,2542659,1224984,536,Dragon bones,2025-10-08,2470.0,3767643,120.90063631913853,80.24875393606378
1759968000,2512,2474,1741526,1286336,536,Dragon bones,2025-10-09,2493.0,3027862,122.02643171806167,64.49181957801149
1760054400,2503,2453,2693159,1316832,536,Dragon bones,2025-10-10,2478.0,4009991,121.29221732745962,85.41063498978812
1760140800,2465,2411,2521863,1396827,536,Dragon bones,2025-10-11,2438.0,3918690,119.33431228585414,83.4659731725415
1760227200,2408,2363,2831580,1379334,536,Dragon bones,2025-10-12,2385.5,4210914,116.76456191874694,89.69018599477872
1760313600,2340,2302,2764441,1423893,536,Dragon bones,2025-10-13,2321.0,4188334,113.6074400391581,89.20924423254797
1760400000,2278,2237,2487042,1122910,536,Dragon bones,2025-10-14,2257.5,3609952,110.4992657856094,76.89002110046023
1760486400,2212,2173,2203769,1242956,536,Dragon bones,2025-10-15,2192.5,3446725,107.31767009300049,73.41337446522385
1760572800,2189,2141,2520410,958643,536,Dragon bones,2025-10-16,2165.0,3479053,105.97161037689673,74.10194334429363
1760659200,2143,2093,2382582,1090119,536,Dragon bones,2025-10-17,2118.0,3472701,103.67107195301028,73.96664918691145
1760745600,2107,2063,2144952,905184,536,Dragon bones,2025-10-18,2085.0,3050136,102.05580029368575,64.96624370608622
1760832000,2092,2056,2477166,1267156,536,Dragon bones,2025-10-19,2074.0,3744322,101.51737640724426,79.75202927543565
1760918400,2089,2048,2274523,1101144,536,Dragon bones,2025-10-20,2068.5,3375667,101.24816446402349,71.89987757680083
1761004800,2085,2051,1854724,1087111,536,Dragon bones,2025-10-21,2068.0,2941835,101.22369065100342,62.65949110239484
1761091200,2103,2068,1806820,1179569,536,Dragon bones,2025-10-22,2085.5,2986389,102.08027410670582,63.60846715529246
1761177600,2105,2065,2079538,1153001,536,Dragon bones,2025-10-23,2085.0,3232539,102.05580029368575,68.85132874843228
1761264000,2089,2054,2462461,1164497,536,Dragon bones,2025-10-24,2071.5,3626958,101.39500734214391,77.25223968365314
1761350400,2078,2041,2371324,1336655,536,Dragon bones,2025-10-25,2059.5,3707979,100.80763582966226,78.97794307239083
1761436800,2069,2036,2302556,1635843,536,Dragon bones,2025-10-26,2052.5,3938399,100.4650024473813,83.88576419077913
1761523200,2089,2046,2641547,1713995,536,Dragon bones,2025-10-27,2067.5,4355542,101.19921683798336,92.7706840101865
1761609600,2061,2030,2803604,1129258,536,Dragon bones,2025-10-28,2045.5,3932862,100.12236906510034,83.76782909168826
1761696000,2041,2009,2329845,1015278,536,Dragon bones,2025-10-29,2025.0,3345123,99.11894273127754,71.24930693084973
1761782400,2019,1990,2622227,850274,536,Dragon bones,2025-10-30,2004.5,3472501,98.11551639745473,73.96238929530622
1761868800,1997,1957,2625739,1232340,536,Dragon bones,2025-10-31,1977.0,3858079,96.76945668135095,82.17499172211777
1761955200,1956,1921,3250955,1282609,536,Dragon bones,2025-11-01,1938.5,4533564,94.88497307880567,96.56245612691995
1762041600,1938,1904,2744166,1339559,536,Dragon bones,2025-11-02,1921.0,4083725,94.02838962310328,86.98112922788917
1762128000,1953,1915,2201389,1583612,536,Dragon bones,2025-11-03,1934.0,3785001,94.66470876162506,80.6184699284819
1762214400,1930,1902,1963658,1287090,536,Dragon bones,2025-11-04,1916.0,3250748,93.78365149290259,69.23917057963067
1762300800,1913,1889,2383779,1369274,536,Dragon bones,2025-11-05,1901.0,3753053,93.04943710230053,79.93799484346206
1762387200,1961,1933,2211027,1259761,536,Dragon bones,2025-11-06,1947.0,3470788,95.30102790014683,73.9259033237074
1762473600,1987,1954,2602120,1623672,536,Dragon bones,2025-11-07,1970.5,4225792,96.45129711209006,90.00707933129195
1762560000,1992,1963,2821604,1787183,536,Dragon bones,2025-11-08,1977.5,4608787,96.79393049437103,98.16466525802194
1762646400,2038,1995,3142763,1790147,536,Dragon bones,2025-11-09,2016.5,4932910,98.70288790993636,105.06830949183569
1762732800,2031,1998,2275008,1206685,536,Dragon bones,2025-11-10,2014.5,3481693,98.60499265785609,74.1581739134827
1762819200,2012,1970,2246191,1607685,536,Dragon bones,2025-11-11,1991.0,3853876,97.45472344591288,82.08547010003382
1762905600,2019,1986,1672312,1073487,536,Dragon bones,2025-11-12,2002.5,2745799,98.01762114537445,58.4840305487781
1762992000,2015,1986,1788371,1207742,536,Dragon bones,2025-11-13,2000.5,2996113,97.91972589329417,63.81558308513886
1763078400,1978,1943,3115446,1422921,536,Dragon bones,2025-11-14,1960.5,4538367,95.9618208516887,96.66475742381961
1763164800,1941,1898,3498470,1606837,536,Dragon bones,2025-11-15,1919.5,5105307,93.95496818404308,108.74027215717199
1763251200,1925,1893,3158275,1563438,536,Dragon bones,2025-11-16,1909.0,4721713,93.44101811062163,100.56992785508434
1763337600,1914,1884,2081257,1214345,536,Dragon bones,2025-11-17,1899.0,3295602,92.95154185022027,70.19453646993615
1763424000,1882,1842,2930271,1722475,536,Dragon bones,2025-11-18,1862.0,4652746,91.1404796867352,99.100968133394
1763510400,1869,1836,1382367,900057,536,Dragon bones,2025-11-19,1852.5,2282424,90.6754772393539,48.614394185905205
1763596800,1788,1744,1421825,750605,536,Dragon bones,2025-11-20,1766.0,2172430,86.44150758688204,46.271581599775516
1763683200,1759,1730,2385015,880580,536,Dragon bones,2025-11-21,1744.5,3265595,85.38913362701909,69.5554036329451
1763769600,1752,1723,2385428,1257954,536,Dragon bones,2025-11-22,1737.5,3643382,85.04650024473813,77.60206198227483
1763856000,1757,1721,2121489,1425424,536,Dragon bones,2025-11-23,1739.0,3546913,85.11992168379834,75.547324565949
1763942400,1765,1719,1996115,1308950,536,Dragon bones,2025-11-24,1742.0,3305065,85.26676456191875,70.39609324123772
1764028800,1763,1731,1610620,860201,536,Dragon bones,2025-11-25,1747.0,2470821,85.51150269211944,52.627148179660075
1764115200,1747,1723,2186988,948257,536,Dragon bones,2025-11-26,1735.0,3135245,84.92413117963778,66.77901927923486
1764201600,1712,1668,2181384,1114526,536,Dragon bones,2025-11-27,1690.0,3295910,82.72148800783162,70.20109670300822
1764288000,1635,1597,2560163,1090787,536,Dragon bones,2025-11-28,1616.0,3650950,79.09936368086147,77.76325628061683
1764374400,1621,1591,2721466,1117365,536,Dragon bones,2025-11-29,1606.0,3838831,78.60988742046011,81.7650197540302
1764460800,1628,1608,2160931,1271426,536,Dragon bones,2025-11-30,1618.0,3432357,79.19725893294175,73.10734385230397
1764547200,1592,1569,2979869,1256796,536,Dragon bones,2025-12-01,1580.5,4236665,77.36172295643662,90.23866833841042
1764633600,1578,1549,2895747,1332285,536,Dragon bones,2025-12-02,1563.5,4228032,76.52961331375428,90.05479011727056
1764720000,1597,1564,1922885,1482995,536,Dragon bones,2025-12-03,1580.5,3405880,77.36172295643662,72.54339810214526
1764806400,1590,1569,1744934,1073176,536,Dragon bones,2025-12-04,1579.5,2818110,77.31277533039648,60.02421565810791
1764892800,1587,1571,1999284,1058400,536,Dragon bones,2025-12-05,1579.0,3057684,77.28830151737641,65.1270120152677
1764979200,1578,1553,2890962,1350079,536,Dragon bones,2025-12-06,1565.5,4241041,76.62750856583456,90.3318747667329
1765065600,1554,1519,3093475,1535539,536,Dragon bones,2025-12-07,1536.5,4629014,75.20802741067058,98.59548939551712
1765152000,1538,1505,3384620,1409944,536,Dragon bones,2025-12-08,1521.5,4794564,74.47381302006852,102.12161467174828
1765238400,1544,1521,2091233,1067257,536,Dragon bones,2025-12-09,1532.5,3158490,75.01223690651003,67.274125181053
1765324800,1550,1523,1917766,1369929,536,Dragon bones,2025-12-10,1536.5,3287695,75.20802741067058,70.0261216553233
1765411200,1547,1523,1607167,1090430,536,Dragon bones,2025-12-11,1535.0,2697597,75.13460597161038,57.457354073001035
1765497600,1538,1513,2309213,1193338,536,Dragon bones,2025-12-12,1525.5,3502551,74.66960352422907,74.6024380089924
1765584000,1534,1512,2394204,1432716,536,Dragon bones,2025-12-13,1523.0,3826920,74.54723445912873,81.5113219094806
1765670400,1532,1509,2327936,1358560,536,Dragon bones,2025-12-14,1520.5,3686496,74.42486539402839,78.52036681561479
1765756800,1528,1504,2204529,1390156,536,Dragon bones,2025-12-15,1516.0,3594685,74.20460107684778,76.56484227477482
1765843200,1513,1498,2232050,1062073,536,Dragon bones,2025-12-16,1505.5,3294123,73.69065100342634,70.16303457151545
1765929600,1489,1455,3023099,1326930,536,Dragon bones,2025-12-17,1472.0,4350029,72.05090553108174,92.65326009808827
1766016000,1460,1435,2961192,1165404,536,Dragon bones,2025-12-18,1447.5,4126596,70.85168869309838,87.89425829292877
1766102400,1469,1443,2557735,1768587,536,Dragon bones,2025-12-19,1456.0,4326322,71.26774351443956,92.14831384666205
1766188800,1469,1452,2699106,1274102,536,Dragon bones,2025-12-20,1460.5,3973208,71.48800783162017,84.62717702521181
1766275200,1481,1459,2159448,1390668,536,Dragon bones,2025-12-21,1470.0,3550116,71.95301027900148,75.6155467300068
1766361600,1459,1428,4006082,1638436,536,Dragon bones,2025-12-22,1443.5,5644518,70.65589818893784,120.22517421891692
1766448000,1450,1425,2993736,1242573,536,Dragon bones,2025-12-23,1437.5,4236309,70.362212432697,90.2310857313531
1766534400,1463,1444,2748391,1274153,536,Dragon bones,2025-12-24,1453.5,4022544,71.1453744493392,85.67800708639054
1766620800,1471,1447,2634804,1135312,536,Dragon bones,2025-12-25,1459.0,3770116,71.41458639255997,80.30142749576248
1766707200,1461,1438,2772465,1413520,536,Dragon bones,2025-12-26,1449.5,4185985,70.94958394517866,89.15921180564452
1766793600,1465,1444,2446313,1460334,536,Dragon bones,2025-12-27,1454.5,3906647,71.19432207537935,83.20946379953243
1766880000,1461,1441,3263316,1590496,536,Dragon bones,2025-12-28,1451.0,4853812,71.02300538423887,103.38356496088232
1766966400,1481,1458,2384398,1700514,536,Dragon bones,2025-12-29,1469.5,4084912,71.9285364659814,87.00641168456623
1767052800,1514,1486,2756280,1612391,536,Dragon bones,2025-12-30,1500.0,4368671,73.42143906020559,93.05032459461198
1767139200,1509,1487,3232808,1678134,536,Dragon bones,2025-12-31,1498.0,4910942,73.32354380812531,104.60040299791697
1767225600,1503,1477,3305365,1445389,536,Dragon bones,2026-01-01,1490.0,4750754,72.93196279980421,101.18848541562211
1767312000,1510,1488,2803414,1405757,536,Dragon bones,2026-01-02,1499.0,4209171,73.37249143416544,89.65306103943911
1767398400,1527,1502,3550793,1969503,536,Dragon bones,2026-01-03,1514.5,5520296,74.13117963778757,117.579312943991
1767484800,1537,1512,3894819,2396482,536,Dragon bones,2026-01-04,1524.5,6291301,74.62065589818894,134.0013015794522
1767571200,1576,1543,3342568,2469141,536,Dragon bones,2026-01-05,1559.5,5811709,76.33382280959373,123.78625190576902
1767657600,1569,1547,3145796,1419186,536,Dragon bones,2026-01-06,1558.0,4564982,76.26040137053353,97.23164249918591
1767744000,1589,1566,2808530,1565768,536,Dragon bones,2026-01-07,1577.5,4374298,77.21488007831621,93.17017664492519
1767830400,1607,1578,3094380,1649839,536,Dragon bones,2026-01-08,1592.5,4744219,77.94909446891826,101.04929345742113
1767916800,1594,1571,3297011,1507934,536,Dragon bones,2026-01-09,1582.5,4804945,77.45961820851689,102.34272434551785
1768003200,1592,1569,3607191,1603738,536,Dragon bones,2026-01-10,1580.5,5210929,77.36172295643662,110.9899635128113
1768089600,1593,1569,3914233,1674502,536,Dragon bones,2026-01-11,1581.0,5588735,77.38619676945669,119.03702655184351
1768176000,1598,1576,2996555,1440419,536,Dragon bones,2026-01-12,1587.0,4436974,77.67988252569751,94.50514147617294
1768262400,1586,1562,3898474,1375702,536,Dragon bones,2026-01-13,1574.0,5274176,77.04356338717572,112.33709033459198
1768348800,1581,1559,2891948,1497991,536,Dragon bones,2026-01-14,1570.0,4389939,76.84777288301518,93.5033214679124
1768435200,1585,1561,3063068,1395842,536,Dragon bones,2026-01-15,1573.0,4458910,76.99461576113559,94.97236638743483
1768521600,1587,1567,3109904,1593828,536,Dragon bones,2026-01-16,1577.0,4703732,77.19040626529613,100.1869423003159
1768608000,1583,1568,4491783,1818690,536,Dragon bones,2026-01-17,1575.5,6310473,77.11698482623592,134.40965478872977
1768694400,1588,1572,4560615,1696608,536,Dragon bones,2026-01-18,1580.0,6257223,77.33724914341654,133.27545864883663
1768780800,1576,1551,4478101,1483783,536,Dragon bones,2026-01-19,1563.5,5961884,76.52961331375428,126.98489801484791
1768867200,1605,1582,3093937,1855621,536,Dragon bones,2026-01-20,1593.5,4949558,77.9980420949584,105.42290286905525
1768953600,1609,1589,3216957,1725556,536,Dragon bones,2026-01-21,1599.0,4942513,78.26725403817915,105.27284818726095
1769040000,1683,1664,3067011,2055016,536,Dragon bones,2026-01-22,1673.5,5122027,81.91385217816935,109.0963990953694
1769126400,1783,1753,4144770,2129059,536,Dragon bones,2026-01-23,1768.0,6273829,86.5394028389623,133.62915744881906
1769212800,1781,1753,3572530,2154096,536,Dragon bones,2026-01-24,1767.0,5726626,86.49045521292217,121.97403011852906
1769299200,1810,1784,3935172,2381387,536,Dragon bones,2026-01-25,1797.0,6316559,87.95888399412628,134.539283290277
1769385600,1831,1807,3181393,2070834,536,Dragon bones,2026-01-26,1819.0,5252227,89.0357317670093,111.86958853037574
1769472000,1883,1858,3238360,1905467,536,Dragon bones,2026-01-27,1870.5,5143827,91.55653450807635,109.56072728033976
1769558400,1894,1865,2747564,2195811,536,Dragon bones,2026-01-28,1879.5,4943375,91.9970631424376,105.2912083200795
1769644800,1948,1918,2067412,1781102,536,Dragon bones,2026-01-29,1933.0,3848514,94.61576113558492,81.97126240609754
1769731200,1963,1927,3117768,2612200,536,Dragon bones,2026-01-30,1945.0,5729968,95.20313264806657,122.0452129072525
1769817600,1966,1954,3391623,1546581,536,Dragon bones,2026-01-31,1960.0,4938204,95.93734703866863,105.18106882262622
1769904000,1955,1930,3484358,2185131,536,Dragon bones,2026-02-01,1942.5,5669489,95.08076358296623,120.75704298528822
1769990400,1978,1959,2131736,1452429,536,Dragon bones,2026-02-02,1968.5,3584165,96.3534018600098,76.3407719763396
1770076800,1982,1961,1541653,1641898,536,Dragon bones,2026-02-03,1971.5,3183551,96.5002447381302,67.80791089864665
1770163200,1985,1972,2024980,1116865,536,Dragon bones,2026-02-04,1978.5,3141845,96.84287812041116,66.91959570220753
1770249600,1983,1966,2189009,1527708,536,Dragon bones,2026-02-05,1974.5,3716717,96.64708761625062,79.16405773662343
1770336000,2038,2005,2158790,1907751,536,Dragon bones,2026-02-06,2021.5,4066541,98.94762604013705,86.6151193411676
1770422400,2063,2031,2802679,2073443,536,Dragon bones,2026-02-07,2047.0,4876122,100.19579050416054,103.85875586944601
1770508800,2070,2050,2445631,1779731,536,Dragon bones,2026-02-08,2060.0,4225362,100.83210964268233,89.9979205643407
1770595200,2064,2039,1958398,1789360,536,Dragon bones,2026-02-09,2051.5,3747758,100.41605482134118,79.82521421321354
1770681600,2071,2051,1783297,1449296,536,Dragon bones,2026-02-10,2061.0,3232593,100.88105726872247,68.85247891916569
1770768000,2052,2034,2276238,1540232,536,Dragon bones,2026-02-11,2043.0,3816470,100.0,81.2887425731072
1770854400,2072,2053,2145196,1244359,536,Dragon bones,2026-02-12,2062.5,3389555,100.95447870778267,72.19568444986817
1770940800,2079,2057,2196647,1289586,536,Dragon bones,2026-02-13,2068.0,3486233,101.22369065100342,74.25487345292147
1771027200,2081,2066,2319559,1311191,536,Dragon bones,2026-02-14,2073.5,3630750,101.49290259422419,77.33300722848836
1771113600,2082,2068,2496930,1622842,536,Dragon bones,2026-02-15,2075.0,4119772,101.56632403328439,87.74891079135824
1771200000,2095,2073,2354186,1420753,536,Dragon bones,2026-02-16,2084.0,3774939,102.00685266764562,80.40415478182265
1771286400,2147,2106,1975894,1703135,536,Dragon bones,2026-02-17,2126.5,3679029,104.08712677435143,78.36132376253344
1771372800,2181,2141,2194871,1470878,536,Dragon bones,2026-02-18,2161.0,3665749,105.77581987273616,78.078466959946
1771459200,2181,2161,1271869,1447786,536,Dragon bones,2026-02-19,2171.0,2719655,106.26529613313753,57.927177518142116
1771545600,2218,2183,1618275,1727863,536,Dragon bones,2026-02-20,2200.5,3346138,107.70925110132158,71.27092588074629
1771632000,2235,2208,2824115,1728742,536,Dragon bones,2026-02-21,2221.5,4552857,108.73715124816445,96.97338657061869
1771718400,2205,2181,3281808,2620362,536,Dragon bones,2026-02-22,2193.0,5902170,107.34214390602055,125.71302217827368
1771804800,2279,2241,2346560,1913676,536,Dragon bones,2026-02-23,2260.0,4260236,110.62163485070975,90.74071786354509
1771891200,2303,2262,1924470,1815475,536,Dragon bones,2026-02-24,2282.5,3739945,111.72295643661283,79.65880154765513
1771977600,2251,2225,3167705,1817610,536,Dragon bones,2026-02-25,2238.0,4985315,109.54478707782673,106.18450758969674
1772064000,2140,2133,2706982,1516221,536,Dragon bones,2026-02-26,2136.5,4223203,104.57660303475282,89.95193503446221
1772150400,2087,2066,2702330,1386668,536,Dragon bones,2026-02-27,2076.5,4088998,101.6397454723446,87.09344127006112
1772236800,2128,2107,2210211,1903966,536,Dragon bones,2026-02-28,2117.5,4114177,103.64659813999022,87.62974032370187
1772323200,2070,2050,2394208,1890657,536,Dragon bones,2026-03-01,2060.0,4284865,100.83210964268233,91.26530221527143
1772409600,2100,2083,1899187,1607529,536,Dragon bones,2026-03-02,2091.5,3506716,102.37395986294663,74.69115025167136
1772496000,2162,2131,1668984,1416820,536,Dragon bones,2026-03-03,2146.5,3085804,105.0660792951542,65.72595277496337
1772582400,2161,2145,1190047,1394720,536,Dragon bones,2026-03-04,2153.0,2584767,105.38423886441508,55.054136223909154
1772668800,2164,2156,1522923,1392420,536,Dragon bones,2026-03-05,2160.0,2915343,105.72687224669603,62.095225860365744
1772755200,2229,2185,1465643,1817981,536,Dragon bones,2026-03-06,2207.0,3283624,108.02741067058248,69.93941156169879
1772841600,2217,2195,1716781,1691834,536,Dragon bones,2026-03-07,2206.0,3408615,107.97846304454235,72.60165211984682
1772928000,2201,2168,2490466,1961592,536,Dragon bones,2026-03-08,2184.5,4452058,106.9260890846794,94.82642250103956
1773014400,2143,2130,2478295,1569311,536,Dragon bones,2026-03-09,2136.5,4047606,104.57660303475282,86.21181410344222
1773100800,2208,2180,1602288,1647638,536,Dragon bones,2026-03-10,2194.0,3249926,107.3910915320607,69.22166242513316
1773187200,2207,2184,1552761,1496956,536,Dragon bones,2026-03-11,2195.5,3049717,107.4645129711209,64.95731923317327
1773273600,2220,2195,1551050,1354308,536,Dragon bones,2026-03-12,2207.5,2905358,108.05188448360255,61.88255077197452
1773360000,2223,2208,1492007,1484077,536,Dragon bones,2026-03-13,2215.5,2976084,108.44346549192365,63.38897624033286
1773446400,2224,2201,1662721,1341328,536,Dragon bones,2026-03-14,2212.5,3004049,108.29662261380324,63.984615584034486
1773532800,2191,2157,2455624,1558636,536,Dragon bones,2026-03-15,2174.0,4014260,106.41213901125795,85.50156237610182
1773619200,2210,2170,1398414,1414765,536,Dragon bones,2026-03-16,2190.0,2813179,107.19530102790014,59.91918803058092
1773705600,2224,2201,1056971,1355504,536,Dragon bones,2026-03-17,2212.5,2412475,108.29662261380324,51.384410001665614
1773792000,2223,2202,1189288,1329194,536,Dragon bones,2026-03-18,2212.5,2518482,108.29662261380324,53.642301648644995
1773878400,2224,2213,1576094,1493210,536,Dragon bones,2026-03-19,2218.5,3069304,108.59030837004404,65.3745117175317
1773964800,2266,2234,1586192,1668330,536,Dragon bones,2026-03-20,2250.0,3254522,110.13215859030836,69.31955473422141
1774051200,2260,2223,2005570,1369051,536,Dragon bones,2026-03-21,2241.5,3374621,109.71610376896722,71.87759834370546
1774137600,2233,2212,1646973,1306441,536,Dragon bones,2026-03-22,2222.5,2953414,108.78609887420461,62.90611752687977
1774224000,2294,2254,1412968,1737986,536,Dragon bones,2026-03-23,2274.0,3150954,111.30690161527166,67.11361246536785
1774310400,2308,2283,1312281,1256137,536,Dragon bones,2026-03-24,2295.5,2568418,112.3592755751346,54.70591138463943
1774396800,2280,2244,1404846,1161953,536,Dragon bones,2026-03-25,2262.0,2566799,110.71953010279,54.671427562095076
1774483200,2257,2219,1751182,1182092,536,Dragon bones,2026-03-26,2238.0,2933274,109.54478707782673,62.47714644223286
1774569600,2275,2247,1437179,1291175,536,Dragon bones,2026-03-27,2261.0,2728354,110.67058247674989,58.1124615035117
1774656000,2281,2249,1566983,1544923,536,Dragon bones,2026-03-28,2265.0,3111906,110.86637298091043,66.28191122836226
1774742400,2273,2248,1824513,1869223,536,Dragon bones,2026-03-29,2260.5,3693736,110.64610866372982,78.6745748917242
1774828800,2287,2263,1305597,1413982,536,Dragon bones,2026-03-30,2275.0,2719579,111.35584924131179,57.92555875933213
1774915200,2328,2284,1186527,1439965,536,Dragon bones,2026-03-31,2306.0,2626492,112.87322564855604,55.942856110050776
1775001600,2322,2301,1432593,1079241,536,Dragon bones,2026-04-01,2311.5,2511834,113.1424375917768,53.500702851687066
1775088000,2330,2313,1379813,1029116,536,Dragon bones,2026-04-02,2321.5,2408929,113.63191385217817,51.30888212350485
1775174400,2355,2327,1481845,1441076,536,Dragon bones,2026-04-03,2341.0,2922921,114.58639255996084,62.256633153288
1775260800,2394,2358,1444138,1272837,536,Dragon bones,2026-04-04,2376.0,2716975,116.29955947136563,57.870094970632
1775347200,2397,2373,1517094,1407235,536,Dragon bones,2026-04-05,2385.0,2924329,116.74008810572687,62.28662279018884
1775433600,2408,2386,1225293,1144566,536,Dragon bones,2026-04-06,2397.0,2369859,117.32745961820852,50.47671229842269
1775520000,2411,2385,1093146,1004648,536,Dragon bones,2026-04-07,2398.0,2097794,117.37640724424865,44.68187525053487
1775606400,2357,2328,1490774,1106569,536,Dragon bones,2026-04-08,2342.5,2597343,114.65981399902105,55.321998208046175
1775692800,2309,2271,2204259,903959,536,Dragon bones,2026-04-09,2290.0,3108218,112.09006363191385,66.20335882716178
1775779200,2319,2301,1191376,1123649,536,Dragon bones,2026-04-10,2310.0,2315025,113.06901615271659,49.308777817016114
1775865600,2400,2366,1336395,1426918,536,Dragon bones,2026-04-11,2383.0,2763313,116.6421928536466,58.85706925664831
1775952000,2444,2399,1534375,1686050,536,Dragon bones,2026-04-12,2421.5,3220425,118.52667645619188,68.59330711390335
1776038400,2422,2389,1441423,1198617,536,Dragon bones,2026-04-13,2405.5,2640040,117.74351443954968,56.231421167389215
1776124800,2453,2421,1389172,1026772,536,Dragon bones,2026-04-14,2437.0,2415944,119.28536465981401,51.458297821558375
1776211200,2419,2406,1198955,902496,536,Dragon bones,2026-04-15,2412.5,2101451,118.08614782183065,44.75976736853655
1776297600,2468,2441,894510,730857,536,Dragon bones,2026-04-16,2454.5,1625367,120.1419481155164,34.619436193609154
1776384000,2485,2452,1108644,670603,536,Dragon bones,2026-04-17,2468.5,1779247,120.82721488007833,37.89699679467499
1776470400,2469,2441,1381506,905123,536,Dragon bones,2026-04-18,2455.0,2286629,120.16642192853647,48.703958406905215
1776556800,2489,2460,1209128,920582,536,Dragon bones,2026-04-19,2474.5,2129710,121.12090063631913,45.36166875289787
1776643200,2557,2525,1079099,909385,536,Dragon bones,2026-04-20,2541.0,1988484,124.37591776798824,42.35363149369509
1776729600,2560,2521,920036,932838,536,Dragon bones,2026-04-21,2540.5,1852874,124.35144395496818,39.46521199076724
1776816000,2545,2516,1050272,730265,536,Dragon bones,2026-04-22,2530.5,1780537,123.86196769456681,37.92447309552874
1776902400,2609,2579,1166378,796150,536,Dragon bones,2026-04-23,2594.0,1962528,126.97014194811551,41.80078276116802
1776988800,2587,2564,1048891,987441,536,Dragon bones,2026-04-24,2575.5,2036332,126.06461086637297,43.372767961330894
1777075200,2652,2611,1109714,996073,536,Dragon bones,2026-04-25,2631.5,2105787,128.80567792462065,44.852121818537995
1777161600,2625,2590,1014131,1014346,536,Dragon bones,2026-04-26,2607.5,2028477,127.63093489965736,43.20546071853539
1777248000,2602,2592,1004553,778553,536,Dragon bones,2026-04-27,2597.0,1783106,127.11698482623592,37.97919140319795
1777334400,2635,2617,862036,861327,536,Dragon bones,2026-04-28,2626.0,1723363,128.53646598139989,36.70669788234095
1777420800,2617,2577,1141563,876539,536,Dragon bones,2026-04-29,2597.0,2018102,127.11698482623592,42.984478841513955
1777507200,2592,2554,938981,953529,536,Dragon bones,2026-04-30,2573.0,1892510,125.94224180127264,40.3094373090922
1777593600,2675,2618,1013687,1153826,536,Dragon bones,2026-05-01,2646.5,2167513,129.53989231522272,46.166852164660874
1777680000,2690,2634,1024929,963948,536,Dragon bones,2026-05-02,2662.0,1988877,130.29858051884483,42.36200218069937
1777766400,2715,2684,1290670,1251512,536,Dragon bones,2026-05-03,2699.5,2542182,132.13411649534999,54.147098803865035
1777852800,2777,2733,1013775,913538,536,Dragon bones,2026-05-04,2755.0,1927313,134.85070974057757,41.050722346776716
1777939200,2777,2749,786483,921733,536,Dragon bones,2026-05-05,2763.0,1708216,135.24229074889868,36.38407499161866
1778025600,2777,2748,924700,886673,536,Dragon bones,2026-05-06,2762.5,1811373,135.21781693587863,38.58126318322348
1778112000,2838,2798,894473,905785,536,Dragon bones,2026-05-07,2818.0,1800258,137.93441018110622,38.344519707262684
1778198400,2801,2775,1127230,774080,536,Dragon bones,2026-05-08,2788.0,1901310,136.46598139990212,40.496872539722425
1778284800,2847,2802,1051230,1161110,536,Dragon bones,2026-05-09,2824.5,2212340,138.25256975036712,47.12164296959965
1778371200,2841,2804,1288025,994231,536,Dragon bones,2026-05-10,2822.5,2282256,138.15467449828682,48.610815876956806
1778457600,2847,2812,1095714,1016610,536,Dragon bones,2026-05-11,2829.5,2112324,138.4973078805678,44.99135637565501
1778544000,2853,2841,998482,816149,536,Dragon bones,2026-05-12,2847.0,1814631,139.35389133627018,38.650656817472715
1778630400,2866,2845,978058,797297,536,Dragon bones,2026-05-13,2855.5,1775355,139.76994615761134,37.81409930403717
1778716800,2855,2831,892058,793429,536,Dragon bones,2026-05-14,2843.0,1685487,139.15810083210965,35.89995961014203
1778803200,2889,2865,921485,1160204,536,Dragon bones,2026-05-15,2877.0,2081689,140.8223201174743,44.338847479023535
1778889600,2867,2839,1142736,1235438,536,Dragon bones,2026-05-16,2853.0,2378174,139.647577092511,50.65381729191023
1778976000,2877,2842,1244438,996696,536,Dragon bones,2026-05-17,2859.5,2241134,139.9657366617719,47.73493956400496
1779062400,2927,2887,1011466,889844,536,Dragon bones,2026-05-18,2907.0,1901310,142.2907488986784,40.496872539722425
1779148800,2945,2912,948729,813729,536,Dragon bones,2026-05-19,2928.5,1762458,143.34312285854136,37.53940019387375
1779235200,2915,2881,835061,1060881,536,Dragon bones,2026-05-20,2898.0,1895942,141.85022026431716,40.382537049037985
1779321600,2891,2836,864311,839422,536,Dragon bones,2026-05-21,2863.5,1703733,140.16152716593245,36.28858952128738
1779408000,2887,2848,1006981,965234,536,Dragon bones,2026-05-22,2867.5,1972215,140.357317670093,42.00711061106745
1779494400,2942,2893,1000018,1170747,536,Dragon bones,2026-05-23,2917.5,2170765,142.80469897209986,46.23611800216196
1779580800,2923,2882,1119872,1305055,536,Dragon bones,2026-05-24,2902.5,2424927,142.0704845814978,51.64963085300739
1779667200,2938,2891,1650057,1162058,536,Dragon bones,2026-05-25,2914.5,2812115,142.65785609397946,59.89652540724107
1779753600,2943,2913,958530,966203,536,Dragon bones,2026-05-26,2928.0,1924733,143.31864904552128,40.995769745069225
1779840000,2938,2913,908863,715715,536,Dragon bones,2026-05-27,2925.5,1624578,143.19627998042094,34.60263092122651
1779926400,2871,2854,1425301,705668,536,Dragon bones,2026-05-28,2862.5,2130969,140.11257953989232,45.38848477055281
1780012800,2843,2852,1018617,805893,536,Dragon bones,2026-05-29,2847.5,1824510,139.37836514929026,38.86107416331317
1780099200,2944,2894,843741,977943,536,Dragon bones,2026-05-30,2919.0,1821684,142.87812041116007,38.80088189493123
1780185600,2941,2891,1169766,1141419,536,Dragon bones,2026-05-31,2916.0,2311185,142.73127753303964,49.22698789819565
1780272000,2938,2903,1031391,940770,536,Dragon bones,2026-06-01,2920.5,1972161,142.95154185022025,42.00596044033404
1780358400,2961,2918,929686,971474,536,Dragon bones,2026-06-02,2939.5,1901160,143.88154674498287,40.493677621018506
1780444800,2943,2889,1101276,1268157,536,Dragon bones,2026-06-03,2916.0,2369433,142.73127753303964,50.467638729303545
1780531200,2944,2899,1033567,990165,536,Dragon bones,2026-06-04,2921.5,2023732,143.0004894762604,43.10439479020125
1780617600,2927,2882,1244946,1088181,536,Dragon bones,2026-06-05,2904.5,2333127,142.16837983357806,49.6943406062057
1780704000,2945,2903,1250679,1079867,536,Dragon bones,2026-06-06,2924.0,2330546,143.12285854136076,49.639366705040175
1780790400,2941,2909,976337,1164997,536,Dragon bones,2026-06-07,2925.0,2141334,143.1718061674009,45.60925365299398
1780876800,2926,2902,1268713,1009304,536,Dragon bones,2026-06-08,2914.0,2278017,142.63338228095935,48.520527474383904
1780963200,2949,2909,922017,993776,536,Dragon bones,2026-06-09,2929.0,1915793,143.36759667156142,40.80535259031533
1781049600,2949,2911,1065738,941214,536,Dragon bones,2026-06-10,2930.0,2006952,143.41654429760155,42.74698988452225
1781136000,2966,2922,990783,1113790,536,Dragon bones,2026-06-11,2944.0,2104573,144.10181106216348,44.82626427649423
1781222400,2961,2914,854327,1300165,536,Dragon bones,2026-06-12,2937.5,2154492,143.7836514929026,45.88951192170222
1781308800,2953,2919,1059484,1205430,536,Dragon bones,2026-06-13,2936.0,2264914,143.7102300538424,48.2414406758671
1781395200,2967,2931,1278129,1217624,536,Dragon bones,2026-06-14,2949.0,2495753,144.34654919236417,53.15818626716835
1781481600,2973,2943,1048339,1064493,536,Dragon bones,2026-06-15,2958.0,2112832,144.7870778267254,45.002176500332304
1781568000,2983,2940,1316831,1085752,536,Dragon bones,2026-06-16,2961.5,2402583,144.95839451786588,51.17371576287082
1781654400,2981,2952,1078489,911094,536,Dragon bones,2026-06-17,2966.5,1989583,145.20313264806657,42.37703959806584
1781740800,2975,2934,1068493,1153524,536,Dragon bones,2026-06-18,2954.5,2222017,144.61576113558493,47.32775782491882
1781827200,2918,2931,1125815,1057964,536,Dragon bones,2026-06-19,2924.5,2183779,143.1473323543808,46.51330914891443
1781913600,2955,2914,1167175,1051893,536,Dragon bones,2026-06-20,2934.5,2219068,143.63680861478218,47.264945723199666
1782000000,2978,2943,1017216,1055312,536,Dragon bones,2026-06-21,2960.5,2072528,144.90944689182575,44.14372314404586
1782086400,2976,2935,1085846,1251434,536,Dragon bones,2026-06-22,2955.5,2337280,144.66470876162506,49.78279725538835
1782172800,2977,2941,1003046,912367,536,Dragon bones,2026-06-23,2959.0,1915413,144.83602545276554,40.79725879626539
1782259200,2996,2961,888948,955227,536,Dragon bones,2026-06-24,2978.5,1844175,145.7905041605482,39.27992800539764
1782345600,3003,2963,954269,1013711,536,Dragon bones,2026-06-25,2983.0,1967980,146.01076847772882,41.91690740632666
1782432000,3018,2985,824635,897006,536,Dragon bones,2026-06-26,3001.5,1721641,146.91629955947135,36.67002021561989
1782518400,3027,2989,997459,1045291,536,Dragon bones,2026-06-27,3008.0,2042750,147.23445912873225,43.5094678829428
1782604800,3041,3001,1423841,1279515,536,Dragon bones,2026-06-28,3021.0,2703356,147.87077826725402,57.58001765177371
1782691200,3026,2984,1274262,1289066,536,Dragon bones,2026-06-29,3005.0,2563328,147.08761625061183,54.59749714328627
1782777600,3019,2979,842149,1037664,536,Dragon bones,2026-06-30,2999.0,1879813,146.793930494371,40.038998090534015
1782864000,2993,2947,1160237,1362413,536,Dragon bones,2026-07-01,2970.0,2522650,145.37444933920705,53.731077789698034
1782950400,3001,2961,1240632,1121097,536,Dragon bones,2026-07-02,2981.0,2361729,145.91287322564855,50.303547704669995
1783036800,3025,2980,1263312,1685031,536,Dragon bones,2026-07-03,3002.5,2948343,146.9652471855115,62.7981079752291
1783123200,2998,2957,988149,1330931,536,Dragon bones,2026-07-04,2977.5,2319080,145.74155653450808,49.3951471193122
1783209600,3038,2986,1299879,1426333,536,Dragon bones,2026-07-05,3012.0,2726212,147.4302496328928,58.06683806441967
1783296000,3048,2999,1200309,1349011,536,Dragon bones,2026-07-06,3023.5,2549320,147.99314733235437,54.299134335255786
1783382400,3047,3005,1016753,1147643,536,Dragon bones,2026-07-07,3026.0,2164396,148.11551639745474,46.10046175399333
1783468800,3049,3014,1126799,1034682,536,Dragon bones,2026-07-08,3031.5,2161481,148.38472834067548,46.03837383384707
1783555200,3058,3022,945998,1009169,536,Dragon bones,2026-07-09,3040.0,1955167,148.80078316201664,41.64399745063744
1783641600,3051,3014,1222484,1153940,536,Dragon bones,2026-07-10,3032.5,2376424,148.4336759667156,50.61654324036444
1783728000,3058,3025,1029520,1219274,536,Dragon bones,2026-07-11,3041.5,2248794,148.87420460107685,47.898093412485366
1783814400,3125,3073,1367258,1474435,536,Dragon bones,2026-07-12,3099.0,2841693,151.68869309838473,60.5265207767389
1783900800,3162,3110,1196347,1273365,536,Dragon bones,2026-07-13,3136.0,2469712,153.4997552618698,52.603527080709064
1783987200,3155,3121,889301,1071090,536,Dragon bones,2026-07-14,3138.0,1960391,153.59765051395007,41.75526581936611
1784073600,3177,3146,952515,1149313,536,Dragon bones,2026-07-15,3161.5,2101828,154.7479197258933,44.76779726421242
1784160000,3185,3147,1095279,1177152,536,Dragon bones,2026-07-16,3166.0,2272431,154.9681840430739,48.40154870184976
1784246400,3194,3156,1058081,1109457,536,Dragon bones,2026-07-17,3175.0,2167538,155.40871267743515,46.16738465111153
1784332800,3255,3197,1397766,1504038,536,Dragon bones,2026-07-18,3226.0,2901804,157.90504160548213,61.80685249814953
1784419200,3297,3231,1554337,1695039,536,Dragon bones,2026-07-19,3264.0,3249376,159.76505139500733,69.20994772321878
1784505600,3273,3250,1307598,1207808,536,Dragon bones,2026-07-20,3261.5,2515406,159.642682329907,53.576784515756515
1784592000,3203,3218,1520213,1264207,536,Dragon bones,2026-07-21,3210.5,2784420,157.14635340186,59.30663691720651
1784678400,3250,3187,1301068,1253387,536,Dragon bones,2026-07-22,3218.5,2554455,157.53793441018112,54.40850705222012
1784764800,3251,3198,1153225,1321272,536,Dragon bones,2026-07-23,3224.5,2474497,157.83162016642194,52.705444987364245
1784851200,3326,3268,1063673,1392031,536,Dragon bones,2026-07-24,3297.0,2455704,161.38032305433188,52.30516427267858
1784937600,3318,3277,975999,1111138,536,Dragon bones,2026-07-25,3297.5,2087137,161.40479686735193,44.45488692635007
1785024000,3409,3357,1215419,1646984,536,Dragon bones,2026-07-26,3383.0,2862403,165.58981889378367,60.967632552460714
1785110400,3407,3362,1336551,1427212,536,Dragon bones,2026-07-27,3384.5,2763763,165.66324033284386,58.86665401276008
1785196800,3360,3302,945398,1005517,536,Dragon bones,2026-07-28,3331.0,1950915,163.0445423396965,41.5534321551102
1785283200,3318,3261,1152307,1260043,536,Dragon bones,2026-07-29,3289.5,2412350,161.01321585903082,51.38174756941235
1785369600,3321,3281,1205817,1185318,536,Dragon bones,2026-07-30,3301.0,2391135,161.5761135584924,50.92987956738732
1785456000,3392,3320,1118708,1422494,536,Dragon bones,2026-07-31,3356.0,2541202,164.26823299069994,54.126225334999404
1785542400,3330,3287,1244709,1309407,536,Dragon bones,2026-08-01,3308.5,2554116,161.94322075379344,54.401286535949254
1785628800,3317,3258,1458328,1506304,536,Dragon bones,2026-08-02,3287.5,2964632,160.9153206069506,63.145054847017256
1785715200,3362,3306,1091373,1121701,536,Dragon bones,2026-08-03,3334.0,2213074,163.19138521781693,47.13727677179085
1785801600,3315,3285,1105019,1305816,536,Dragon bones,2026-08-04,3300.0,2410835,161.52716593245228,51.34947889050271
1785888000,3323,3281,1068215,1266725,536,Dragon bones,2026-08-05,3302.0,2334940,161.62506118453254,49.732956523607136
1785974400,3277,3225,1310355,1036250,536,Dragon bones,2026-08-06,3251.0,2346605,159.12873225648556,49.98141470148232
1786060800,3262,3197,1707315,1260208,536,Dragon bones,2026-08-07,3229.5,2967523,158.0763582966226,63.20663158017089
1786147200,3229,3203,1200426,1109896,536,Dragon bones,2026-08-08,3216.0,2310322,157.41556534508078,49.208606465919075
1786233600,3229,3181,1693398,1384798,536,Dragon bones,2026-08-09,3205.0,3078196,156.87714145863924,65.56390649830034
1786320000,3206,3165,1220852,1082139,536,Dragon bones,2026-08-10,3185.5,2302991,155.92266275085657,49.05246013912928
1786406400,3215,3176,884846,1095743,536,Dragon bones,2026-08-11,3195.5,1980589,156.41213901125795,42.18547227257854
1786492800,3213,3179,970768,1162451,536,Dragon bones,2026-08-12,3196.0,2133219,156.43661282427803,45.436408551111676
1786579200,3213,3185,1125050,1362279,536,Dragon bones,2026-08-13,3199.0,2487329,156.58345570239845,52.97875963275597
1786665600,3214,3180,1113741,1061047,536,Dragon bones,2026-08-14,3197.0,2174788,156.48556045031816,46.321805721801205
1786752000,3217,3173,1194223,1276353,536,Dragon bones,2026-08-15,3195.0,2470576,156.38766519823787,52.62192981244367
1786838400,3171,3107,1391434,1307155,536,Dragon bones,2026-08-16,3139.0,2698589,153.64659813999023,57.47848313536299
1786924800,3161,3110,1353227,1147335,536,Dragon bones,2026-08-17,3135.5,2500562,153.47528144884973,53.26061536081617
1787011200,3193,3136,1319435,1214795,536,Dragon bones,2026-08-18,3164.5,2534230,154.89476260401372,53.977725513641
1787097600,3228,3184,1561582,1244564,536,Dragon bones,2026-08-19,3206.0,2806146,156.9260890846794,59.76938894228291
1787184000,3225,3195,1277706,1234646,536,Dragon bones,2026-08-20,3210.0,2512352,157.12187958883993,53.51173597094462
1787270400,3203,3160,1203117,1298695,536,Dragon bones,2026-08-21,3181.5,2501812,155.72687224669605,53.28723968334887
1787356800,3160,3181,1172736,972669,536,Dragon bones,2026-08-22,3170.5,2145405,155.18844836025454,45.69596374661848
1787443200,3229,3183,1077823,1100312,536,Dragon bones,2026-08-23,3206.0,2178135,156.9260890846794,46.39309500781477
1787529600,3273,3223,787177,932201,536,Dragon bones,2026-08-24,3248.0,1719378,158.98188937836514,36.621819542106685
1787616000,3295,3248,680812,1041252,536,Dragon bones,2026-08-25,3271.5,1722064,160.13215859030836,36.67902988636496
1756166400,357,362,40945,34345,2315,Pie shell,2025-08-26,359.5,75290,100.0,59.1257736677545
1756252800,451,395,113210,78032,2315,Pie shell,2025-08-27,423.0,191242,117.663421418637,150.18370577458768
1756339200,447,450,42483,106205,2315,Pie shell,2025-08-28,448.5,148688,124.75660639777469,116.76574624931706
1756425600,402,394,44617,61240,2315,Pie shell,2025-08-29,398.0,105857,110.70931849791377,83.1302566495881
1756512000,408,406,84752,87000,2315,Pie shell,2025-08-30,407.0,171752,113.21279554937414,134.87806984970342
1756598400,403,396,47922,52968,2315,Pie shell,2025-08-31,399.5,100890,111.12656467315716,79.22963614477024
1756684800,397,399,58466,39186,2315,Pie shell,2025-09-01,398.0,97652,110.70931849791377,76.68681166427895
1756771200,382,363,41705,40867,2315,Pie shell,2025-09-02,372.5,82572,103.61613351877608,64.84438017391187
1756857600,383,363,63624,37274,2315,Pie shell,2025-09-03,373.0,100898,103.75521557719054,79.23591860179431
1756944000,390,380,81980,58396,2315,Pie shell,2025-09-04,385.0,140376,107.09318497913769,110.238273401311
1757030400,388,381,37042,22750,2315,Pie shell,2025-09-05,384.5,59792,106.95410292072323,46.955083797879894
1757116800,396,375,85079,29062,2315,Pie shell,2025-09-06,385.5,114141,107.23226703755215,89.63574089800991
1757203200,435,403,36077,53244,2315,Pie shell,2025-09-07,419.0,89321,116.55076495132128,70.14441798084074
1757289600,427,410,47570,62901,2315,Pie shell,2025-09-08,418.5,110471,116.41168289290682,86.75366373821899
1757376000,408,396,54854,34846,2315,Pie shell,2025-09-09,402.0,89700,111.82197496522947,70.44204938235595
1757462400,392,378,55820,31147,2315,Pie shell,2025-09-10,385.0,86967,107.09318497913769,68.29580500150891
1757548800,383,378,57264,61213,2315,Pie shell,2025-09-11,380.5,118477,105.84144645340751,93.04083260505446
1757635200,345,342,51851,11559,2315,Pie shell,2025-09-12,343.5,63410,95.54937413073714,49.79632498701439
1757721600,339,326,50362,23341,2315,Pie shell,2025-09-13,332.5,73703,92.48956884561892,57.87949125560513
1757808000,350,334,29455,14576,2315,Pie shell,2025-09-14,342.0,44031,95.13212795549374,34.57785815333907
1757894400,347,339,31036,30037,2315,Pie shell,2025-09-15,343.0,61073,95.41029207232266,47.961062228858694
1757980800,329,331,44006,40977,2315,Pie shell,2025-09-16,330.0,84983,91.7941585535466,66.73775565954018
1758067200,318,316,47448,48475,2315,Pie shell,2025-09-17,317.0,95923,88.17802503477051,75.32901563995239
1758153600,323,321,66204,123192,2315,Pie shell,2025-09-18,322.0,189396,89.56884561891516,148.73402881628414
1758240000,328,328,32390,77976,2315,Pie shell,2025-09-19,328.0,110366,91.23783031988873,86.67120648977811
1758326400,347,341,26523,35813,2315,Pie shell,2025-09-20,344.0,62336,95.6884561891516,48.95290513153333
1758412800,342,333,51981,41787,2315,Pie shell,2025-09-21,337.5,93768,93.88038942976355,73.63667877909423
1758499200,326,323,46589,37310,2315,Pie shell,2025-09-22,324.5,83899,90.26425591098747,65.88648273277904
1758585600,324,322,50788,25515,2315,Pie shell,2025-09-23,323.0,76303,89.84700973574408,59.92128978842703
1758672000,322,323,39269,61089,2315,Pie shell,2025-09-24,322.5,100358,89.70792767732962,78.81185275266976
1758758400,320,313,50102,15470,2315,Pie shell,2025-09-25,316.5,65572,88.03894297635605,51.4941589977686
1758844800,315,312,22656,20700,2315,Pie shell,2025-09-26,313.5,43356,87.20445062586927,34.04777584193338
1758931200,313,312,42239,20343,2315,Pie shell,2025-09-27,312.5,62582,86.92628650904032,49.14609068502341
1759017600,312,314,40860,62291,2315,Pie shell,2025-09-28,313.0,103151,87.0653685674548,81.0052155611973
1759104000,314,312,56091,95389,2315,Pie shell,2025-09-29,313.0,151480,87.0653685674548,118.9583237507166
1759190400,316,317,57886,27883,2315,Pie shell,2025-09-30,316.5,85769,88.03894297635605,67.35500706215481
1759276800,316,313,40989,25039,2315,Pie shell,2025-10-01,314.5,66028,87.48261474269819,51.852259048140446
1759363200,319,314,41572,41939,2315,Pie shell,2025-10-02,316.5,83511,88.03894297635605,65.58178356711178
1759449600,322,318,27412,38228,2315,Pie shell,2025-10-03,320.0,65640,89.01251738525731,51.54755988247318
1759536000,327,321,72014,54463,2315,Pie shell,2025-10-04,324.0,126477,90.12517385257301,99.32328962912187
1759622400,327,320,157292,33525,2315,Pie shell,2025-10-05,323.5,190817,89.98609179415855,149.84995024518412
1759708800,313,312,86546,15521,2315,Pie shell,2025-10-06,312.5,102067,86.92628650904032,80.15394263443616
1759795200,327,318,80067,24187,2315,Pie shell,2025-10-07,322.5,104254,89.70792767732962,81.8714093233906
1759881600,340,332,50456,19665,2315,Pie shell,2025-10-08,336.0,70121,93.46314325452016,55.066521123078935
1759968000,331,324,56784,34190,2315,Pie shell,2025-10-09,327.5,90974,91.09874826147427,71.44253066343867
1760054400,317,316,40422,14575,2315,Pie shell,2025-10-10,316.5,54997,88.03894297635605,43.189536119079484
1760140800,313,312,62994,25164,2315,Pie shell,2025-10-11,312.5,88158,86.92628650904032,69.23110579096695
1760227200,313,313,66626,22388,2315,Pie shell,2025-10-12,313.0,89014,87.0653685674548,69.90332869254216
1760313600,330,325,27141,14811,2315,Pie shell,2025-10-13,327.5,41952,91.09874826147427,32.945204634209546
1760400000,336,318,29662,23408,2315,Pie shell,2025-10-14,327.0,53070,90.95966620305981,41.676249283407245
1760486400,325,311,49143,24212,2315,Pie shell,2025-10-15,318.0,73355,88.45618915159945,57.60620437505819
1760572800,320,312,47889,13956,2315,Pie shell,2025-10-16,316.0,61845,87.89986091794158,48.5673193316812
1760659200,316,305,49518,7984,2315,Pie shell,2025-10-17,310.5,57502,86.36995827538247,45.1567304747406
1760745600,310,76,62637,87663,2315,Pie shell,2025-10-18,193.0,150300,53.68567454798331,118.03166133966666
1760832000,299,294,100493,54846,2315,Pie shell,2025-10-19,296.5,155339,82.47566063977747,121.98882395770111
1760918400,320,315,67286,22715,2315,Pie shell,2025-10-20,317.5,90001,88.31710709318497,70.67842682788648
1761004800,306,305,55342,41909,2315,Pie shell,2025-10-21,305.5,97251,84.97913769123782,76.37190350594759
1761091200,312,319,78883,55516,2315,Pie shell,2025-10-22,315.5,134399,87.76077885952712,105.54449269720465
1761177600,317,312,52398,53185,2315,Pie shell,2025-10-23,314.5,105583,87.48261474269819,82.91508249651379
1761264000,325,318,36186,34230,2315,Pie shell,2025-10-24,321.5,70416,89.4297635605007,55.298186725841425
1761350400,316,312,48050,40188,2315,Pie shell,2025-10-25,314.0,88238,87.34353268428373,69.29393036120763
1761436800,315,310,45930,15432,2315,Pie shell,2025-10-26,312.5,61362,86.92628650904032,48.188015988853124
1761523200,317,310,36885,46193,2315,Pie shell,2025-10-27,313.5,83078,87.20445062586927,65.24174558068412
1761609600,312,311,64504,24667,2315,Pie shell,2025-10-28,311.5,89171,86.6481223922114,70.02662191163948
1761696000,317,314,55149,23666,2315,Pie shell,2025-10-29,315.5,78815,87.76077885952712,61.89398129398421
1761782400,334,331,55400,30729,2315,Pie shell,2025-10-30,332.5,86129,92.48956884561892,67.63771762823785
1761868800,377,383,89334,49764,2315,Pie shell,2025-10-31,380.0,139098,105.70236439499305,109.23465089171624
1761955200,412,370,78700,30047,2315,Pie shell,2025-11-01,391.0,108747,108.76216968011127,85.39979424953246
1762041600,417,365,75464,37030,2315,Pie shell,2025-11-02,391.0,112494,108.76216968011127,88.34234005818004
1762128000,374,373,97117,47274,2315,Pie shell,2025-11-03,373.5,144391,103.894297635605,113.39128152026485
1762214400,386,367,48747,116272,2315,Pie shell,2025-11-04,376.5,165019,104.72878998609178,129.59059695682268
1762300800,350,343,40420,26285,2315,Pie shell,2025-11-05,346.5,66705,96.38386648122392,52.38391197380216
1762387200,347,342,85219,32221,2315,Pie shell,2025-11-06,344.5,117440,95.82753824756607,92.22646911330972
1762473600,351,349,154829,41299,2315,Pie shell,2025-11-07,350.0,196128,97.35744089012516,154.02071640203684
1762560000,371,368,72705,34014,2315,Pie shell,2025-11-08,369.5,106719,102.7816411682893,83.80719139393136
1762646400,389,357,59448,94266,2315,Pie shell,2025-11-09,373.0,153714,103.75521557719054,120.71269987468742
1762732800,379,373,73166,32078,2315,Pie shell,2025-11-10,376.0,105244,104.58970792767732,82.64886338011894
1762819200,359,356,112645,27712,2315,Pie shell,2025-11-11,357.5,140357,99.44367176634215,110.22335256587886
1762905600,357,356,75809,29623,2315,Pie shell,2025-11-12,356.5,105432,99.16550764951322,82.79650112018452
1762992000,350,335,73858,47432,2315,Pie shell,2025-11-13,342.5,121290,95.2712100139082,95.24990155614216
1763078400,349,336,46609,28310,2315,Pie shell,2025-11-14,342.5,74919,95.2712100139082,58.83442472326338
1763164800,363,351,88575,44940,2315,Pie shell,2025-11-15,357.0,133515,99.30458970792768,104.85028119604519
1763251200,377,355,73615,74646,2315,Pie shell,2025-11-16,366.0,148261,101.80806675938805,116.43042010565745
1763337600,380,360,98440,67007,2315,Pie shell,2025-11-17,370.0,165447,102.92072322670376,129.9267084076103
1763424000,365,370,114040,65422,2315,Pie shell,2025-11-18,367.5,179462,102.22531293463145,140.9327878066484
1763510400,368,366,25909,38649,2315,Pie shell,2025-11-19,367.0,64558,102.08623087621697,50.697857569968065
1763596800,358,347,7195,10459,2315,Pie shell,2025-11-20,352.5,17654,98.0528511821975,13.863812037860779
1763683200,358,356,122694,51179,2315,Pie shell,2025-11-21,357.0,173873,99.30458970792768,136.54370626820932
1763769600,354,347,99753,38415,2315,Pie shell,2025-11-22,350.5,138168,97.49652294853965,108.5043152626684
1763856000,341,324,37288,47730,2315,Pie shell,2025-11-23,332.5,85018,92.48956884561892,66.76524140902048
1763942400,334,293,31033,34574,2315,Pie shell,2025-11-24,313.5,65607,87.20445062586927,51.5216447472489
1764028800,321,306,31588,23065,2315,Pie shell,2025-11-25,313.5,54653,87.20445062586927,42.91939046704458
1764115200,290,284,96062,50540,2315,Pie shell,2025-11-26,287.0,146602,79.83310152990263,115.12759558029148
1764201600,300,287,92971,53543,2315,Pie shell,2025-11-27,293.5,146514,81.64116828929068,115.05848855302673
1764288000,284,293,67525,83594,2315,Pie shell,2025-11-28,288.5,151119,80.25034770514604,118.67482787750554
1764374400,337,317,120279,69882,2315,Pie shell,2025-11-29,327.0,190161,90.95966620305981,149.33478876921058
1764460800,332,337,91208,40920,2315,Pie shell,2025-11-30,334.5,132128,93.04589707927677,103.76106020949749
1764547200,342,340,70415,79361,2315,Pie shell,2025-12-01,341.0,149776,94.85396383866481,117.62016040459022
1764633600,332,283,78215,89305,2315,Pie shell,2025-12-02,307.5,167520,85.53546592489569,131.55465008397175
1764720000,337,335,54571,71881,2315,Pie shell,2025-12-03,336.0,126452,93.46314325452016,99.30365695092166
1764806400,348,339,105602,33320,2315,Pie shell,2025-12-04,343.5,138922,95.54937413073714,109.09643683718674
1764892800,345,331,88585,41804,2315,Pie shell,2025-12-05,338.0,130389,94.01947148817803,102.39541111389086
1764979200,345,343,83673,79935,2315,Pie shell,2025-12-06,344.0,163608,95.6884561891516,128.4825285992028
1765065600,349,347,83564,80926,2315,Pie shell,2025-12-07,348.0,164490,96.80111265646731,129.17516948610623
1765152000,351,339,169041,57946,2315,Pie shell,2025-12-08,345.0,226987,95.96662030598053,178.25450906524893
1765238400,350,342,128753,62586,2315,Pie shell,2025-12-09,346.0,191339,96.24478442280946,150.2598805660045
1765324800,343,333,131612,34679,2315,Pie shell,2025-12-10,338.0,166291,94.01947148817803,130.5895076236494
1765411200,343,331,82027,41362,2315,Pie shell,2025-12-11,337.0,123389,93.7413073713491,96.89826121783184
1765497600,360,352,110630,59986,2315,Pie shell,2025-12-12,356.0,170616,99.02642559109874,133.98596095228586
1765584000,371,365,111151,106839,2315,Pie shell,2025-12-13,368.0,217990,102.3643949930459,171.1891008345571
1765670400,360,346,131942,108699,2315,Pie shell,2025-12-14,353.0,240641,98.19193324061196,188.97709259107597
1765756800,355,348,115997,95883,2315,Pie shell,2025-12-15,351.5,211880,97.77468706536857,166.3908742824256
1765843200,352,348,89504,73404,2315,Pie shell,2025-12-16,350.0,162908,97.35744089012516,127.93281360959689
1765929600,357,360,65347,61752,2315,Pie shell,2025-12-17,358.5,127099,99.72183588317107,99.81175066274311
1766016000,366,367,108506,90786,2315,Pie shell,2025-12-18,366.5,199292,101.94714881780251,156.50542815505554
1766102400,379,377,55522,89020,2315,Pie shell,2025-12-19,378.0,144542,105.14603616133518,113.50986289659413
1766188800,387,366,134019,57240,2315,Pie shell,2025-12-20,376.5,191259,104.72878998609178,150.19705599576383
1766275200,378,368,59916,52016,2315,Pie shell,2025-12-21,373.0,111932,103.75521557719054,87.90099745223931
1766361600,405,383,110016,96130,2315,Pie shell,2025-12-22,394.0,206146,109.59666203059805,161.8879232104253
1766448000,395,404,83960,102428,2315,Pie shell,2025-12-23,399.5,186388,111.12656467315716,146.37182497523477
1766534400,388,385,44586,54393,2315,Pie shell,2025-12-24,386.5,98979,107.51043115438108,77.72891422314613
1766620800,427,404,138917,35143,2315,Pie shell,2025-12-25,415.5,174060,115.57719054242004,136.69055870114687
1766707200,390,388,114439,46456,2315,Pie shell,2025-12-26,389.0,160895,108.2058414464534,126.35199036091593
1766793600,363,349,127649,15586,2315,Pie shell,2025-12-27,356.0,143235,99.02642559109874,112.4834664802871
1766880000,365,344,145723,47908,2315,Pie shell,2025-12-28,354.5,193631,98.60917941585535,152.05980450339982
1766966400,359,344,48568,29738,2315,Pie shell,2025-12-29,351.5,78306,97.77468706536857,61.49425996582792
1767052800,346,339,111644,39917,2315,Pie shell,2025-12-30,342.5,151561,95.2712100139082,119.02193362808526
1767139200,344,337,143871,34282,2315,Pie shell,2025-12-31,340.5,178153,94.71488178025035,139.90482077608536
1767225600,408,392,152912,126297,2315,Pie shell,2026-01-01,400.0,279209,111.26564673157162,219.264817904105
1767312000,399,396,146249,96115,2315,Pie shell,2026-01-02,397.5,242364,110.5702364394993,190.3301767726345
1767398400,422,401,227994,143757,2315,Pie shell,2026-01-03,411.5,371751,114.46453407510431,291.9387101442609
1767484800,444,433,165873,144694,2315,Pie shell,2026-01-04,438.5,310567,121.97496522948539,243.8904788241933
1767571200,435,428,115738,139181,2315,Pie shell,2026-01-05,431.5,254919,120.02781641168289,200.18970776478034
1767657600,434,438,74029,110180,2315,Pie shell,2026-01-06,436.0,184209,121.27955493741307,144.6606407433044
1767744000,465,453,97288,127339,2315,Pie shell,2026-01-07,459.0,224627,127.67732962447845,176.40118424314903
1767830400,393,377,76460,57577,2315,Pie shell,2026-01-08,385.0,134037,107.09318497913769,105.2602115168656
1767916800,358,348,98172,120852,2315,Pie shell,2026-01-09,353.0,219024,98.19193324061196,172.0011084049178
1768003200,358,348,117024,64424,2315,Pie shell,2026-01-10,353.0,181448,98.19193324061196,142.49240776287314
1768089600,369,347,145588,76517,2315,Pie shell,2026-01-11,358.0,222105,99.58275382475661,174.42063966631179
1768176000,363,343,117707,80988,2315,Pie shell,2026-01-12,353.0,198695,98.19193324061196,156.0365997996345
1768262400,352,346,82756,94506,2315,Pie shell,2026-01-13,349.0,177262,97.07927677329624,139.20511212502987
1768348800,355,349,68070,116295,2315,Pie shell,2026-01-14,352.0,184365,97.91376912378304,144.78314865527372
1768435200,366,355,100268,308411,2315,Pie shell,2026-01-15,360.5,408679,100.27816411682893,320.93853176735615
1768521600,372,365,83967,84510,2315,Pie shell,2026-01-16,368.5,168477,102.50347705146037,132.30618900547583
1768608000,384,375,118481,106562,2315,Pie shell,2026-01-17,379.5,225043,105.5632823365786,176.72787200840054
1768694400,371,366,125035,22155,2315,Pie shell,2026-01-18,368.5,147190,102.50347705146037,115.58935617156042
1768780800,391,378,111809,50251,2315,Pie shell,2026-01-19,384.5,162060,106.95410292072323,127.26687316504575
1768867200,439,407,167262,130549,2315,Pie shell,2026-01-20,423.0,297811,117.663421418637,233.8731010993178
1768953600,430,413,156858,150685,2315,Pie shell,2026-01-21,421.5,307543,117.24617524339361,241.5157100690958
1769040000,497,480,161936,147960,2315,Pie shell,2026-01-22,488.5,309896,135.88317107093184,243.3635377412996
1769126400,512,456,189694,152645,2315,Pie shell,2026-01-23,484.0,342339,134.63143254520168,268.841256895277
1769212800,445,439,248842,106262,2315,Pie shell,2026-01-24,442.0,355104,122.94853963838665,278.86570238430465
1769299200,433,418,206705,32544,2315,Pie shell,2026-01-25,425.5,239249,118.35883171070931,187.88394506888827
1769385600,445,438,155826,111509,2315,Pie shell,2026-01-26,441.5,267335,122.80945757997219,209.94008106613293
1769472000,429,445,121596,56930,2315,Pie shell,2026-01-27,437.0,178526,121.557719054242,140.19774033483253
1769558400,424,453,24501,55726,2315,Pie shell,2026-01-28,438.5,80227,121.97496522948539,63.00283495873211
1769644800,404,386,37535,26089,2315,Pie shell,2026-01-29,395.0,63624,109.87482614742699,49.964380712408186
1769731200,376,369,78328,18375,2315,Pie shell,2026-01-30,372.5,96703,103.61613351877608,75.94155519979896
1769817600,359,354,112094,18709,2315,Pie shell,2026-01-31,356.5,130803,99.16550764951322,102.72052826488634
1769904000,347,343,138637,25435,2315,Pie shell,2026-02-01,345.0,164072,95.96662030598053,128.84691110659872
1769990400,355,344,63705,63172,2315,Pie shell,2026-02-02,349.5,126877,97.2183588317107,99.63741248032525
1770076800,340,338,56265,61752,2315,Pie shell,2026-02-03,339.0,118017,94.29763560500696,92.67959132617058
1770163200,334,336,48474,75147,2315,Pie shell,2026-02-04,335.0,123621,93.18497913769124,97.08045247152981
1770249600,338,335,71580,49257,2315,Pie shell,2026-02-05,336.5,120837,93.60222531293462,94.89415742715434
1770336000,342,332,38855,55068,2315,Pie shell,2026-02-06,337.0,93923,93.7413073713491,73.75840138393554
1770422400,340,336,84986,45155,2315,Pie shell,2026-02-07,338.0,130141,94.01947148817803,102.20065494614477
1770508800,338,332,79777,69769,2315,Pie shell,2026-02-08,335.0,149546,93.18497913769124,117.4395397651483
1770595200,345,345,60160,61573,2315,Pie shell,2026-02-09,345.0,121733,95.96662030598053,95.59779261384989
1770681600,335,331,93144,54194,2315,Pie shell,2026-02-10,333.0,147338,92.62865090403338,115.70558162650568
1770768000,329,326,72171,52862,2315,Pie shell,2026-02-11,327.5,125033,91.09874826147427,98.18930613627771
1770854400,327,309,75625,31866,2315,Pie shell,2026-02-12,318.0,107491,88.45618915159945,84.41344849675387
1770940800,314,310,101532,86816,2315,Pie shell,2026-02-13,312.0,188348,86.78720445062586,147.9110269461313
1771027200,315,314,63405,71304,2315,Pie shell,2026-02-14,314.5,134709,87.48261474269819,105.78793790688725
1771113600,323,318,109146,79839,2315,Pie shell,2026-02-15,320.5,188985,89.15159944367177,148.41126758667266
1771200000,324,322,75564,43014,2315,Pie shell,2026-02-16,323.0,118578,89.84700973574408,93.12014862498332
1771286400,361,353,77030,65408,2315,Pie shell,2026-02-17,357.0,142438,99.30458970792768,111.8575766992644
1771372800,334,325,54997,28136,2315,Pie shell,2026-02-18,329.5,83133,91.65507649513212,65.28493747272461
1771459200,320,320,60076,32340,2315,Pie shell,2026-02-19,320.0,92416,89.01251738525731,72.57494354202683
1771545600,321,321,43240,44355,2315,Pie shell,2026-02-20,321.0,87595,89.29068150208623,68.7889778778982
1771632000,317,315,66724,78628,2315,Pie shell,2026-02-21,316.0,145352,87.89986091794158,114.14596167028095
1771718400,318,311,39510,46158,2315,Pie shell,2026-02-22,314.5,85668,87.48261474269819,67.27569104222596
1771804800,315,315,103806,83449,2315,Pie shell,2026-02-23,315.0,187255,87.62169680111266,147.05268625521808
1771891200,316,315,43936,87548,2315,Pie shell,2026-02-24,315.5,131484,87.76077885952712,103.25532241906008
1771977600,348,323,98295,66048,2315,Pie shell,2026-02-25,335.5,164343,93.3240611961057,129.059729338289
1772064000,353,340,84797,102090,2315,Pie shell,2026-02-26,346.5,186887,96.38386648122392,146.763693232111
1772150400,348,334,78784,68128,2315,Pie shell,2026-02-27,341.0,146912,94.85396383866481,115.37104078997409
1772236800,359,341,74217,70746,2315,Pie shell,2026-02-28,350.0,144963,97.35744089012516,113.84047719748567
1772323200,353,344,85002,47877,2315,Pie shell,2026-03-01,348.5,132879,96.94019471488178,104.35082586263182
1772409600,365,343,98508,92141,2315,Pie shell,2026-03-02,354.0,190649,98.47009735744089,149.7180186476787
1772496000,338,331,53971,58352,2315,Pie shell,2026-03-03,334.5,112323,93.04589707927677,88.20805253929059
1772582400,334,330,80546,63682,2315,Pie shell,2026-03-04,332.0,144228,92.35048678720446,113.26327645839946
1772668800,338,323,60948,60640,2315,Pie shell,2026-03-05,330.5,121588,91.93324061196105,95.48392308028868
1772755200,318,300,37759,33069,2315,Pie shell,2026-03-06,309.0,70828,85.95271210013908,55.6217332625809
1772841600,308,304,27119,25731,2315,Pie shell,2026-03-07,306.0,52850,85.1182197496523,41.503481715245385
1772928000,308,304,52913,54294,2315,Pie shell,2026-03-08,306.0,107207,85.1182197496523,84.19042127239949
1773014400,311,300,30177,50730,2315,Pie shell,2026-03-09,305.5,80907,84.97913769123782,63.53684380577784
1773100800,299,291,58725,49273,2315,Pie shell,2026-03-10,295.0,107998,82.05841446453408,84.81159921065414
1773187200,294,293,47552,106882,2315,Pie shell,2026-03-11,293.5,154434,81.64116828929068,121.2781210068535
1773273600,286,270,112320,97231,2315,Pie shell,2026-03-12,278.0,209551,77.32962447844228,164.56189398129396
1773360000,301,291,120969,118460,2315,Pie shell,2026-03-13,296.0,239429,82.336578581363,188.02530035192976
1773446400,294,291,85250,44196,2315,Pie shell,2026-03-14,292.5,129446,81.36300417246176,101.6548664921789
1773532800,284,269,71562,115486,2315,Pie shell,2026-03-15,276.5,187048,76.91237830319889,146.89012767972034
1773619200,288,279,59649,68893,2315,Pie shell,2026-03-16,283.5,128542,78.85952712100139,100.94494884845928
1773705600,277,271,87672,32298,2315,Pie shell,2026-03-17,274.0,119970,76.21696801112657,94.21329614717105
1773792000,281,276,62530,36652,2315,Pie shell,2026-03-18,278.5,99182,77.46870653685674,77.88833157013185
1773878400,292,280,64573,35799,2315,Pie shell,2026-03-19,286.0,100372,79.55493741307372,78.82284705246188
1773964800,289,285,81077,98664,2315,Pie shell,2026-03-20,287.0,179741,79.83310152990263,141.15188849536275
1774051200,280,263,81427,67717,2315,Pie shell,2026-03-21,271.5,149144,75.52155771905424,117.1238462996889
1774137600,286,280,66535,31590,2315,Pie shell,2026-03-22,283.0,98125,78.72044506258693,77.05826193582695
1774224000,233,209,148388,68262,2315,Pie shell,2026-03-23,221.0,216650,61.474269819193324,170.1367892830258
1774310400,247,237,101423,48335,2315,Pie shell,2026-03-24,242.0,149758,67.31571627260084,117.60602487628609
1774396800,254,237,90259,66849,2315,Pie shell,2026-03-25,245.5,157108,68.2892906815021,123.378032267148
1774483200,264,251,76074,43375,2315,Pie shell,2026-03-26,257.5,119449,71.62726008344924,93.80415113347865
1774569600,252,247,122411,79009,2315,Pie shell,2026-03-27,249.5,201420,69.4019471488178,158.17656172345747
1774656000,257,252,87051,77030,2315,Pie shell,2026-03-28,254.5,164081,70.79276773296245,128.85397887075078
1774742400,241,239,56090,44111,2315,Pie shell,2026-03-29,240.0,100201,66.75938803894297,78.68855953357243
1774828800,229,206,51712,111532,2315,Pie shell,2026-03-30,217.5,163244,60.500695410292074,128.19667680460773
1774915200,206,198,142761,28070,2315,Pie shell,2026-03-31,202.0,170831,56.189151599443676,134.15480198480768
1775001600,204,206,43142,38905,2315,Pie shell,2026-04-01,205.0,82047,57.02364394993046,64.43209393170744
1775088000,213,200,39214,110202,2315,Pie shell,2026-04-02,206.5,149416,57.44089012517385,117.3374498385072
1775174400,207,195,35016,53132,2315,Pie shell,2026-04-03,201.0,88148,55.910987482614736,69.22325271968687
1775260800,204,200,30961,19715,2315,Pie shell,2026-04-04,202.0,50676,56.189151599443676,39.796224018955066
1775347200,203,201,47514,55006,2315,Pie shell,2026-04-05,202.0,102520,56.189151599443676,80.50968676342399
1775433600,198,199,65721,52981,2315,Pie shell,2026-04-06,198.5,118702,55.21557719054242,93.21752670885635
1775520000,203,197,74243,36423,2315,Pie shell,2026-04-07,200.0,110666,55.63282336578581,86.90679862818062
1775606400,201,194,65264,23287,2315,Pie shell,2026-04-08,197.5,88551,54.93741307371349,69.53973149227426
1775692800,189,186,85998,45224,2315,Pie shell,2026-04-09,187.5,131222,52.155771905424196,103.04957195152187
1775779200,195,192,76143,49184,2315,Pie shell,2026-04-10,193.5,125327,53.82475660639777,98.42018643191219
1775865600,189,188,105118,58678,2315,Pie shell,2026-04-11,188.5,163796,52.43393602225312,128.63016633926838
1775952000,194,192,45150,38431,2315,Pie shell,2026-04-12,193.0,83581,53.68567454798331,65.63675506607237
1776038400,198,195,31066,33902,2315,Pie shell,2026-04-13,196.5,64968,54.65924895688457,51.01983349245152
1776124800,190,193,85342,46309,2315,Pie shell,2026-04-14,191.5,131651,53.26842837273992,103.38646870943748
1776211200,198,196,57070,59418,2315,Pie shell,2026-04-15,197.0,116488,54.79833101529903,91.4788567274457
1776297600,210,205,40079,22323,2315,Pie shell,2026-04-16,207.5,62402,57.71905424200278,49.00473540198189
1776384000,225,215,49889,45812,2315,Pie shell,2026-04-17,220.0,95701,61.19610570236439,75.15467745753452
1776470400,219,207,23175,30329,2315,Pie shell,2026-04-18,213.0,53504,59.248956884561885,42.0170725769629
1776556800,213,209,39366,21798,2315,Pie shell,2026-04-19,211.0,61164,58.692628650904034,48.03252517750746
1776643200,207,209,43521,35636,2315,Pie shell,2026-04-20,208.0,79157,57.85813630041725,62.162556331763085
1776729600,237,211,17625,41864,2315,Pie shell,2026-04-21,224.0,59489,62.30876216968011,46.71713573809334
1776816000,209,207,36562,27341,2315,Pie shell,2026-04-22,208.0,63903,57.85813630041725,50.18348140112254
1776902400,209,209,20350,40415,2315,Pie shell,2026-04-23,209.0,60765,58.136300417246176,47.71918763343209
1776988800,213,220,57104,47845,2315,Pie shell,2026-04-24,216.5,104949,60.22253129346314,82.41719777735645
1777075200,238,221,28713,47437,2315,Pie shell,2026-04-25,229.5,76150,63.83866481223922,59.801137797841754
1777161600,222,213,30122,31929,2315,Pie shell,2026-04-26,217.5,62051,60.500695410292074,48.72909260005093
1777248000,224,217,30554,50387,2315,Pie shell,2026-04-27,220.5,80941,61.335187760778865,63.56354424813012
1777334400,222,224,53363,68961,2315,Pie shell,2026-04-28,223.0,122324,62.03059805285118,96.06190912650288
1777420800,238,232,82609,55411,2315,Pie shell,2026-04-29,235.0,138020,65.36856745479834,108.38808980772316
1777507200,231,225,52751,72561,2315,Pie shell,2026-04-30,228.0,125312,63.42141863699583,98.40840682499206
1777593600,239,233,21516,51536,2315,Pie shell,2026-05-01,236.0,73052,65.64673157162726,57.36825631527164
1777680000,247,234,65546,30411,2315,Pie shell,2026-05-02,240.5,95957,66.89847009735745,75.35571608230467
1777766400,236,229,41931,44037,2315,Pie shell,2026-05-03,232.5,85968,64.67315716272601,67.5112831806285
1777852800,232,233,44524,31234,2315,Pie shell,2026-05-04,232.5,75758,64.67315716272601,59.493297403662446
1777939200,235,229,18526,54529,2315,Pie shell,2026-05-05,232.0,73055,64.53407510431154,57.370612236655674
1778025600,244,239,48255,35392,2315,Pie shell,2026-05-06,241.5,83647,67.17663421418636,65.68858533652093
1778112000,232,232,60162,31694,2315,Pie shell,2026-05-07,232.0,91856,64.53407510431154,72.13517155034211
1778198400,243,237,29664,49142,2315,Pie shell,2026-05-08,240.0,78806,66.75938803894297,61.886913529832135
1778284800,233,231,35479,13251,2315,Pie shell,2026-05-09,232.0,48730,64.53407510431154,38.26801634785067
1778371200,236,236,55738,43650,2315,Pie shell,2026-05-10,236.0,99388,65.64673157162726,78.05010483850158
1778457600,243,236,96306,31068,2315,Pie shell,2026-05-11,239.5,127374,66.62030598052851,100.02771012294545
1778544000,244,237,98609,19460,2315,Pie shell,2026-05-12,240.5,118069,66.89847009735745,92.72042729682703
1778630400,250,253,61214,51655,2315,Pie shell,2026-05-13,251.5,112869,69.95827538247566,88.6368302311832
1778716800,256,251,38650,39725,2315,Pie shell,2026-05-14,253.5,78375,70.51460361613351,61.5484461576605
1778803200,262,260,61994,40398,2315,Pie shell,2026-05-15,261.0,102392,72.60083449235049,80.4091674510389
1778889600,263,261,52500,40790,2315,Pie shell,2026-05-16,262.0,93290,72.87899860917942,73.2613019719062
1778976000,277,272,51070,48024,2315,Pie shell,2026-05-17,274.5,99094,76.35605006954103,77.8192245428671
1779062400,270,263,25120,84371,2315,Pie shell,2026-05-18,266.5,109491,74.1307371349096,85.98406275277073
1779148800,268,259,66422,28488,2315,Pie shell,2026-05-19,263.5,94910,73.29624478442281,74.53349951927984
1779235200,256,252,27432,62179,2315,Pie shell,2026-05-20,254.0,89611,70.65368567454799,70.37215704796319
1779321600,264,250,45002,22427,2315,Pie shell,2026-05-21,257.0,67429,71.48817802503477,52.95247433448025
1779408000,258,256,26144,25125,2315,Pie shell,2026-05-22,257.0,51269,71.48817802503477,40.26191114586407
1779494400,259,252,24047,23105,2315,Pie shell,2026-05-23,255.5,47152,71.07093184979138,37.02880169985337
1779580800,267,263,25794,62382,2315,Pie shell,2026-05-24,265.0,88176,73.7134909596662,69.2452413192711
1779667200,270,264,69395,51781,2315,Pie shell,2026-05-25,267.0,121176,74.26981919332405,95.1603765435492
1779753600,275,271,33394,39833,2315,Pie shell,2026-05-26,273.0,73227,75.93880389429764,57.505685062673116
1779840000,260,258,31136,29939,2315,Pie shell,2026-05-27,259.0,61075,72.04450625869264,47.962632843114704
1779926400,263,260,18306,11311,2315,Pie shell,2026-05-28,261.5,29617,72.73991655076495,23.258441210225595
1780012800,260,254,21121,11867,2315,Pie shell,2026-05-29,257.0,32988,71.48817802503477,25.905711538742004
1780099200,261,256,35289,10602,2315,Pie shell,2026-05-30,258.5,45891,71.90542420027816,36.038529411434745
1780185600,271,253,46819,19294,2315,Pie shell,2026-05-31,262.0,66113,72.87899860917942,51.91901015402116
1780272000,257,252,19430,29828,2315,Pie shell,2026-06-01,254.5,49258,70.79276773296245,38.682658511439115
1780358400,266,271,17599,54782,2315,Pie shell,2026-06-02,268.5,72381,74.68706536856745,56.84131523237799
1780444800,266,260,31410,30325,2315,Pie shell,2026-06-03,263.0,61735,73.15716272600834,48.48093554760027
1780531200,267,262,47175,11520,2315,Pie shell,2026-06-04,264.5,58695,73.57440890125174,46.09360187845465
1780617600,263,263,37799,24164,2315,Pie shell,2026-06-05,263.0,61963,73.15716272600834,48.65998557278619
1780704000,259,260,24503,24089,2315,Pie shell,2026-06-06,259.5,48592,72.1835883171071,38.159643964185506
1780790400,265,256,79679,13616,2315,Pie shell,2026-06-07,260.5,93295,72.46175243393603,73.26522850754624
1780876800,262,253,76677,38030,2315,Pie shell,2026-06-08,257.5,114707,71.62726008344924,90.08022473246268
1780963200,255,255,41836,26731,2315,Pie shell,2026-06-09,255.0,68567,70.9318497913769,53.84615384615385
1781049600,252,253,49875,47981,2315,Pie shell,2026-06-10,252.5,97856,70.2364394993046,76.84701431839268
1781136000,245,256,121442,30029,2315,Pie shell,2026-06-11,250.5,151471,69.68011126564673,118.9512559865645
1781222400,257,255,36958,13609,2315,Pie shell,2026-06-12,256.0,50567,71.21001390820584,39.71062554200215
1781308800,256,252,28225,49661,2315,Pie shell,2026-06-13,254.0,77886,70.65368567454799,61.16443097206437
1781395200,245,226,24377,3465,2315,Pie shell,2026-06-14,235.5,27842,65.5076495132128,21.864521058010634
1781481600,250,233,36426,20241,2315,Pie shell,2026-06-15,241.5,56667,67.17663421418636,44.50099902285356
1781568000,242,232,28422,24746,2315,Pie shell,2026-06-16,237.0,53168,65.92489568845619,41.753209381952075
1781654400,242,235,42681,33679,2315,Pie shell,2026-06-17,238.5,76360,66.34214186369958,59.96605229472352
1781740800,244,239,36785,26309,2315,Pie shell,2026-06-18,241.5,63094,67.17663421418636,49.54816793456372
1781827200,243,233,45389,13002,2315,Pie shell,2026-06-19,238.0,58391,66.20305980528511,45.85486851154009
1781913600,235,227,33021,24472,2315,Pie shell,2026-06-20,231.0,57493,64.25591098748261,45.149662710588515
1782000000,235,224,54491,14830,2315,Pie shell,2026-06-21,229.5,69321,63.83866481223922,54.4382754206722
1782086400,233,222,54303,32452,2315,Pie shell,2026-06-22,227.5,86755,63.282336578581365,68.12931989037112
1782172800,232,229,24631,18688,2315,Pie shell,2026-06-23,230.5,43319,64.11682892906815,34.01871947819707
1782259200,238,233,44927,13449,2315,Pie shell,2026-06-24,235.5,58376,65.5076495132128,45.84308890461996
1782345600,306,286,28127,55237,2315,Pie shell,2026-06-25,296.0,83364,82.336578581363,65.46634341929455
1782432000,306,307,51427,101107,2315,Pie shell,2026-06-26,306.5,152534,85.25730180806676,119.78603746363747
1782518400,290,275,20669,39166,2315,Pie shell,2026-06-27,282.5,59835,78.58136300417246,46.988852004384256
1782604800,297,278,63087,34143,2315,Pie shell,2026-06-28,287.5,97230,79.97218358831711,76.3554120562594
1782691200,283,261,34507,42907,2315,Pie shell,2026-06-29,272.0,77414,75.6606397774687,60.7937660076444
1782777600,279,264,26680,47596,2315,Pie shell,2026-06-30,271.5,74276,75.52155771905424,58.32947223995396
1782864000,267,260,44589,44170,2315,Pie shell,2026-07-01,263.5,88759,73.29624478442281,69.70307537490001
1782950400,282,264,47979,25044,2315,Pie shell,2026-07-02,273.0,73023,75.93880389429764,57.3454824085594
1783036800,282,264,32433,37063,2315,Pie shell,2026-07-03,273.0,69496,75.93880389429764,54.57570416807367
1783123200,270,263,33810,15667,2315,Pie shell,2026-07-04,266.5,49477,74.1307371349096,38.85464077247296
1783209600,267,259,53589,31253,2315,Pie shell,2026-07-05,263.0,84842,73.15716272600834,66.62702735449099
1783296000,268,266,46752,48676,2315,Pie shell,2026-07-06,267.0,95428,74.26981919332405,74.94028861158822
1783382400,262,263,43148,49068,2315,Pie shell,2026-07-07,262.5,92216,73.01808066759388,72.41788211642515
1783468800,266,262,64624,30099,2315,Pie shell,2026-07-08,264.0,94723,73.43532684283728,74.38664708634228
1783555200,273,272,25958,47866,2315,Pie shell,2026-07-09,272.5,73824,75.79972183588318,57.97451341809414
1783641600,312,288,54927,60177,2315,Pie shell,2026-07-10,300.0,115104,83.44923504867872,90.39199166228204
1783728000,298,280,32265,26535,2315,Pie shell,2026-07-11,289.0,58800,80.3894297635605,46.17605912689554
1783814400,300,297,54402,32931,2315,Pie shell,2026-07-12,298.5,87333,83.03198887343532,68.58322741036
1783900800,303,299,58206,69703,2315,Pie shell,2026-07-13,301.0,127909,83.72739916550765,100.44784943642995
1783987200,295,290,30239,70723,2315,Pie shell,2026-07-14,292.5,100962,81.36300417246176,79.28617825798685
1784073600,286,285,61571,34475,2315,Pie shell,2026-07-15,285.5,96046,79.41585535465924,75.42560841669741
1784160000,301,295,69442,46012,2315,Pie shell,2026-07-16,298.0,115454,82.89290681502086,90.66684915708498
1784246400,294,297,29303,33760,2315,Pie shell,2026-07-17,295.5,63063,82.19749652294854,49.52382341359546
1784332800,292,283,52060,46617,2315,Pie shell,2026-07-18,287.5,98677,79.97218358831711,77.49175147048759
1784419200,295,287,47837,34313,2315,Pie shell,2026-07-19,291.0,82150,80.94575799721837,64.51298056589232
1784505600,305,298,39403,41031,2315,Pie shell,2026-07-20,301.5,80434,83.86648122392212,63.16539353422985
1784592000,300,294,35403,54929,2315,Pie shell,2026-07-21,297.0,90332,82.61474269819193,70.93836348725728
1784678400,284,276,20139,32528,2315,Pie shell,2026-07-22,280.0,52667,77.88595271210013,41.35977051081985
1784764800,273,270,25347,31195,2315,Pie shell,2026-07-23,271.5,56542,75.52155771905424,44.402835631852504
1784851200,275,269,45262,25935,2315,Pie shell,2026-07-24,272.0,71197,75.6606397774687,55.91151159281601
1784937600,275,258,39115,17307,2315,Pie shell,2026-07-25,266.5,56422,74.1307371349096,44.30859877649149
1785024000,278,264,58113,38733,2315,Pie shell,2026-07-26,271.0,96846,75.38247566063978,76.05385411910417
1785110400,262,242,69928,46122,2315,Pie shell,2026-07-27,252.0,116050,70.09735744089014,91.13489220537801
1785196800,250,241,31374,34025,2315,Pie shell,2026-07-28,245.5,65399,68.2892906815021,51.35830086462314
1785283200,250,234,30372,43894,2315,Pie shell,2026-07-29,242.0,74266,67.31571627260084,58.32161916867388
1785369600,258,257,16831,21942,2315,Pie shell,2026-07-30,257.5,38773,71.62726008344924,30.448713274270755
1785456000,250,243,26373,25120,2315,Pie shell,2026-07-31,246.5,51493,68.56745479833101,40.437819942537956
1785542400,261,250,24864,30788,2315,Pie shell,2026-08-01,255.5,55652,71.07093184979138,43.70391228792501
1785628800,273,274,49302,45007,2315,Pie shell,2026-08-02,273.5,94309,76.0778859527121,74.06152993534678
1785715200,269,267,44730,78226,2315,Pie shell,2026-08-03,268.0,122956,74.54798331015299,96.5582232314042
1785801600,283,272,57804,45458,2315,Pie shell,2026-08-04,277.5,103262,77.19054242002782,81.09238465240624
1785888000,287,270,46848,40196,2315,Pie shell,2026-08-05,278.5,87044,77.46870653685674,68.35627365036557
1785974400,283,273,70413,32505,2315,Pie shell,2026-08-06,278.0,102918,77.32962447844228,80.82223900037133
1786060800,276,281,49560,77291,2315,Pie shell,2026-08-07,278.5,126851,77.46870653685674,99.61699449499703
1786147200,285,276,42299,60301,2315,Pie shell,2026-08-08,280.5,102600,78.0250347705146,80.57251133366465
1786233600,282,277,46836,47746,2315,Pie shell,2026-08-09,279.5,94582,77.74687065368568,74.27591878129309
1786320000,284,278,39924,34315,2315,Pie shell,2026-08-10,281.0,74239,78.16411682892907,58.30041587621765
1786406400,289,284,29856,48377,2315,Pie shell,2026-08-11,286.5,78233,79.69401947148818,61.4369325454833
1786492800,287,284,34006,72088,2315,Pie shell,2026-08-12,285.5,106094,79.41585535465924,83.3163744389261
1786579200,284,283,52868,87941,2315,Pie shell,2026-08-13,283.5,140809,78.85952712100139,110.57831138773867
1786665600,276,270,49072,30023,2315,Pie shell,2026-08-14,273.0,79095,75.93880389429764,62.113867289826565
1786752000,287,283,60491,36396,2315,Pie shell,2026-08-15,285.0,96887,79.27677329624478,76.08605171135251
1786838400,274,268,50395,38053,2315,Pie shell,2026-08-16,271.0,88448,75.38247566063978,69.45884485808939
1786924800,298,287,51619,58037,2315,Pie shell,2026-08-17,292.5,109656,81.36300417246176,86.11363842889212
1787011200,276,270,51658,30104,2315,Pie shell,2026-08-18,273.0,81762,75.93880389429764,64.20828140022505
1787097600,259,242,28980,33779,2315,Pie shell,2026-08-19,250.5,62759,69.68011126564673,49.2850900466809
1787184000,235,217,37408,19902,2315,Pie shell,2026-08-20,226.0,57310,62.865090403337966,45.00595150616298
1787270400,219,220,41569,23540,2315,Pie shell,2026-08-21,219.5,65109,61.057023643949925,51.130561797500704
1787356800,262,254,69213,30363,2315,Pie shell,2026-08-22,258.0,99576,71.7663421418637,78.19774257856717
1787443200,282,281,75124,62595,2315,Pie shell,2026-08-23,281.5,137719,78.30319888734353,108.15171236219261
1787529600,285,277,64136,59900,2315,Pie shell,2026-08-24,281.0,124036,78.16411682892907,97.4063549296533
1787616000,292,278,43377,57466,2315,Pie shell,2026-08-25,285.0,100843,79.27677329624478,79.19272670975384
1756166400,1227,1205,1003366,301501,1660,Ruby necklace,2025-08-26,1216.0,1304867,100.0,130.9875402162698
1756252800,1222,1206,549980,286906,1660,Ruby necklace,2025-08-27,1214.0,836886,99.83552631578947,84.00981753805802
1756339200,1208,1191,555941,241205,1660,Ruby necklace,2025-08-28,1199.5,797146,98.64309210526315,80.02056434352205
1756425600,1197,1181,822849,282572,1660,Ruby necklace,2025-08-29,1189.0,1105421,97.7796052631579,110.96638791034579
1756512000,1182,1169,722107,171128,1660,Ruby necklace,2025-08-30,1175.5,893235,96.66940789473685,89.66634567743667
1756598400,1165,1150,650370,278828,1660,Ruby necklace,2025-08-31,1157.5,929198,95.1891447368421,93.27644916598969
1756684800,1172,1153,650854,455628,1660,Ruby necklace,2025-09-01,1162.5,1106482,95.60032894736842,111.07289514837805
1756771200,1174,1153,763973,317266,1660,Ruby necklace,2025-09-02,1163.5,1081239,95.68256578947368,108.53890626086744
1756857600,1184,1173,895753,310572,1660,Ruby necklace,2025-09-03,1178.5,1206325,96.91611842105263,121.09551736030694
1756944000,1202,1182,646749,473307,1660,Ruby necklace,2025-09-04,1192.0,1120056,98.02631578947368,112.43550518518306
1757030400,1191,1172,604421,204623,1660,Ruby necklace,2025-09-05,1181.5,809044,97.16282894736842,81.21493109008946
1757116800,1181,1164,356870,118489,1660,Ruby necklace,2025-09-06,1172.5,475359,96.42269736842105,47.71835453702622
1757203200,1166,1144,328112,149785,1660,Ruby necklace,2025-09-07,1155.0,477897,94.98355263157895,47.973128684176
1757289600,1149,1126,358825,158560,1660,Ruby necklace,2025-09-08,1137.5,517385,93.54440789473685,51.93708515488149
1757376000,1137,1126,297469,239854,1660,Ruby necklace,2025-09-09,1131.5,537323,93.05098684210526,53.93853785223071
1757462400,1135,1119,336504,320344,1660,Ruby necklace,2025-09-10,1127.0,656848,92.68092105263158,65.93691450237947
1757548800,1134,1120,533951,261575,1660,Ruby necklace,2025-09-11,1127.0,795526,92.68092105263158,79.85794254746901
1757635200,1140,1127,558085,444603,1660,Ruby necklace,2025-09-12,1133.5,1002688,93.21546052631578,100.65365644496423
1757721600,1168,1152,776755,314174,1660,Ruby necklace,2025-09-13,1160.0,1090929,95.39473684210526,109.51162552244405
1757808000,1181,1164,591654,245518,1660,Ruby necklace,2025-09-14,1172.5,837172,96.42269736842105,84.03852731192912
1757894400,1210,1198,517432,366176,1660,Ruby necklace,2025-09-15,1204.0,883608,99.01315789473685,88.69995059681769
1757980800,1212,1189,291707,314568,1660,Ruby necklace,2025-09-16,1200.5,606275,98.72532894736842,60.860203334607256
1758067200,1200,1182,380143,264361,1660,Ruby necklace,2025-09-17,1191.0,644504,97.94407894736842,64.6977765699851
1758153600,1185,1178,336593,294306,1660,Ruby necklace,2025-09-18,1181.5,630899,97.16282894736842,63.332054634613634
1758240000,1167,1158,271265,281694,1660,Ruby necklace,2025-09-19,1162.5,552959,95.60032894736842,55.508139335616825
1758326400,1125,1112,390412,169671,1660,Ruby necklace,2025-09-20,1118.5,560083,91.98190789473685,56.22327370295136
1758412800,1132,1116,343312,155433,1660,Ruby necklace,2025-09-21,1124.0,498745,92.43421052631578,50.06593066202416
1758499200,1122,1100,394820,238316,1660,Ruby necklace,2025-09-22,1111.0,633136,91.36513157894737,63.556613250521465
1758585600,1099,1081,572340,253478,1660,Ruby necklace,2025-09-23,1090.0,825818,89.63815789473685,82.89876936601162
1758672000,1087,1077,509705,260324,1660,Ruby necklace,2025-09-24,1082.0,770029,88.98026315789474,77.29845616847848
1758758400,1068,1046,688133,245645,1660,Ruby necklace,2025-09-25,1057.0,933778,86.92434210526315,93.73620708322609
1758844800,1098,1083,757931,356468,1660,Ruby necklace,2025-09-26,1090.5,1114399,89.67927631578947,111.86763388871881
1758931200,1129,1102,483490,518780,1660,Ruby necklace,2025-09-27,1115.5,1002270,91.73519736842105,100.61169600622955
1759017600,1132,1106,842351,497251,1660,Ruby necklace,2025-09-28,1119.0,1339602,92.02302631578947,134.4743723680616
1759104000,1114,1099,643067,474190,1660,Ruby necklace,2025-09-29,1106.5,1117257,90.99506578947368,112.1545308597803
1759190400,1095,1087,417730,617406,1660,Ruby necklace,2025-09-30,1091.0,1035136,89.7203947368421,103.910910789612
1759276800,1083,1073,710070,492713,1660,Ruby necklace,2025-10-01,1078.0,1202783,88.65131578947368,120.73995785313416
1759363200,1087,1068,694428,614118,1660,Ruby necklace,2025-10-02,1077.5,1308546,88.61019736842105,131.35685230742976
1759449600,1092,1071,540515,640186,1660,Ruby necklace,2025-10-03,1081.5,1180701,88.9391447368421,118.52328223557646
1759536000,1083,1071,894753,572726,1660,Ruby necklace,2025-10-04,1077.0,1467479,88.56907894736842,147.3111547223061
1759622400,1050,1013,926457,643068,1660,Ruby necklace,2025-10-05,1031.5,1569525,84.82730263157895,157.55492250010218
1759708800,1078,1060,896957,756368,1660,Ruby necklace,2025-10-06,1069.0,1653325,87.91118421052632,165.96708701198227
1759795200,1107,1096,794326,748626,1660,Ruby necklace,2025-10-07,1101.5,1542952,90.58388157894737,154.88742312570852
1759881600,1129,1105,872973,752736,1660,Ruby necklace,2025-10-08,1117.0,1625709,91.85855263157895,163.19488730840135
1759968000,1146,1122,1053694,555224,1660,Ruby necklace,2025-10-09,1134.0,1608918,93.25657894736842,161.50934250745888
1760054400,1155,1129,1007123,789613,1660,Ruby necklace,2025-10-10,1142.0,1796736,93.91447368421053,180.363231699491
1760140800,1159,1142,949136,637325,1660,Ruby necklace,2025-10-11,1150.5,1586461,94.61348684210526,159.25502295562964
1760227200,1152,1128,941815,606826,1660,Ruby necklace,2025-10-12,1140.0,1548641,93.75,155.45850670456394
1760313600,1152,1124,621666,395392,1660,Ruby necklace,2025-10-13,1138.0,1017058,93.58552631578947,102.0961720062496
1760400000,1131,1103,294482,267881,1660,Ruby necklace,2025-10-14,1117.0,562363,91.85855263157895,56.452148823322325
1760486400,1114,1086,408421,190585,1660,Ruby necklace,2025-10-15,1100.0,599006,90.46052631578947,60.130513312687725
1760572800,1107,1081,482894,197944,1660,Ruby necklace,2025-10-16,1094.0,680838,89.9671052631579,68.34512245751075
1760659200,1109,1087,519354,436201,1660,Ruby necklace,2025-10-17,1098.0,955555,90.29605263157895,95.92226563424293
1760745600,1111,1091,443905,417862,1660,Ruby necklace,2025-10-18,1101.0,861767,90.54276315789474,86.5074674810185
1760832000,1113,1090,602533,432689,1660,Ruby necklace,2025-10-19,1101.5,1035222,90.58388157894737,103.91954379853827
1760918400,1108,1091,580924,579643,1660,Ruby necklace,2025-10-20,1099.5,1160567,90.41940789473685,116.50215430858131
1761004800,1112,1097,639577,640973,1660,Ruby necklace,2025-10-21,1104.5,1280550,90.83059210526315,128.54650675045372
1761091200,1119,1098,425594,449978,1660,Ruby necklace,2025-10-22,1108.5,875572,91.15953947368422,87.89326618133478
1761177600,1127,1106,680815,474449,1660,Ruby necklace,2025-10-23,1116.5,1155264,91.81743421052632,115.96981888606939
1761264000,1150,1122,701788,384768,1660,Ruby necklace,2025-10-24,1136.0,1086556,93.42105263157895,109.07264705692552
1761350400,1149,1125,720138,564189,1660,Ruby necklace,2025-10-25,1137.0,1284327,93.50328947368422,128.92565645643666
1761436800,1147,1130,755225,602770,1660,Ruby necklace,2025-10-26,1138.5,1357995,93.6266447368421,136.32073205621208
1761523200,1141,1125,939501,521152,1660,Ruby necklace,2025-10-27,1133.0,1460653,93.17434210526315,146.62593473473933
1761609600,1138,1124,785031,546272,1660,Ruby necklace,2025-10-28,1131.0,1331303,93.00986842105263,133.64128700667627
1761696000,1131,1113,625857,359198,1660,Ruby necklace,2025-10-29,1122.0,985055,92.26973684210526,98.88358846360406
1761782400,1144,1123,703359,545094,1660,Ruby necklace,2025-10-30,1133.5,1248453,93.21546052631578,125.32448712828408
1761868800,1139,1118,671331,623538,1660,Ruby necklace,2025-10-31,1128.5,1294869,92.80427631578947,129.98390273667817
1761955200,1134,1118,641045,514091,1660,Ruby necklace,2025-11-01,1126.0,1155136,92.59868421052632,115.95696975650469
1762041600,1129,1115,679066,599235,1660,Ruby necklace,2025-11-02,1122.0,1278301,92.26973684210526,128.3207435286492
1762128000,1125,1113,619504,640327,1660,Ruby necklace,2025-11-03,1119.0,1259831,92.02302631578947,126.46665428599495
1762214400,1129,1114,740589,676279,1660,Ruby necklace,2025-11-04,1121.5,1416868,92.22861842105263,142.23062896919436
1762300800,1142,1116,908478,492131,1660,Ruby necklace,2025-11-05,1129.0,1400609,92.8453947368421,140.59848836300512
1762387200,1135,1115,706116,627883,1660,Ruby necklace,2025-11-06,1125.0,1333999,92.51644736842105,133.91192179813243
1762473600,1129,1120,625625,707405,1660,Ruby necklace,2025-11-07,1124.5,1333030,92.47532894736842,133.81464987197478
1762560000,1122,1106,818461,938128,1660,Ruby necklace,2025-11-08,1114.0,1756589,91.61184210526315,176.33312228829232
1762646400,1114,1098,742128,1021249,1660,Ruby necklace,2025-11-09,1106.0,1763377,90.95394736842105,177.01452769051954
1762732800,1102,1095,657189,861850,1660,Ruby necklace,2025-11-10,1098.5,1519039,90.33717105263158,152.48694472508097
1762819200,1109,1089,866231,1171634,1660,Ruby necklace,2025-11-11,1099.0,2037865,90.37828947368422,204.56868297138988
1762905600,1104,1092,536397,733768,1660,Ruby necklace,2025-11-12,1098.0,1270165,90.29605263157895,127.50402073069387
1762992000,1115,1098,700111,694995,1660,Ruby necklace,2025-11-13,1106.5,1395106,90.99506578947368,140.04607617554836
1763078400,1135,1117,830397,640132,1660,Ruby necklace,2025-11-14,1126.0,1470529,92.59868421052632,147.61732538771463
1763164800,1163,1143,756799,468689,1660,Ruby necklace,2025-11-15,1153.0,1225488,94.81907894736842,123.019172593495
1763251200,1160,1146,806292,579230,1660,Ruby necklace,2025-11-16,1153.0,1385522,94.81907894736842,139.08399759939255
1763337600,1124,1096,1164569,593226,1660,Ruby necklace,2025-11-17,1110.0,1757795,91.2828947368421,176.45418518090958
1763424000,1129,1107,785718,428455,1660,Ruby necklace,2025-11-18,1118.0,1214173,91.94078947368422,121.88332961674173
1763510400,1117,1098,516090,362061,1660,Ruby necklace,2025-11-19,1107.5,878151,91.07730263157895,88.15215606529824
1763596800,1155,1128,351161,122325,1660,Ruby necklace,2025-11-20,1141.5,473486,93.8733552631579,47.53033563331797
1763683200,1153,1133,902963,681709,1660,Ruby necklace,2025-11-21,1143.0,1584672,93.99671052631578,159.07543629319824
1763769600,1176,1161,660867,463913,1660,Ruby necklace,2025-11-22,1168.5,1124780,96.09375,112.90971837317973
1763856000,1178,1179,780264,528106,1660,Ruby necklace,2025-11-23,1178.5,1308370,96.91611842105263,131.33918475427834
1763942400,1230,1201,481884,457903,1660,Ruby necklace,2025-11-24,1215.5,939787,99.95888157894737,94.33941348599323
1764028800,1197,1182,751253,455714,1660,Ruby necklace,2025-11-25,1189.5,1206967,97.82072368421053,121.15996377577983
1764115200,1152,1128,733371,355676,1660,Ruby necklace,2025-11-26,1140.0,1089047,93.75,109.32270316431327
1764201600,1189,1286,671340,287323,1660,Ruby necklace,2025-11-27,1237.5,958663,101.76809210526316,96.23425856148545
1764288000,1248,1202,354464,282597,1660,Ruby necklace,2025-11-28,1225.0,637061,100.74013157894737,63.950619762563576
1764374400,1243,1251,488791,434441,1660,Ruby necklace,2025-11-29,1247.0,923232,102.54934210526316,92.67755926768567
1764460800,1199,1172,574087,373426,1660,Ruby necklace,2025-11-30,1185.5,947513,97.49177631578947,95.11497891581168
1764547200,1221,1198,318261,177286,1660,Ruby necklace,2025-12-01,1209.5,495547,99.46546052631578,49.744903190556464
1764633600,1200,1183,434182,268960,1660,Ruby necklace,2025-12-02,1191.5,703142,97.98519736842105,70.58408328415722
1764720000,1198,1171,343305,424854,1660,Ruby necklace,2025-12-03,1184.5,768159,97.40953947368422,77.1107384162444
1764806400,1210,1192,523618,363041,1660,Ruby necklace,2025-12-04,1201.0,886659,98.76644736842105,89.00622164605095
1764892800,1221,1202,530845,476717,1660,Ruby necklace,2025-12-05,1211.5,1007562,99.62993421052632,101.14292720666951
1764979200,1215,1196,517502,458375,1660,Ruby necklace,2025-12-06,1205.5,975877,99.13651315789474,97.96226572028621
1765065600,1206,1191,356553,338555,1660,Ruby necklace,2025-12-07,1198.5,695108,98.5608552631579,69.77759963632376
1765152000,1201,1188,460490,489413,1660,Ruby necklace,2025-12-08,1194.5,949903,98.23190789473685,95.3548962569023
1765238400,1178,1154,662496,337866,1660,Ruby necklace,2025-12-09,1166.0,1000362,95.88815789473685,100.42016366865593
1765324800,1147,1129,602564,306733,1660,Ruby necklace,2025-12-10,1138.0,909297,93.58552631578947,91.27871067015525
1765411200,1126,1112,667963,425686,1660,Ruby necklace,2025-12-11,1119.0,1093649,92.02302631578947,109.78466952569362
1765497600,1144,1123,470690,419586,1660,Ruby necklace,2025-12-12,1133.5,890276,93.21546052631578,89.36930994007804
1765584000,1174,1146,530529,423304,1660,Ruby necklace,2025-12-13,1160.0,953833,95.39473684210526,95.74940468806803
1765670400,1179,1158,429431,470186,1660,Ruby necklace,2025-12-14,1168.5,899617,96.09375,90.3069952468259
1765756800,1192,1167,378496,320072,1660,Ruby necklace,2025-12-15,1179.5,698568,96.9983552631579,70.12492766986915
1765843200,1188,1155,477029,294054,1660,Ruby necklace,2025-12-16,1171.5,771083,96.34046052631578,77.40426071973768
1765929600,1158,1136,640493,397530,1660,Ruby necklace,2025-12-17,1147.0,1038023,94.32565789473685,104.2007188915905
1766016000,1185,1162,737283,377694,1660,Ruby necklace,2025-12-18,1173.5,1114977,96.50493421052632,111.92565573940934
1766102400,1193,1165,557193,411911,1660,Ruby necklace,2025-12-19,1179.0,969104,96.95723684210526,97.28236607542985
1766188800,1180,1160,501685,517045,1660,Ruby necklace,2025-12-20,1170.0,1018730,96.2171052631579,102.26401376118832
1766275200,1184,1177,562492,531425,1660,Ruby necklace,2025-12-21,1180.5,1093917,97.08059210526315,109.81157239071966
1766361600,1195,1169,338625,388405,1660,Ruby necklace,2025-12-22,1182.0,727030,97.20394736842105,72.98205208916664
1766448000,1183,1166,454240,431483,1660,Ruby necklace,2025-12-23,1174.5,885723,96.58717105263158,88.91226238610918
1766534400,1181,1165,396537,428285,1660,Ruby necklace,2025-12-24,1173.0,824822,96.46381578947368,82.79878707658641
1766620800,1185,1165,541023,406386,1660,Ruby necklace,2025-12-25,1175.0,947409,96.62828947368422,95.10453899804037
1766707200,1181,1160,552618,432989,1660,Ruby necklace,2025-12-26,1170.5,985607,96.25822368421053,98.93900033485177
1766793600,1171,1147,754739,456342,1660,Ruby necklace,2025-12-27,1159.0,1211081,95.3125,121.5729428306948
1766880000,1171,1149,572510,434082,1660,Ruby necklace,2025-12-28,1160.0,1006592,95.39473684210526,101.04555489668712
1766966400,1173,1150,378781,365080,1660,Ruby necklace,2025-12-29,1161.5,743861,95.51809210526315,74.67161224309807
1767052800,1171,1146,707714,464611,1660,Ruby necklace,2025-12-30,1158.5,1172325,95.27138157894737,117.68246731968735
1767139200,1161,1140,486391,266250,1660,Ruby necklace,2025-12-31,1150.5,752641,94.61348684210526,75.55298222417572
1767225600,1153,1135,518212,416903,1660,Ruby necklace,2026-01-01,1144.0,935115,94.07894736842105,93.87042025688221
1767312000,1144,1126,452568,258078,1660,Ruby necklace,2026-01-02,1135.0,710646,93.33881578947368,71.33736350488691
1767398400,1147,1129,492893,325975,1660,Ruby necklace,2026-01-03,1138.0,818868,93.58552631578947,82.20110178417909
1767484800,1152,1130,431961,366446,1660,Ruby necklace,2026-01-04,1141.0,798407,93.83223684210526,80.14714834649915
1767571200,1172,1139,558718,520936,1660,Ruby necklace,2026-01-05,1155.5,1079654,95.02467105263158,108.37979789867975
1767657600,1176,1154,639355,496275,1660,Ruby necklace,2026-01-06,1165.0,1135630,95.80592105263158,113.9988828714363
1767744000,1181,1155,560361,437207,1660,Ruby necklace,2026-01-07,1168.0,997568,96.05263157894737,100.13969126237679
1767830400,1180,1157,586803,474772,1660,Ruby necklace,2026-01-08,1168.5,1061575,96.09375,106.56495873149264
1767916800,1168,1152,790267,539269,1660,Ruby necklace,2026-01-09,1160.0,1329536,95.39473684210526,133.46390878838875
1768003200,1181,1156,628645,713398,1660,Ruby necklace,2026-01-10,1168.5,1342043,96.09375,134.71940928421316
1768089600,1173,1153,664498,540393,1660,Ruby necklace,2026-01-11,1163.0,1204891,95.64144736842105,120.9515669556526
1768176000,1178,1157,756734,451628,1660,Ruby necklace,2026-01-12,1167.5,1208362,96.01151315789474,121.29999921126995
1768262400,1188,1170,516536,475772,1660,Ruby necklace,2026-01-13,1179.0,992308,96.95723684210526,99.611672344328
1768348800,1220,1198,511445,426556,1660,Ruby necklace,2026-01-14,1209.0,938001,99.42434210526315,94.16012797503598
1768435200,1225,1196,692538,519838,1660,Ruby necklace,2026-01-15,1210.5,1212376,99.54769736842105,121.70293988371253
1768521600,1215,1199,839081,505617,1660,Ruby necklace,2026-01-16,1207.0,1344698,99.25986842105263,134.98592833885564
1768608000,1210,1188,813893,580156,1660,Ruby necklace,2026-01-17,1199.0,1394049,98.60197368421053,139.939970472815
1768694400,1215,1197,932454,442114,1660,Ruby necklace,2026-01-18,1206.0,1374568,99.17763157894737,137.9843931833647
1768780800,1199,1174,967653,473670,1660,Ruby necklace,2026-01-19,1186.5,1441323,97.57401315789474,144.68551540282238
1768867200,1210,1190,608883,456681,1660,Ruby necklace,2026-01-20,1200.0,1065564,98.68421052631578,106.96538980831708
1768953600,1219,1195,512066,404838,1660,Ruby necklace,2026-01-21,1207.0,916904,99.25986842105263,92.04233042483152
1769040000,1212,1194,502790,378440,1660,Ruby necklace,2026-01-22,1203.0,881230,98.93092105263158,88.46123786162377
1769126400,1184,1165,775202,365743,1660,Ruby necklace,2026-01-23,1174.5,1140945,96.58717105263158,114.5324228998449
1769212800,1193,1176,505772,429981,1660,Ruby necklace,2026-01-24,1184.5,935753,97.40953947368422,93.9344651370562
1769299200,1173,1152,730597,487629,1660,Ruby necklace,2026-01-25,1162.5,1218226,95.60032894736842,122.29018525834854
1769385600,1181,1159,683596,578351,1660,Ruby necklace,2026-01-26,1170.0,1261947,96.2171052631579,126.67906645911116
1769472000,1199,1179,449561,563261,1660,Ruby necklace,2026-01-27,1189.0,1012822,97.7796052631579,101.6709461247183
1769558400,1198,1176,539643,357618,1660,Ruby necklace,2026-01-28,1187.0,897261,97.61513157894737,90.07049095577591
1769644800,1174,1143,614425,456296,1660,Ruby necklace,2026-01-29,1158.5,1070721,95.27138157894737,107.4830691924193
1769731200,1173,1146,432007,395044,1660,Ruby necklace,2026-01-30,1159.5,827051,95.35361842105263,83.02254262189645
1769817600,1185,1160,362285,198854,1660,Ruby necklace,2026-01-31,1172.5,561139,96.42269736842105,56.32927902186001
1769904000,1183,1161,470729,310447,1660,Ruby necklace,2026-02-01,1172.0,781176,96.38157894736842,78.41743466267809
1769990400,1174,1158,653778,280839,1660,Ruby necklace,2026-02-02,1166.0,934617,95.88815789473685,93.8204291121696
1770076800,1170,1153,464782,345768,1660,Ruby necklace,2026-02-03,1161.5,810550,95.51809210526315,81.36610913012397
1770163200,1170,1145,394260,444901,1660,Ruby necklace,2026-02-04,1157.5,839161,95.1891447368421,84.23819073930537
1770249600,1176,1151,511933,513300,1660,Ruby necklace,2026-02-05,1163.5,1025233,95.68256578947368,102.9168097733692
1770336000,1179,1159,251725,280454,1660,Ruby necklace,2026-02-06,1169.0,532179,96.13486842105263,53.42216345784991
1770422400,1164,1146,393504,313839,1660,Ruby necklace,2026-02-07,1155.0,707343,94.98355263157895,71.00579573182318
1770508800,1173,1154,345645,269575,1660,Ruby necklace,2026-02-08,1163.5,615220,95.68256578947368,61.758136646764385
1770595200,1185,1169,344510,225591,1660,Ruby necklace,2026-02-09,1177.0,570101,96.79276315789474,57.22891885903745
1770681600,1171,1148,426904,595970,1660,Ruby necklace,2026-02-10,1159.5,1022874,95.35361842105263,102.68000433084501
1770768000,1181,1153,351657,557504,1660,Ruby necklace,2026-02-11,1167.0,909161,95.9703947368421,91.26505846999277
1770854400,1186,1166,411356,320345,1660,Ruby necklace,2026-02-12,1176.0,731701,96.71052631578947,73.45094493445295
1770940800,1201,1174,292942,329044,1660,Ruby necklace,2026-02-13,1187.5,621986,97.65625,62.43733360484768
1771027200,1198,1179,326119,528435,1660,Ruby necklace,2026-02-14,1188.5,854554,97.73848684210526,85.78339895328352
1771113600,1191,1179,261423,472917,1660,Ruby necklace,2026-02-15,1185.0,734340,97.45065789473685,73.71585784789987
1771200000,1193,1178,268210,399856,1660,Ruby necklace,2026-02-16,1185.5,668066,97.49177631578947,67.06302024813448
1771286400,1197,1183,245737,354662,1660,Ruby necklace,2026-02-17,1190.0,600399,97.86184210526315,60.270347980528406
1771372800,1201,1187,211262,345663,1660,Ruby necklace,2026-02-18,1194.0,556925,98.19078947368422,55.90626158447263
1771459200,1199,1189,226726,285937,1660,Ruby necklace,2026-02-19,1194.0,512663,98.19078947368422,51.463072734534265
1771545600,1198,1187,156004,401796,1660,Ruby necklace,2026-02-20,1192.5,557800,98.06743421052632,55.994097431106226
1771632000,1190,1176,306100,513967,1660,Ruby necklace,2026-02-21,1183.0,820067,97.28618421052632,82.32146199002328
1771718400,1186,1170,400560,681391,1660,Ruby necklace,2026-02-22,1178.0,1081951,96.875,108.61037954407102
1771804800,1191,1173,446444,619327,1660,Ruby necklace,2026-02-23,1182.0,1065771,97.20394736842105,106.98616926003498
1771891200,1198,1175,483301,688962,1660,Ruby necklace,2026-02-24,1186.5,1172263,97.57401315789474,117.67624352255446
1771977600,1203,1181,408224,388370,1660,Ruby necklace,2026-02-25,1192.0,796594,98.02631578947368,79.96515247227435
1772064000,1198,1183,399227,448023,1660,Ruby necklace,2026-02-26,1190.5,847250,97.90296052631578,85.05019549749866
1772150400,1200,1186,347380,405522,1660,Ruby necklace,2026-02-27,1193.0,752902,98.10855263157895,75.57918240242873
1772236800,1202,1185,360063,315544,1660,Ruby necklace,2026-02-28,1193.5,675607,98.14967105263158,67.82001467037895
1772323200,1208,1193,262617,622591,1660,Ruby necklace,2026-03-01,1200.5,885208,98.72532894736842,88.86056471637627
1772409600,1214,1196,389898,500271,1660,Ruby necklace,2026-03-02,1205.0,890169,99.0953947368421,89.35856887083256
1772496000,1215,1196,240039,440962,1660,Ruby necklace,2026-03-03,1205.5,681001,99.13651315789474,68.36148502094078
1772582400,1215,1195,298295,355450,1660,Ruby necklace,2026-03-04,1205.0,653745,99.0953947368421,65.62542349426056
1772668800,1213,1196,462868,680554,1660,Ruby necklace,2026-03-05,1204.5,1143422,99.05427631578947,114.78107363368653
1772755200,1194,1182,792096,696523,1660,Ruby necklace,2026-03-06,1188.0,1488619,97.69736842105263,149.43326877697368
1772841600,1189,1177,352427,523663,1660,Ruby necklace,2026-03-07,1183.0,876090,97.28618421052632,87.94526500254186
1772928000,1191,1177,448895,580349,1660,Ruby necklace,2026-03-08,1184.0,1029244,97.36842105263158,103.31944929433756
1773014400,1195,1184,446137,455377,1660,Ruby necklace,2026-03-09,1189.5,901514,97.82072368421053,90.49742336232754
1773100800,1193,1181,621028,668019,1660,Ruby necklace,2026-03-10,1187.0,1289047,97.61513157894737,129.39946810913443
1773187200,1188,1171,412735,348879,1660,Ruby necklace,2026-03-11,1179.5,761614,96.9983552631579,76.45372628342513
1773273600,1158,1141,648053,611419,1660,Ruby necklace,2026-03-12,1149.5,1259472,94.53125,126.430616492919
1773360000,1148,1132,638862,684799,1660,Ruby necklace,2026-03-13,1140.0,1323661,93.75,132.87415381813463
1773446400,1153,1132,537891,754185,1660,Ruby necklace,2026-03-14,1142.5,1292076,93.95559210526315,129.70353071422375
1773532800,1144,1130,372958,416679,1660,Ruby necklace,2026-03-15,1137.0,789637,93.50328947368422,79.26678220366875
1773619200,1151,1137,457484,587949,1660,Ruby necklace,2026-03-16,1144.0,1045433,94.07894736842105,104.94456303279611
1773705600,1147,1129,394531,471979,1660,Ruby necklace,2026-03-17,1138.0,866510,93.58552631578947,86.98358796168493
1773792000,1144,1132,317465,355454,1660,Ruby necklace,2026-03-18,1138.0,672919,93.58552631578947,67.55018294952056
1773878400,1153,1131,460653,782909,1660,Ruby necklace,2026-03-19,1142.0,1243562,93.91447368421053,124.83350984155848
1773964800,1149,1133,353897,668114,1660,Ruby necklace,2026-03-20,1141.0,1022011,93.83223684210526,102.59337309010812
1774051200,1160,1141,338613,686284,1660,Ruby necklace,2026-03-21,1150.5,1024897,94.61348684210526,102.88308080826187
1774137600,1157,1137,376363,857993,1660,Ruby necklace,2026-03-22,1147.0,1234356,94.32565789473685,123.90937635114835
1774224000,1156,1135,225796,682610,1660,Ruby necklace,2026-03-23,1145.5,908406,94.20230263157895,91.18926868232607
1774310400,1161,1140,276087,499549,1660,Ruby necklace,2026-03-24,1150.5,775636,94.61348684210526,77.86130827370654
1774396800,1172,1146,303360,245620,1660,Ruby necklace,2026-03-25,1159.0,548980,95.3125,55.108712097039614
1774483200,1150,1134,646190,457654,1660,Ruby necklace,2026-03-26,1142.0,1103844,93.91447368421053,110.80808261875586
1774569600,1139,1130,351857,931817,1660,Ruby necklace,2026-03-27,1134.5,1283674,93.29769736842105,128.8601058188918
1774656000,1150,1132,260610,585275,1660,Ruby necklace,2026-03-28,1141.0,845885,93.83223684210526,84.91317157675024
1774742400,1166,1150,287648,617198,1660,Ruby necklace,2026-03-29,1158.0,904846,95.23026315789474,90.83190226630825
1774828800,1174,1156,495650,635845,1660,Ruby necklace,2026-03-30,1165.0,1131495,95.80592105263158,113.58379575620212
1774915200,1180,1158,294855,527986,1660,Ruby necklace,2026-03-31,1169.0,822841,96.13486842105263,82.59992671980795
1775001600,1168,1155,333379,253731,1660,Ruby necklace,2026-04-01,1161.5,587110,95.51809210526315,58.93634733376977
1775088000,1168,1151,265342,497727,1660,Ruby necklace,2026-04-02,1159.5,763069,95.35361842105263,76.5997847483987
1775174400,1170,1152,340563,673134,1660,Ruby necklace,2026-04-03,1161.0,1013697,95.47697368421053,101.75878197135188
1775260800,1166,1154,390392,722943,1660,Ruby necklace,2026-04-04,1160.0,1113335,95.39473684210526,111.76082549921236
1775347200,1159,1148,344837,586927,1660,Ruby necklace,2026-04-05,1153.5,931764,94.86019736842105,93.53403406023173
1775433600,1153,1138,397864,507451,1660,Ruby necklace,2026-04-06,1145.5,905315,94.20230263157895,90.87898228010386
1775520000,1153,1138,477767,387343,1660,Ruby necklace,2026-04-07,1145.5,865110,94.20230263157895,86.84305060707118
1775606400,1152,1137,262498,417355,1660,Ruby necklace,2026-04-08,1144.5,679853,94.12006578947368,68.24624439015751
1775692800,1146,1132,334252,517517,1660,Ruby necklace,2026-04-09,1139.0,851769,93.66776315789474,85.50383000142688
1775779200,1142,1127,347787,506506,1660,Ruby necklace,2026-04-10,1134.5,854293,93.29769736842105,85.75719877503053
1775865600,1134,1124,287662,758257,1660,Ruby necklace,2026-04-11,1129.0,1045919,92.8453947368421,104.99334957161204
1775952000,1130,1119,419318,471974,1660,Ruby necklace,2026-04-12,1124.5,891292,92.47532894736842,89.47129990599772
1776038400,1129,1115,458164,489029,1660,Ruby necklace,2026-04-13,1122.0,947193,92.26973684210526,95.08285609189996
1776124800,1118,1100,376393,275286,1660,Ruby necklace,2026-04-14,1109.0,651679,91.20065789473685,65.41803051238055
1776211200,1110,1089,309249,309527,1660,Ruby necklace,2026-04-15,1099.5,618776,90.41940789473685,62.1151015274833
1776297600,1110,1097,308575,400514,1660,Ruby necklace,2026-04-16,1103.5,709089,90.7483552631579,71.18106588979147
1776384000,1143,1124,605705,485612,1660,Ruby necklace,2026-04-17,1133.5,1091317,93.21546052631578,109.55057444643698
1776470400,1166,1152,361134,675079,1660,Ruby necklace,2026-04-18,1159.0,1036213,95.3125,104.01902416883986
1776556800,1171,1162,315532,599171,1660,Ruby necklace,2026-04-19,1166.5,914703,95.92927631578947,91.82138562661376
1776643200,1179,1168,375114,614191,1660,Ruby necklace,2026-04-20,1173.5,989305,96.50493421052632,99.31021971868151
1776729600,1180,1166,370537,477247,1660,Ruby necklace,2026-04-21,1173.0,847784,96.46381578947368,85.10380045990132
1776816000,1178,1167,248241,520951,1660,Ruby necklace,2026-04-22,1172.5,769192,96.42269736842105,77.2144349071844
1776902400,1174,1161,342153,485772,1660,Ruby necklace,2026-04-23,1167.5,827925,96.01151315789474,83.11027808470531
1776988800,1173,1157,385637,442232,1660,Ruby necklace,2026-04-24,1165.0,827869,95.80592105263158,83.10465659052076
1777075200,1174,1162,297874,386584,1660,Ruby necklace,2026-04-25,1168.0,684458,96.05263157894737,68.70851190301201
1777161600,1175,1159,250891,452099,1660,Ruby necklace,2026-04-26,1167.0,702990,95.9703947368421,70.56882494279915
1777248000,1183,1166,262788,432014,1660,Ruby necklace,2026-04-27,1174.5,694802,96.58717105263158,69.74688218595817
1777334400,1200,1188,363656,362676,1660,Ruby necklace,2026-04-28,1194.0,726332,98.19078947368422,72.91198417950923
1777420800,1232,1204,308258,402586,1660,Ruby necklace,2026-04-29,1218.0,710844,100.16447368421053,71.35723950218228
1777507200,1216,1201,228548,391242,1660,Ruby necklace,2026-04-30,1208.5,619790,99.38322368421053,62.21689072575355
1777593600,1202,1191,375249,398716,1660,Ruby necklace,2026-05-01,1196.5,773965,98.39638157894737,77.69356690259256
1777680000,1229,1209,240238,368904,1660,Ruby necklace,2026-05-02,1219.0,609142,100.2467105263158,61.148003760091264
1777766400,1207,1191,275156,281848,1660,Ruby necklace,2026-05-03,1199.0,557004,98.60197368421053,55.91419190662583
1777852800,1194,1171,297688,401940,1660,Ruby necklace,2026-05-04,1182.5,699628,97.24506578947368,70.2313345240767
1777939200,1184,1167,169052,256764,1660,Ruby necklace,2026-05-05,1175.5,425816,96.66940789473685,42.74503870871985
1778025600,1177,1165,207549,376889,1660,Ruby necklace,2026-05-06,1171.0,584438,96.29934210526315,58.66812175410696
1778112000,1174,1159,256410,290714,1660,Ruby necklace,2026-05-07,1166.5,547124,95.92927631578947,54.92239971835167
1778198400,1176,1169,321173,301046,1660,Ruby necklace,2026-05-08,1172.5,622219,96.42269736842105,62.4607230360084
1778284800,1191,1173,195711,271148,1660,Ruby necklace,2026-05-09,1182.0,466859,97.20394736842105,46.86509202687132
1778371200,1191,1171,306611,348284,1660,Ruby necklace,2026-05-10,1181.0,654895,97.12171052631578,65.74086489269328
1778457600,1184,1171,117694,407479,1660,Ruby necklace,2026-05-11,1177.5,525173,96.83388157894737,52.718874381832826
1778544000,1210,1181,267491,300735,1660,Ruby necklace,2026-05-12,1195.5,568226,98.3141447368421,57.040699187679756
1778630400,1204,1183,191484,193729,1660,Ruby necklace,2026-05-13,1193.5,385213,98.14967105263158,38.66915427344698
1778716800,1191,1172,261178,342326,1660,Ruby necklace,2026-05-14,1181.5,603504,97.16282894736842,60.58203975629676
1778803200,1185,1173,187427,357494,1660,Ruby necklace,2026-05-15,1179.0,544921,96.95723684210526,54.701254152484466
1778889600,1184,1171,213199,283371,1660,Ruby necklace,2026-05-16,1177.5,496570,96.83388157894737,49.84759584324922
1778976000,1163,1143,214519,247981,1660,Ruby necklace,2026-05-17,1153.0,462500,94.81907894736842,46.42751893489894
1779062400,1149,1126,298337,200288,1660,Ruby necklace,2026-05-18,1137.5,498625,93.54440789473685,50.05388460305726
1779148800,1135,1129,322567,184108,1660,Ruby necklace,2026-05-19,1132.0,506675,93.0921052631579,50.86197439208632
1779235200,1157,1142,150956,151426,1660,Ruby necklace,2026-05-20,1149.5,302382,94.53125,30.354261687724566
1779321600,1176,1170,397687,314530,1660,Ruby necklace,2026-05-21,1173.0,712217,96.46381578947368,71.49506649352847
1779408000,1195,1181,226500,379450,1660,Ruby necklace,2026-05-22,1188.0,605950,97.69736842105263,60.82757859157192
1779494400,1199,1187,232580,275167,1660,Ruby necklace,2026-05-23,1193.0,507747,98.10855263157895,50.969585852190555
1779580800,1184,1178,296416,294556,1660,Ruby necklace,2026-05-24,1181.0,590972,97.12171052631578,59.32402966485426
1779667200,1183,1164,220181,293349,1660,Ruby necklace,2026-05-25,1173.5,513530,96.50493421052632,51.55010551057006
1779753600,1162,1145,284797,327022,1660,Ruby necklace,2026-05-26,1153.5,611819,94.86019736842105,61.4167312588777
1779840000,1144,1132,182414,217347,1660,Ruby necklace,2026-05-27,1138.0,399761,93.58552631578947,40.12953815553327
1779926400,1129,1114,225578,268594,1660,Ruby necklace,2026-05-28,1121.5,494172,92.22861842105263,49.60687543156082
1780012800,1132,1120,260599,519174,1660,Ruby necklace,2026-05-29,1126.0,779773,92.59868421052632,78.27659615659016
1780099200,1133,1115,217022,490243,1660,Ruby necklace,2026-05-30,1124.0,707265,92.43421052631578,70.9979657934947
1780185600,1119,1105,231238,486113,1660,Ruby necklace,2026-05-31,1112.0,717351,91.44736842105263,72.01043704966203
1780272000,1120,1110,234311,382839,1660,Ruby necklace,2026-06-01,1115.0,617150,91.69407894736842,61.95187742848191
1780358400,1125,1110,166387,337547,1660,Ruby necklace,2026-06-02,1117.5,503934,91.89967105263158,50.58682232851754
1780444800,1138,1119,193513,367540,1660,Ruby necklace,2026-06-03,1128.5,561053,92.80427631578947,56.320646012933736
1780531200,1144,1126,230522,464471,1660,Ruby necklace,2026-06-04,1135.0,694993,93.33881578947368,69.76605549648048
1780617600,1122,1107,389993,504717,1660,Ruby necklace,2026-06-05,1114.5,894710,91.65296052631578,89.81441181890472
1780704000,1117,1105,317012,616328,1660,Ruby necklace,2026-06-06,1111.0,933340,91.36513157894737,93.69223896799693
1780790400,1113,1101,414556,541931,1660,Ruby necklace,2026-06-07,1107.0,956487,91.03618421052632,96.0158233588858
1780876800,1122,1102,277908,516566,1660,Ruby necklace,2026-06-08,1112.0,794474,91.44736842105263,79.75233876385924
1780963200,1128,1111,167583,363669,1660,Ruby necklace,2026-06-09,1119.5,531252,92.0641447368421,53.32910765233066
1781049600,1123,1106,285268,380062,1660,Ruby necklace,2026-06-10,1114.5,665330,91.65296052631578,66.78837010368932
1781136000,1128,1116,204591,447022,1660,Ruby necklace,2026-06-11,1122.0,651613,92.26973684210526,65.41140517994877
1781222400,1133,1116,357799,343774,1660,Ruby necklace,2026-06-12,1124.5,701573,92.47532894736842,70.42658106316509
1781308800,1144,1129,302740,495738,1660,Ruby necklace,2026-06-13,1136.5,798478,93.46217105263158,80.15427559805457
1781395200,1141,1122,281829,469462,1660,Ruby necklace,2026-06-14,1131.5,751291,93.05098684210526,75.4174640607982
1781481600,1149,1132,361163,587661,1660,Ruby necklace,2026-06-15,1140.5,948824,93.79111842105263,95.24658211002497
1781568000,1144,1132,292877,358454,1660,Ruby necklace,2026-06-16,1138.0,651331,93.58552631578947,65.38309694137656
1781654400,1156,1144,146599,312398,1660,Ruby necklace,2026-06-17,1150.0,458997,94.57236842105263,46.0758743968904
1781740800,1151,1133,190263,343926,1660,Ruby necklace,2026-06-18,1142.0,534189,93.91447368421053,53.62393494554536
1781827200,1115,1099,297790,288860,1660,Ruby necklace,2026-06-19,1107.0,586650,91.03618421052632,58.89017077439668
1781913600,1081,1062,506585,449340,1660,Ruby necklace,2026-06-20,1071.5,955925,88.11677631578947,95.95940764939085
1782000000,1068,1051,285839,637052,1660,Ruby necklace,2026-06-21,1059.5,922891,87.12993421052632,92.64332838345474
1782086400,1073,1058,526951,590017,1660,Ruby necklace,2026-06-22,1065.5,1116968,87.6233552631579,112.12551993443502
1782172800,1080,1067,359027,570624,1660,Ruby necklace,2026-06-23,1073.5,929651,88.28125,93.32192303858969
1782259200,1029,1009,502817,297635,1660,Ruby necklace,2026-06-24,1019.0,800452,83.79934210526315,80.35243326805995
1782345600,1024,1015,289263,356906,1660,Ruby necklace,2026-06-25,1019.5,646169,83.84046052631578,64.86491563815073
1782432000,1054,1027,241339,333676,1660,Ruby necklace,2026-06-26,1040.5,575015,85.56743421052632,57.722204973731706
1782518400,1043,1021,433542,393659,1660,Ruby necklace,2026-06-27,1032.0,827201,84.86842105263158,83.03760019560505
1782604800,1060,1034,434358,526182,1660,Ruby necklace,2026-06-28,1047.0,960540,86.10197368421053,96.42267900049261
1782691200,1092,1060,661312,660944,1660,Ruby necklace,2026-06-29,1076.0,1322256,88.48684210526315,132.73311454439727
1782777600,1096,1071,345386,523766,1660,Ruby necklace,2026-06-30,1083.5,869152,89.10361842105263,87.24880202660601
1782864000,1067,1050,545164,550731,1660,Ruby necklace,2026-07-01,1058.5,1095895,87.04769736842105,110.01013159602395
1782950400,1094,1071,411578,632784,1660,Ruby necklace,2026-07-02,1082.5,1044362,89.02138157894737,104.8370519565166
1783036800,1110,1092,389634,561169,1660,Ruby necklace,2026-07-03,1101.0,950803,90.54276315789474,95.44524169915398
1783123200,1111,1090,474656,596869,1660,Ruby necklace,2026-07-04,1100.5,1071525,90.5016447368421,107.56377778749749
1783209600,1104,1084,776117,679505,1660,Ruby necklace,2026-07-05,1094.0,1455622,89.9671052631579,146.12090371255235
1783296000,1093,1073,633760,768864,1660,Ruby necklace,2026-07-06,1083.0,1402624,89.0625,140.8007617698242
1783382400,1097,1078,419094,489909,1660,Ruby necklace,2026-07-07,1087.5,909003,89.43256578947368,91.24919782568635
1783468800,1073,1052,638976,413105,1660,Ruby necklace,2026-07-08,1062.5,1052081,87.3766447368421,105.61191469956196
1783555200,1054,1034,440302,394365,1660,Ruby necklace,2026-07-09,1044.0,834667,85.85526315789474,83.78706583099523
1783641600,1066,1047,380300,561938,1660,Ruby necklace,2026-07-10,1056.5,942238,86.88322368421053,94.58545424039202
1783728000,1067,1043,643990,715876,1660,Ruby necklace,2026-07-11,1055.0,1359866,86.75986842105263,136.5085501922709
1783814400,1045,1022,633077,520305,1660,Ruby necklace,2026-07-12,1033.5,1153382,84.99177631578947,115.78089652793861
1783900800,1050,1028,617953,599666,1660,Ruby necklace,2026-07-13,1039.0,1217619,85.44407894736842,122.229252276741
1783987200,1049,1023,555999,519649,1660,Ruby necklace,2026-07-14,1036.0,1075648,85.19736842105263,107.97766029683498
1784073600,1033,1015,687394,710266,1660,Ruby necklace,2026-07-15,1024.0,1397660,84.21052631578947,140.30245646389375
1784160000,1073,1047,708822,594835,1660,Ruby necklace,2026-07-16,1060.0,1303657,87.17105263157895,130.8660757883536
1784246400,1083,1064,730410,857008,1660,Ruby necklace,2026-07-17,1073.5,1587418,88.28125,159.3510902758906
1784332800,1090,1068,740923,709923,1660,Ruby necklace,2026-07-18,1079.0,1450846,88.73355263157895,145.64147056567003
1784419200,1100,1075,807902,943853,1660,Ruby necklace,2026-07-19,1087.5,1751755,89.43256578947368,175.84786687957597
1784505600,1087,1068,541998,639192,1660,Ruby necklace,2026-07-20,1077.5,1181190,88.61019736842105,118.57236992586655
1784592000,1083,1067,549851,417827,1660,Ruby necklace,2026-07-21,1075.0,967678,88.4046052631579,97.13921874137327
1784678400,1088,1067,581201,629124,1660,Ruby necklace,2026-07-22,1077.5,1210325,88.61019736842105,121.49705265920336
1784764800,1094,1071,472253,431947,1660,Ruby necklace,2026-07-23,1082.5,904200,89.02138157894737,90.76705431553648
1784851200,1100,1077,511260,531041,1660,Ruby necklace,2026-07-24,1088.5,1042301,89.51480263157895,104.63016089376023
1784937600,1111,1093,528257,800434,1660,Ruby necklace,2026-07-25,1102.0,1328691,90.625,133.37908445649688
1785024000,1104,1087,620637,599564,1660,Ruby necklace,2026-07-26,1095.5,1220201,90.09046052631578,122.48844331217865
1785110400,1094,1076,585100,382043,1660,Ruby necklace,2026-07-27,1085.0,967143,89.22697368421053,97.08551339514587
1785196800,1080,1053,590164,533279,1660,Ruby necklace,2026-07-28,1066.5,1123443,87.70559210526315,112.77550519952362
1785283200,1072,1054,746660,201984,1660,Ruby necklace,2026-07-29,1063.0,948644,87.41776315789474,95.22851302157463
1785369600,1095,1072,497922,569232,1660,Ruby necklace,2026-07-30,1083.5,1067154,89.10361842105263,107.12500008962841
1785456000,1096,1075,625660,617498,1660,Ruby necklace,2026-07-31,1085.5,1243158,89.26809210526315,124.79295477636994
1785542400,1095,1080,547845,631865,1660,Ruby necklace,2026-08-01,1087.5,1179710,89.43256578947368,118.42380186527488
1785628800,1117,1099,464409,620082,1660,Ruby necklace,2026-08-02,1108.0,1084491,91.11842105263158,108.86535445887024
1785715200,1113,1092,582099,630869,1660,Ruby necklace,2026-08-03,1102.5,1212968,90.66611842105263,121.76236710794919
1785801600,1084,1054,806805,444747,1660,Ruby necklace,2026-08-04,1069.0,1251552,87.91118421052632,125.63557660110409
1785888000,1081,1066,514084,378286,1660,Ruby necklace,2026-08-05,1073.5,892370,88.28125,89.5795136690503
1785974400,1103,1083,871287,477578,1660,Ruby necklace,2026-08-06,1093.0,1348865,89.88486842105263,135.404227736481
1786060800,1120,1105,639836,745028,1660,Ruby necklace,2026-08-07,1112.5,1384864,91.48848684210526,139.01794504272408
1786147200,1140,1120,854217,618585,1660,Ruby necklace,2026-08-08,1130.0,1472802,92.92763157894737,147.84549782131248
1786233600,1138,1119,682342,918355,1660,Ruby necklace,2026-08-09,1128.5,1600697,92.80427631578947,160.684087084402
1786320000,1119,1108,804507,656921,1660,Ruby necklace,2026-08-10,1113.5,1461428,91.57072368421053,146.70373219890052
1786406400,1106,1090,812114,621848,1660,Ruby necklace,2026-08-11,1098.0,1433962,90.29605263157895,143.94659006902825
1786492800,1095,1080,426654,505362,1660,Ruby necklace,2026-08-12,1087.5,932016,89.43256578947368,93.55933078406221
1786579200,1085,1070,579237,625509,1660,Ruby necklace,2026-08-13,1077.5,1204746,88.61019736842105,120.9370113010676
1786665600,1093,1078,607080,618014,1660,Ruby necklace,2026-08-14,1085.5,1225094,89.26809210526315,122.97962136655369
1786752000,1099,1083,498907,747911,1660,Ruby necklace,2026-08-15,1091.0,1246818,89.7203947368421,125.16035957486015
1786838400,1106,1088,822837,458433,1660,Ruby necklace,2026-08-16,1097.0,1281270,90.21381578947368,128.61878310425504
1786924800,1114,1097,705741,612279,1660,Ruby necklace,2026-08-17,1105.5,1318020,90.91282894736842,132.30788866286596
1787011200,1109,1098,312167,376411,1660,Ruby necklace,2026-08-18,1103.5,688578,90.7483552631579,69.12209326087535
1787097600,1119,1103,411839,305131,1660,Ruby necklace,2026-08-19,1111.0,716970,91.36513157894737,71.97219081244215
1787184000,1132,1118,567351,435686,1660,Ruby necklace,2026-08-20,1125.0,1003037,92.51644736842105,100.68869039979293
1787270400,1123,1111,881497,624530,1660,Ruby necklace,2026-08-21,1117.0,1506027,91.85855263157895,151.1807503977709
1787356800,1123,1110,439147,591074,1660,Ruby necklace,2026-08-22,1116.5,1030221,91.81743421052632,103.41752429109302
1787443200,1136,1116,635375,614961,1660,Ruby necklace,2026-08-23,1126.0,1250336,92.59868421052632,125.51350987023957
1787529600,1123,1106,460320,591079,1660,Ruby necklace,2026-08-24,1114.5,1051399,91.65296052631578,105.54345293110012
1787616000,1104,1092,454332,571981,1660,Ruby necklace,2026-08-25,1098.0,1026313,90.29605263157895,103.02522430407122
1756166400,739,727,4706090,1337394,385,Shark,2025-08-26,733.0,6043484,100.0,96.08626716020964
1756252800,733,722,4282984,1665666,385,Shark,2025-08-27,727.5,5948650,99.24965893587995,94.57848703538903
1756339200,740,732,4070395,1411435,385,Shark,2025-08-28,736.0,5481830,100.4092769440655,87.15644517414988
1756425600,756,743,4748196,2447094,385,Shark,2025-08-29,749.5,7195290,102.25102319236017,114.39900514921273
1756512000,785,781,4194586,1849244,385,Shark,2025-08-30,783.0,6043830,106.82128240109141,96.09176826659751
1756598400,837,821,4401528,2377467,385,Shark,2025-08-31,829.0,6778995,113.0968622100955,107.78026791296631
1756684800,839,825,4582259,1953169,385,Shark,2025-09-01,832.0,6535428,113.50613915416099,103.90775930147487
1756771200,822,808,4481320,1830608,385,Shark,2025-09-02,815.0,6311928,111.1869031377899,100.35429896132888
1756857600,799,785,4051864,1178628,385,Shark,2025-09-03,792.0,5230492,108.04911323328785,83.16038425705094
1756944000,792,773,4018707,1483125,385,Shark,2025-09-04,782.5,5501832,106.75306957708048,87.47446000065368
1757030400,750,738,4048741,1272084,385,Shark,2025-09-05,744.0,5320825,101.5006821282401,84.59660230137492
1757116800,751,744,4088974,1595200,385,Shark,2025-09-06,747.5,5684174,101.97817189631651,90.37354306706487
1757203200,788,774,3972437,2369928,385,Shark,2025-09-07,781.0,6342365,106.54843110504774,100.83822143279654
1757289600,801,780,3738231,2459211,385,Shark,2025-09-08,790.5,6197442,107.84447476125511,98.53406871299799
1757376000,758,752,3781696,1078577,385,Shark,2025-09-09,755.0,4860273,103.00136425648022,77.27421632117394
1757462400,735,719,3482667,1227617,385,Shark,2025-09-10,727.0,4710284,99.18144611186904,74.88951850033207
1757548800,734,721,3451267,1811533,385,Shark,2025-09-11,727.5,5262800,99.24965893587995,83.67405404080681
1757635200,727,717,3448585,1486030,385,Shark,2025-09-12,722.0,4934615,98.4993178717599,78.45619103529981
1757721600,740,726,3667555,1538426,385,Shark,2025-09-13,733.0,5205981,100.0,82.77068015683923
1757808000,776,761,4008806,2009714,385,Shark,2025-09-14,768.5,6018520,104.8431105047749,95.68936074440917
1757894400,779,764,3954283,1337316,385,Shark,2025-09-15,771.5,5291599,105.25238744884038,84.13193370226482
1757980800,762,748,3726041,1568829,385,Shark,2025-09-16,755.0,5294870,103.00136425648022,84.1839398265271
1758067200,763,751,3006343,1182361,385,Shark,2025-09-17,757.0,4188704,103.27421555252387,66.59683910787862
1758153600,784,769,3359933,1732209,385,Shark,2025-09-18,776.5,5092142,105.93451568894952,80.96073665947063
1758240000,796,781,3653624,2047130,385,Shark,2025-09-19,788.5,5700754,107.57162346521145,90.63715099744348
1758326400,833,815,3341491,1892196,385,Shark,2025-09-20,824.0,5233687,112.41473396998636,83.21118204580604
1758412800,844,832,3964905,2159495,385,Shark,2025-09-21,838.0,6124400,114.32469304229195,97.37276289570518
1758499200,862,844,3326631,1822135,385,Shark,2025-09-22,853.0,5148766,116.37107776261936,81.86101020891326
1758585600,851,835,3433993,1457568,385,Shark,2025-09-23,843.0,4891561,115.00682128240109,77.77166897049156
1758672000,849,832,3319749,1433794,385,Shark,2025-09-24,840.5,4753543,114.66575716234652,75.5772998911794
1758758400,848,831,3915492,1805527,385,Shark,2025-09-25,839.5,5721019,114.5293315143247,90.95934730076813
1758844800,790,774,3151353,1501508,385,Shark,2025-09-26,782.0,4652861,106.68485675306958,73.97654152891282
1758931200,803,787,4317791,1637745,385,Shark,2025-09-27,795.0,5955536,108.45839017735335,94.68796859199863
1759017600,789,773,4553566,1557928,385,Shark,2025-09-28,781.0,6111494,106.54843110504774,97.16756844760708
1759104000,778,765,3833032,1884450,385,Shark,2025-09-29,771.5,5717482,105.25238744884038,90.90311200223078
1759190400,781,768,3587751,1436965,385,Shark,2025-09-30,774.5,5024716,105.66166439290588,79.88872047649666
1759276800,779,764,3367541,1666051,385,Shark,2025-10-01,771.5,5033592,105.25238744884038,80.02984134441226
1759363200,812,796,3447036,1738129,385,Shark,2025-10-02,804.0,5185165,109.68622100954978,82.43972342108763
1759449600,843,826,3235583,1723324,385,Shark,2025-10-03,834.5,4958907,113.84720327421556,78.84241322135274
1759536000,880,864,3493736,1970298,385,Shark,2025-10-04,872.0,5464034,118.96316507503411,86.87350387565664
1759622400,930,906,3566237,2252594,385,Shark,2025-10-05,918.0,5818831,125.23874488403818,92.51447509848786
1759708800,956,933,3522713,1884651,385,Shark,2025-10-06,944.5,5407364,128.85402455661665,85.97249896524916
1759795200,969,948,3716902,1970641,385,Shark,2025-10-07,958.5,5687543,130.76398362892223,90.42710730816532
1759881600,909,891,3358480,1205668,385,Shark,2025-10-08,900.0,4564148,122.78308321964528,72.56608010987313
1759968000,872,854,3088174,1323795,385,Shark,2025-10-09,863.0,4411969,117.73533424283767,70.14656314744326
1760054400,823,807,2929876,1181507,385,Shark,2025-10-10,815.0,4111383,111.1869031377899,65.36750082170222
1760140800,843,830,3342973,1064046,385,Shark,2025-10-11,836.5,4407019,114.1200545702592,70.06786234796351
1760227200,889,867,3662022,1790239,385,Shark,2025-10-12,878.0,5452261,119.78171896316508,86.68632316610612
1760313600,918,901,3749487,1841212,385,Shark,2025-10-13,909.5,5590699,124.07912687585265,88.88736988901053
1760400000,916,899,3247558,1338933,385,Shark,2025-10-14,907.5,4586491,123.80627557980901,72.92131484982785
1760486400,874,863,2769067,1093772,385,Shark,2025-10-15,868.5,3862839,118.4856753069577,61.41586213364295
1760572800,831,807,2901795,1261670,385,Shark,2025-10-16,819.0,4163465,111.73260572987722,66.19556042544039
1760659200,788,774,2710214,998116,385,Shark,2025-10-17,781.0,3708330,106.54843110504774,58.959300148427666
1760745600,769,752,3119773,1260580,385,Shark,2025-10-18,760.5,4380353,103.75170532060028,69.64389557646314
1760832000,795,781,3261917,1570850,385,Shark,2025-10-19,788.0,4832767,107.50341064120055,76.83689426248912
1760918400,827,815,3293336,1896710,385,Shark,2025-10-20,821.0,5190046,112.00545702592086,82.51732717912009
1761004800,858,837,2747671,2278508,385,Shark,2025-10-21,847.5,5026179,115.62073669849933,79.91198093500957
1761091200,832,823,3626655,1615705,385,Shark,2025-10-22,827.5,5242360,112.89222373806275,83.3490753859854
1761177600,826,810,2870544,1571768,385,Shark,2025-10-23,818.0,4442312,111.5961800818554,70.62899109867837
1761264000,858,839,3457299,2154775,385,Shark,2025-10-24,848.5,5612074,115.75716234652114,89.22721425040032
1761350400,855,840,3378604,1831162,385,Shark,2025-10-25,847.5,5209766,115.62073669849933,82.83085844492626
1761436800,829,815,4434842,1499450,385,Shark,2025-10-26,822.0,5934292,112.14188267394269,94.35020701944354
1761523200,781,764,3789576,1062360,385,Shark,2025-10-27,772.5,4851936,105.38881309686221,77.14166509586836
1761609600,730,716,3996380,1234290,385,Shark,2025-10-28,723.0,5230670,98.63574351978171,83.16321430600192
1761696000,698,684,3667699,1114182,385,Shark,2025-10-29,691.0,4781881,94.27012278308322,76.02785004383736
1761782400,675,662,4018384,1444850,385,Shark,2025-10-30,668.5,5463234,91.20054570259208,86.8607845545286
1761868800,622,610,4171863,1391423,385,Shark,2025-10-31,616.0,5563286,84.03819918144612,88.45152645140685
1761955200,610,599,4857015,1766894,385,Shark,2025-11-01,604.5,6623909,82.46930422919509,105.31453211738744
1762041600,643,630,3920329,2024763,385,Shark,2025-11-02,636.5,5945092,86.83492496589359,94.52191785467208
1762128000,625,610,4346637,1798034,385,Shark,2025-11-03,617.5,6144671,84.24283765347886,97.69505459393828
1762214400,611,603,4272509,1242299,385,Shark,2025-11-04,607.0,5514808,82.81036834924966,87.68076738935048
1762300800,593,580,3896159,1372876,385,Shark,2025-11-05,586.5,5269035,80.01364256480218,83.77318524984845
1762387200,590,579,3766366,1298089,385,Shark,2025-11-06,584.5,5064455,79.74079126875853,80.5205368543806
1762473600,607,594,3440447,1815173,385,Shark,2025-11-07,600.5,5255620,81.92360163710778,83.55989813368265
1762560000,626,614,3689924,2269759,385,Shark,2025-11-08,620.0,5959683,84.58390177353343,94.7539023728961
1762646400,634,621,4148878,2140915,385,Shark,2025-11-09,627.5,6289793,85.60709413369713,100.00237124486743
1762732800,643,630,3839260,1789058,385,Shark,2025-11-10,636.5,5628318,86.83492496589359,89.48548006590516
1762819200,642,632,3687365,1342076,385,Shark,2025-11-11,637.0,5029441,86.9031377899045,79.96384396690914
1762905600,626,612,4315128,1473484,385,Shark,2025-11-12,619.0,5788612,84.4474761255116,92.03401864202758
1762992000,630,618,3085324,1325432,385,Shark,2025-11-13,624.0,4410756,85.12960436562074,70.12727747678287
1763078400,613,602,3800599,1343838,385,Shark,2025-11-14,607.5,5144437,82.87858117326057,81.79218278245915
1763164800,614,602,3906143,1458787,385,Shark,2025-11-15,608.0,5364930,82.94679399727148,85.29783437431513
1763251200,630,619,3855861,1991448,385,Shark,2025-11-16,624.5,5847309,85.19781718963165,92.96725113234324
1763337600,637,623,3414589,2169487,385,Shark,2025-11-17,630.0,5584076,85.9481582537517,88.78206980922177
1763424000,636,621,3505292,1822328,385,Shark,2025-11-18,628.5,5327620,85.74351978171897,84.7046370352062
1763510400,624,610,2192750,904902,385,Shark,2025-11-19,617.0,3097652,84.17462482946793,49.250038163641655
1763596800,626,609,1500797,680566,385,Shark,2025-11-20,617.5,2181363,84.24283765347886,34.6818206172791
1763683200,635,622,2399574,1290546,385,Shark,2025-11-21,628.5,3690120,85.74351978171897,58.66977660125067
1763769600,667,651,2764013,1844707,385,Shark,2025-11-22,659.0,4608720,89.90450204638472,73.27473708652184
1763856000,722,701,3148972,2053661,385,Shark,2025-11-23,711.5,5202633,97.0668485675307,82.71744979791838
1763942400,734,715,2921822,1583978,385,Shark,2025-11-24,724.5,4505800,98.84038199181447,71.63839642339957
1764028800,763,747,2950835,1825676,385,Shark,2025-11-25,755.0,4776511,103.00136425648022,75.9424716007654
1764115200,664,642,2900621,1195060,385,Shark,2025-11-26,653.0,4095681,89.08594815825374,65.11785234626161
1764201600,611,597,3237940,1212352,385,Shark,2025-11-27,604.0,4450292,82.40109140518418,70.75586632693057
1764288000,561,547,3913512,1427339,385,Shark,2025-11-28,554.0,5340851,75.57980900409277,84.91499870751255
1764374400,596,584,4148603,1646084,385,Shark,2025-11-29,590.0,5794687,80.49113233287858,92.13060598684363
1764460800,620,608,3653254,1941670,385,Shark,2025-11-30,614.0,5594924,83.76534788540245,88.95454380371798
1764547200,656,640,3149970,1848708,385,Shark,2025-12-01,648.0,4998678,88.4038199181446,79.4747383720818
1764633600,679,661,3156579,1880787,385,Shark,2025-12-02,670.0,5037366,91.40518417462484,80.08984474183379
1764720000,670,654,3110043,1779677,385,Shark,2025-12-03,662.0,4889720,90.3137789904502,77.74239863274566
1764806400,681,666,3527664,1831768,385,Shark,2025-12-04,673.5,5359432,91.88267394270123,85.21042083986268
1764892800,680,664,3363928,1588931,385,Shark,2025-12-05,672.0,4952859,91.67803547066849,78.74625515362476
1764979200,681,668,3903311,1726306,385,Shark,2025-12-06,674.5,5629617,92.01909959072306,89.50613306358682
1765065600,700,686,4205362,2186941,385,Shark,2025-12-07,693.0,6392303,94.54297407912688,101.63219325591157
1765152000,706,695,3777153,1448565,385,Shark,2025-12-08,700.5,5225718,95.56616643929058,83.08448170821936
1765238400,708,694,3695527,1776714,385,Shark,2025-12-09,701.0,5472241,95.63437926330151,87.00398821127891
1765324800,700,688,4259003,1484191,385,Shark,2025-12-10,694.0,5743194,94.6793997271487,91.31191098328597
1765411200,691,680,3720979,1455614,385,Shark,2025-12-11,685.5,5176593,93.51978171896317,82.30343589520069
1765497600,684,667,3829118,1514379,385,Shark,2025-12-12,675.5,5343497,92.15552523874489,84.95706786214355
1765584000,689,675,3992476,1869025,385,Shark,2025-12-13,682.0,5861501,93.04229195088676,93.19289188915467
1765670400,682,665,4596182,1388022,385,Shark,2025-12-14,673.5,5984204,91.88267394270123,95.14376546462192
1765756800,644,628,4504928,1439304,385,Shark,2025-12-15,636.0,5944232,86.76671214188268,94.50824458445943
1765843200,634,622,4354447,1678374,385,Shark,2025-12-16,628.0,6032821,85.67530695770806,95.91673450872428
1765929600,606,590,4161856,1416585,385,Shark,2025-12-17,598.0,5578441,81.58253751705321,88.69247809102615
1766016000,624,610,4221758,1585493,385,Shark,2025-12-18,617.0,5807251,84.17462482946793,92.33036292515949
1766102400,615,608,4175013,1497973,385,Shark,2025-12-19,611.5,5672986,83.42428376534788,90.19566336108925
1766188800,628,613,4204399,1913052,385,Shark,2025-12-20,620.5,6117451,84.65211459754434,97.26227969255675
1766275200,634,620,4299240,1952005,385,Shark,2025-12-21,627.0,6251245,85.53888130968622,99.38949075631285
1766361600,641,628,3846078,1549869,385,Shark,2025-12-22,634.5,5395947,86.56207366984994,85.79097835360062
1766448000,648,635,3639024,2105962,385,Shark,2025-12-23,641.5,5744986,87.51705320600273,91.34040226261277
1766534400,670,654,3319998,2096495,385,Shark,2025-12-24,662.0,5416493,90.3137789904502,86.1176423184715
1766620800,673,657,3239653,1366741,385,Shark,2025-12-25,665.0,4606394,90.72305593451568,73.23775566034206
1766707200,681,665,3435881,1855897,385,Shark,2025-12-26,673.0,5291778,91.81446111869032,84.13477965036721
1766793600,687,674,4469059,2116721,385,Shark,2025-12-27,680.5,6585780,92.83765347885402,104.70831337327367
1766880000,701,689,4479250,2513757,385,Shark,2025-12-28,695.0,6993007,94.81582537517053,111.18287710453376
1766966400,723,708,4227630,2475063,385,Shark,2025-12-29,715.5,6702693,97.61255115961801,106.56713086207674
1767052800,726,711,4342583,1680879,385,Shark,2025-12-30,718.5,6023462,98.02182810368349,95.76793435067763
1767139200,718,704,4048550,1761787,385,Shark,2025-12-31,711.0,5810337,96.99863574351978,92.3794277064109
1767225600,715,700,4426040,1939085,385,Shark,2026-01-01,707.5,6365125,96.52114597544337,101.20008611888926
1767312000,715,702,4391373,1816046,385,Shark,2026-01-02,708.5,6207419,96.65757162346522,98.69269454661604
1767398400,702,688,4907279,1942427,385,Shark,2026-01-03,695.0,6849706,94.81582537517053,108.9045128083223
1767484800,697,682,4884348,2146646,385,Shark,2026-01-04,689.5,7030994,94.06548431105047,111.7868381691473
1767571200,676,665,4846728,1700081,385,Shark,2026-01-05,670.5,6546809,91.47339699863575,104.08870754367263
1767657600,665,652,4276079,1717005,385,Shark,2026-01-06,658.5,5993084,89.83628922237381,95.28494992914315
1767744000,637,622,4708458,1942087,385,Shark,2026-01-07,629.5,6650545,85.87994542974079,105.7380219143455
1767830400,653,638,4259185,1990225,385,Shark,2026-01-08,645.5,6249410,88.06275579809004,99.36031581347542
1767916800,645,634,4950928,1661119,385,Shark,2026-01-09,639.5,6612047,87.24420190995907,105.12593638336143
1768003200,660,649,5395054,2230288,385,Shark,2026-01-10,654.5,7625342,89.2905866302865,121.2364670114072
1768089600,718,705,4227832,1975606,385,Shark,2026-01-11,711.5,6203438,97.0668485675307,98.62940002485264
1768176000,753,736,4232037,2151256,385,Shark,2026-01-12,744.5,6383293,101.56889495225103,101.48894190170704
1768262400,759,747,4093059,1862720,385,Shark,2026-01-13,753.0,5955779,102.72851296043657,94.69183208579128
1768348800,725,710,4077685,1689850,385,Shark,2026-01-14,717.5,5767535,97.88540245566166,91.69891222775797
1768435200,713,701,4589948,1546612,385,Shark,2026-01-15,707.0,6136560,96.45293315143248,97.56609657685136
1768521600,706,692,4479004,1704536,385,Shark,2026-01-16,699.0,6183540,95.36152796725784,98.31303871009548
1768608000,701,687,4830908,1838060,385,Shark,2026-01-17,694.0,6668968,94.6793997271487,106.03093198077285
1768694400,706,693,5264220,1939791,385,Shark,2026-01-18,699.5,7204011,95.42974079126876,114.53766164865978
1768780800,686,676,4137371,1869020,385,Shark,2026-01-19,681.0,6006391,92.90586630286494,95.49651993695669
1768867200,678,666,4132446,1305644,385,Shark,2026-01-20,672.0,5438090,91.67803547066849,86.46101629147432
1768953600,669,656,3768017,1288448,385,Shark,2026-01-21,662.5,5056465,90.38199181446112,80.39350263461431
1769040000,658,646,3773164,1249736,385,Shark,2026-01-22,652.0,5022900,88.94952251023193,79.859847617536
1769126400,649,638,3683089,1533310,385,Shark,2026-01-23,643.5,5216399,87.78990450204638,82.93631751622912
1769212800,690,678,4013902,1994327,385,Shark,2026-01-24,684.0,6008229,93.31514324693042,95.52574257724835
1769299200,721,705,4324837,2468754,385,Shark,2026-01-25,713.0,6793591,97.27148703956344,108.0123319269474
1769385600,762,745,4090111,2325285,385,Shark,2026-01-26,753.5,6415396,102.79672578444747,101.99935235942385
1769472000,801,786,3597296,2291566,385,Shark,2026-01-27,793.5,5888862,108.25375170532061,93.62790857088501
1769558400,803,786,3265245,1763220,385,Shark,2026-01-28,794.5,5028465,108.39017735334242,79.94832639513292
1769644800,762,748,3607743,1340103,385,Shark,2026-01-29,755.0,4947846,103.00136425648022,78.66655270760617
1769731200,763,750,3516168,1494048,385,Shark,2026-01-30,756.5,5010216,103.20600272851297,79.65818278105094
1769817600,760,748,3541026,1834322,385,Shark,2026-01-31,754.0,5375348,102.8649386084584,85.46347173370502
1769904000,786,770,3873369,2067881,385,Shark,2026-02-01,778.0,5941250,106.13915416098227,94.46083331495467
1769990400,793,780,3165780,1219195,385,Shark,2026-02-02,786.5,4384975,107.2987721691678,69.71738145428039
1770076800,789,773,2880973,1106339,385,Shark,2026-02-03,781.0,3987312,106.54843110504774,63.394877207106006
1770163200,778,763,2487762,992950,385,Shark,2026-02-04,770.5,3480712,105.11596180081855,55.34036710277509
1770249600,783,770,2830695,1070330,385,Shark,2026-02-05,776.5,3901025,105.93451568894952,62.02298712938708
1770336000,776,762,3356489,1635599,385,Shark,2026-02-06,769.0,4992088,104.91132332878581,79.36996296428957
1770422400,758,743,3352811,1460187,385,Shark,2026-02-07,750.5,4812998,102.387448840382,76.52258393826386
1770508800,788,772,3233638,1843737,385,Shark,2026-02-08,780.0,5077375,106.41200545702591,80.72595389059843
1770595200,786,775,2914212,1396140,385,Shark,2026-02-09,780.5,4310352,106.48021828103684,68.53093907860828
1770681600,793,781,2361525,1310226,385,Shark,2026-02-10,787.0,3671751,107.36698499317872,58.377725088999476
1770768000,801,788,2188590,1251772,385,Shark,2026-02-11,794.5,3440362,108.39017735334242,54.69883634337961
1770854400,804,788,2614153,1521377,385,Shark,2026-02-12,796.0,4135530,108.59481582537518,65.75141763080067
1770940800,810,798,2377334,1413251,385,Shark,2026-02-13,804.0,3790585,109.68622100954978,60.26708484766126
1771027200,825,810,2551238,1424126,385,Shark,2026-02-14,817.5,3975364,111.52796725784448,63.204914146058734
1771113600,829,817,2811945,1610028,385,Shark,2026-02-15,823.0,4421973,112.27830832196453,70.30561825814938
1771200000,832,821,2630961,1238948,385,Shark,2026-02-16,826.5,3869909,112.75579809004093,61.528269134112
1771286400,836,824,1943104,855585,385,Shark,2026-02-17,830.0,2798689,113.23328785811732,44.49678016063912
1771372800,832,817,2334396,1195690,385,Shark,2026-02-18,824.5,3530086,112.48294679399726,56.12537180449486
1771459200,834,821,2556757,1228558,385,Shark,2026-02-19,827.5,3785315,112.89222373806275,60.183296319730296
1771545600,834,822,2348471,1258532,385,Shark,2026-02-20,828.0,3607003,112.96043656207367,57.348286833501604
1771632000,833,822,2565574,1200602,385,Shark,2026-02-21,827.5,3766176,112.89222373806275,59.879002460893375
1771718400,838,827,3101102,1247683,385,Shark,2026-02-22,832.5,4348785,113.57435197817189,69.1419911647507
1771804800,844,828,2591493,1482910,385,Shark,2026-02-23,836.0,4074403,114.0518417462483,64.7795502025586
1771891200,854,841,2660782,1298822,385,Shark,2026-02-24,847.5,3959604,115.62073669849933,62.954343519836364
1771977600,866,854,2304516,1264669,385,Shark,2026-02-25,860.0,3569185,117.32605729877217,56.74701272547637
1772064000,881,866,2664722,1451304,385,Shark,2026-02-26,873.5,4116026,119.16780354706684,65.44132058169907
1772150400,888,871,2753593,1479158,385,Shark,2026-02-27,879.5,4232751,119.98635743519782,67.29714903003706
1772236800,905,892,2942427,1452318,385,Shark,2026-02-28,898.5,4394745,122.57844474761255,69.87271616355657
1772323200,921,905,3242858,1610716,385,Shark,2026-03-01,913.0,4853574,124.55661664392905,77.16770790587802
1772409600,909,900,2728163,1115479,385,Shark,2026-03-02,904.5,3843642,123.39699863574351,61.110646124024235
1772496000,904,891,2322276,1286420,385,Shark,2026-03-03,897.5,3608696,122.44201909959071,57.37520409683883
1772582400,898,886,2599739,946355,385,Shark,2026-03-04,892.0,3546094,121.69167803547067,56.37988542026693
1772668800,890,873,2764885,1429877,385,Shark,2026-03-05,881.5,4194762,120.25920873124147,66.6931561671207
1772755200,882,872,2464274,1317900,385,Shark,2026-03-06,877.0,3782174,119.64529331514325,60.13335708515133
1772841600,883,872,3021575,1313468,385,Shark,2026-03-07,877.5,4335043,119.71350613915416,68.92350502607381
1772928000,885,871,3512578,1414315,385,Shark,2026-03-08,878.0,4926893,119.78171896316508,78.33341778811142
1773014400,894,882,2343407,1195243,385,Shark,2026-03-09,888.0,3538650,121.14597544338335,56.26153213717052
1773100800,895,882,2063476,1279986,385,Shark,2026-03-10,888.5,3343462,121.21418826739428,53.15820857174584
1773187200,896,883,2435402,1230670,385,Shark,2026-03-11,889.5,3666072,121.3506139154161,58.287433808141806
1773273600,895,881,2314815,1283445,385,Shark,2026-03-12,888.0,3598260,121.14597544338335,57.20928055272355
1773360000,921,903,2771553,1334918,385,Shark,2026-03-13,912.0,4106471,124.42019099590722,65.28940418997605
1773446400,929,914,2514680,1523086,385,Shark,2026-03-14,921.5,4037766,125.7162346521146,64.19705299234863
1773532800,955,939,2397010,1631490,385,Shark,2026-03-15,947.0,4028500,129.19508867667122,64.04973145538311
1773619200,933,919,2735194,1241113,385,Shark,2026-03-16,926.0,3976307,126.33015006821282,63.21990704583841
1773705600,905,889,2232425,1022002,385,Shark,2026-03-17,897.0,3254427,122.37380627557981,51.74262762595211
1773792000,892,879,2203927,999696,385,Shark,2026-03-18,885.5,3203623,120.80491132332878,50.93488713771597
1773878400,891,879,2108188,1002201,385,Shark,2026-03-19,885.0,3110389,120.73669849931787,49.45254565515145
1773964800,879,864,2248468,1287198,385,Shark,2026-03-20,871.5,3535666,118.8949522510232,56.21408906936293
1774051200,832,819,2367951,1201458,385,Shark,2026-03-21,825.5,3569409,112.6193724420191,56.75057413539222
1774137600,814,800,2477717,1062549,385,Shark,2026-03-22,807.0,3540266,110.09549795361528,56.28722516584915
1774224000,808,797,2261288,955080,385,Shark,2026-03-23,802.5,3216368,109.48158253751706,51.13752182243705
1774310400,810,799,1997140,1046522,385,Shark,2026-03-24,804.5,3043662,109.75443383356071,48.39164297901309
1774396800,811,799,2108983,1132832,385,Shark,2026-03-25,805.0,3241815,109.82264665757162,51.542107528368575
1774483200,806,793,2335721,1066536,385,Shark,2026-03-26,799.5,3402257,109.07230559345157,54.09299917889968
1774569600,819,810,2176953,1205102,385,Shark,2026-03-27,814.5,3382055,111.11869031377898,53.77180452211386
1774656000,857,839,2475635,1487685,385,Shark,2026-03-28,848.0,3963320,115.68894952251023,63.0134247664761
1774742400,914,894,2458985,1634907,385,Shark,2026-03-29,904.0,4093892,123.32878581173262,65.08940876438905
1774828800,932,914,2758744,1404181,385,Shark,2026-03-30,923.0,4162925,125.92087312414735,66.18697488367897
1774915200,927,912,2164241,1118234,385,Shark,2026-03-31,919.5,3282475,125.44338335607095,52.18856702470117
1775001600,910,897,2065656,1023184,385,Shark,2026-04-01,903.5,3088840,123.26057298772169,49.1099348414163
1775088000,900,887,2008914,1069720,385,Shark,2026-04-02,893.5,3078634,121.89631650750341,48.947668102125334
1775174400,897,884,2480747,1197629,385,Shark,2026-04-03,890.5,3678376,121.48703956343793,58.48305696709105
1775260800,913,902,2600351,1300370,385,Shark,2026-04-04,907.5,3900721,123.80627557980901,62.01815378735843
1775347200,901,890,2802627,1167316,385,Shark,2026-04-05,895.5,3969943,122.16916780354707,63.11872484626486
1775433600,911,898,2362461,1177955,385,Shark,2026-04-06,904.5,3540416,123.39699863574351,56.28961003856067
1775520000,896,884,2240817,1154976,385,Shark,2026-04-07,890.0,3395793,121.418826739427,53.99022706418513
1775606400,893,881,2271726,1037524,385,Shark,2026-04-08,887.0,3309250,121.00954979536154,52.614266803705235
1775692800,882,870,2179675,1030531,385,Shark,2026-04-09,876.0,3210206,119.50886766712141,51.03955125144832
1775779200,875,860,1963249,1020012,385,Shark,2026-04-10,867.5,2983261,118.34924965893588,47.431318334694716
1775865600,864,851,2656900,1066542,385,Shark,2026-04-11,857.5,3723442,116.9849931787176,59.19956812453633
1775952000,856,839,2849696,1337200,385,Shark,2026-04-12,847.5,4186896,115.62073669849933,66.56809344212927
1776038400,837,822,2089398,1159855,385,Shark,2026-04-13,829.5,3249253,113.16507503410642,51.660365416556516
1776124800,818,804,2009199,977739,385,Shark,2026-04-14,811.0,2986938,110.64120054570259,47.489779514429465
1776211200,805,788,1590876,827904,385,Shark,2026-04-15,796.5,2418780,108.66302864938608,38.456549447598746
1776297600,800,788,1414257,543117,385,Shark,2026-04-16,794.0,1957374,108.32196452933151,31.120585592093597
1776384000,785,776,1394514,631898,385,Shark,2026-04-17,780.5,2026412,106.48021828103684,32.218231207140576
1776470400,787,772,1362501,826887,385,Shark,2026-04-18,779.5,2189388,106.34379263301501,34.809411307344746
1776556800,785,771,1686480,850278,385,Shark,2026-04-19,778.0,2536758,106.13915416098227,40.33229953265353
1776643200,773,759,1566235,810318,385,Shark,2026-04-20,766.0,2376553,104.50204638472033,37.7851759810066
1776729600,768,756,1481664,735775,385,Shark,2026-04-21,762.0,2217439,103.956343792633,35.255398403548035
1776816000,770,759,1320870,608213,385,Shark,2026-04-22,764.5,1929083,104.29740791268758,30.670782699551896
1776902400,786,771,1222953,674838,385,Shark,2026-04-23,778.5,1897791,106.20736698499317,30.17326645362864
1776988800,787,774,1267133,623137,385,Shark,2026-04-24,780.5,1890270,106.48021828103684,30.05368893587366
1777075200,790,778,1803988,757290,385,Shark,2026-04-25,784.0,2561278,106.95770804911324,40.72214672522794
1777161600,799,787,1535290,968291,385,Shark,2026-04-26,793.0,2503581,108.18553888130968,39.80481338632233
1777248000,820,802,1471960,781360,385,Shark,2026-04-27,811.0,2253320,110.64120054570259,35.82587585529201
1777334400,833,817,1469114,726144,385,Shark,2026-04-28,825.0,2195258,112.55115961800819,34.90273932612173
1777420800,838,824,1320187,724963,385,Shark,2026-04-29,831.0,2045150,113.36971350613916,32.51614950626207
1777507200,845,830,1363340,636219,385,Shark,2026-04-30,837.5,1999559,114.25648021828103,31.791291294326523
1777593600,844,832,1535577,631264,385,Shark,2026-05-01,838.0,2166841,114.32469304229195,34.450933140502364
1777680000,836,824,1948871,722721,385,Shark,2026-05-02,830.0,2671592,113.23328785811732,42.4760457138761
1777766400,825,811,1853025,918935,385,Shark,2026-05-03,818.0,2771960,111.5961800818554,44.07181174259991
1777852800,809,794,1473148,706198,385,Shark,2026-05-04,801.5,2179346,109.34515688949521,34.64975202888503
1777939200,805,793,1293112,656058,385,Shark,2026-05-05,799.0,1949170,109.00409276944065,30.990148953925555
1778025600,810,798,1383696,685412,385,Shark,2026-05-06,804.0,2069108,109.68622100954978,32.89706137574403
1778112000,811,801,1325867,659409,385,Shark,2026-05-07,806.0,1985276,109.95907230559345,31.564203714736788
1778198400,776,780,2160855,1003829,385,Shark,2026-05-08,778.0,3164684,106.13915416098227,50.31579008096006
1778284800,787,770,1898323,921656,385,Shark,2026-05-09,778.5,2819979,106.20736698499317,44.835273094159064
1778371200,797,782,1607633,874414,385,Shark,2026-05-10,789.5,2482047,107.70804911323329,39.46244105985833
1778457600,808,792,1604796,887053,385,Shark,2026-05-11,800.0,2491849,109.14051841746249,39.618284541979634
1778544000,807,793,1522156,690646,385,Shark,2026-05-12,800.0,2212802,109.14051841746249,35.18167403845964
1778630400,805,792,1392913,818957,385,Shark,2026-05-13,798.5,2211870,108.93587994542975,35.166856029345475
1778716800,811,800,1633915,686925,385,Shark,2026-05-14,805.5,2320840,109.89085948158255,36.899386558498534
1778803200,813,800,1497156,732059,385,Shark,2026-05-15,806.5,2229215,110.02728512960435,35.442626810552774
1778889600,820,804,1903839,792890,385,Shark,2026-05-16,812.0,2696729,110.77762619372442,42.875702682870504
1778976000,814,805,1903598,857776,385,Shark,2026-05-17,809.5,2761374,110.43656207366985,43.90350332577314
1779062400,814,801,1542996,923416,385,Shark,2026-05-18,807.5,2466412,110.16371077762619,39.21385782756221
1779148800,816,807,1461112,582553,385,Shark,2026-05-19,811.5,2043665,110.70941336971352,32.49253926641815
1779235200,817,807,1603992,635058,385,Shark,2026-05-20,812.0,2239050,110.77762619372442,35.59899496467061
1779321600,815,806,1427621,634060,385,Shark,2026-05-21,810.5,2061681,110.57298772169169,32.778978378221595
1779408000,834,820,1712592,820084,385,Shark,2026-05-22,827.0,2532676,112.82401091405183,40.26739919659771
1779494400,847,834,1526343,1046379,385,Shark,2026-05-23,840.5,2572722,114.66575716234652,40.90409661396453
1779580800,868,853,2006609,1105440,385,Shark,2026-05-24,860.5,3112049,117.39427012278307,49.47893824649213
1779667200,861,848,2164890,948302,385,Shark,2026-05-25,854.5,3113192,116.5757162346521,49.49711097655381
1779753600,849,833,1846208,743130,385,Shark,2026-05-26,841.0,2589338,114.73396998635744,41.16827691379392
1779840000,845,829,1216656,555929,385,Shark,2026-05-27,837.0,1772585,114.18826739427013,28.18259730218202
1779926400,840,828,1440623,781961,385,Shark,2026-05-28,834.0,2222584,113.77899045020463,35.337199537552735
1780012800,843,830,1395921,677500,385,Shark,2026-05-29,836.5,2073421,114.1200545702592,32.965634415775575
1780099200,837,829,1875931,859083,385,Shark,2026-05-30,833.0,2735014,113.6425648021828,43.48440169460424
1780185600,849,835,2015575,1025916,385,Shark,2026-05-31,842.0,3041491,114.87039563437926,48.35712592130188
1780272000,856,841,1734530,975906,385,Shark,2026-06-01,848.5,2710436,115.75716234652114,43.093632351248054
1780358400,858,844,1579535,663434,385,Shark,2026-06-02,851.0,2242969,116.09822646657572,35.66130373904659
1780444800,882,863,1469053,853316,385,Shark,2026-06-03,872.5,2322369,119.03137789904501,36.923696361004495
1780531200,888,873,1610758,883310,385,Shark,2026-06-04,880.5,2494068,120.12278308321964,39.65356475895853
1780617600,895,880,2134032,896729,385,Shark,2026-06-05,887.5,3030761,121.07776261937244,48.18652802667206
1780704000,900,885,1952429,1025271,385,Shark,2026-06-06,892.5,2977700,121.75989085948157,47.34290315370343
1780790400,923,910,1944449,1090961,385,Shark,2026-06-07,916.5,3035410,125.03410641200546,48.26044318157737
1780876800,931,917,1824650,897625,385,Shark,2026-06-08,924.0,2722275,126.05729877216916,43.281862404791624
1780963200,929,915,1967993,858237,385,Shark,2026-06-09,922.0,2826230,125.78444747612552,44.934658689623284
1781049600,926,912,1705065,860362,385,Shark,2026-06-10,919.0,2565427,125.37517053206003,40.78811230442823
1781136000,924,912,1595221,894397,385,Shark,2026-06-11,918.0,2489618,125.23874488403818,39.58281353518381
1781222400,920,906,1793878,935665,385,Shark,2026-06-12,913.0,2729543,124.55661664392905,43.39741743723986
1781308800,918,906,1996524,844698,385,Shark,2026-06-13,912.0,2841222,124.42019099590722,45.17301876756274
1781395200,925,910,2019057,1053262,385,Shark,2026-06-14,917.5,3072319,125.17053206002728,48.847264960970875
1781481600,923,912,1831525,747803,385,Shark,2026-06-15,917.5,2579328,125.17053206002728,41.00912640817932
1781568000,914,897,2065069,998516,385,Shark,2026-06-16,905.5,3063585,123.53342428376534,48.708401772555504
1781654400,910,893,1728570,998255,385,Shark,2026-06-17,901.5,2726825,122.98772169167805,43.35420354370735
1781740800,899,881,2100400,1075630,385,Shark,2026-06-18,890.0,3176030,121.418826739427,50.49618185285849
1781827200,891,874,2057942,1147147,385,Shark,2026-06-19,882.5,3205089,120.3956343792633,50.958195293683104
1781913600,903,886,2202838,1061924,385,Shark,2026-06-20,894.5,3264762,122.03274215552524,51.90694535577497
1782000000,907,893,2042801,925014,385,Shark,2026-06-21,900.0,2967815,122.78308321964528,47.1857400420151
1782086400,905,892,1847672,880737,385,Shark,2026-06-22,898.5,2728409,122.57844474761255,43.379387799540865
1782172800,900,888,1884256,743016,385,Shark,2026-06-23,894.0,2627272,121.96452933151431,41.77139532338272
1782259200,906,893,1918204,824135,385,Shark,2026-06-24,899.5,2742339,122.71487039563438,43.60086297868285
1782345600,921,905,1774046,952106,385,Shark,2026-06-25,913.0,2726152,124.55661664392905,43.34350341480838
1782432000,911,899,1664079,907516,385,Shark,2026-06-26,905.0,2571595,123.46521145975444,40.886178270325416
1782518400,942,924,1996918,1259984,385,Shark,2026-06-27,933.0,3256902,127.28512960436562,51.78197802569199
1782604800,953,938,2405982,1396154,385,Shark,2026-06-28,945.5,3802136,128.99045020463845,60.45073594559873
1782691200,941,923,2142347,1163213,385,Shark,2026-06-29,932.0,3305560,127.1487039563438,52.55559893500216
1782777600,927,911,2093856,990984,385,Shark,2026-06-30,919.0,3084840,125.37517053206003,49.0463382357761
1782864000,918,906,2402476,1010428,385,Shark,2026-07-01,912.0,3412904,124.42019099590722,54.26227744396247
1782950400,938,920,2413814,1117829,385,Shark,2026-07-02,929.0,3531643,126.73942701227831,56.1501267832403
1783036800,960,940,2350541,1492945,385,Shark,2026-07-03,950.0,3843486,129.6043656207367,61.10816585640427
1783123200,982,963,2310171,1293377,385,Shark,2026-07-04,972.5,3603548,132.67394270122784,57.29335526537989
1783209600,993,979,2510409,1112687,385,Shark,2026-07-05,986.0,3623096,134.5156889495225,57.60415187714353
1783296000,972,955,2553921,1088329,385,Shark,2026-07-06,963.5,3642250,131.44611186903137,57.90868422325162
1783382400,971,954,2216020,1040058,385,Shark,2026-07-07,962.5,3256078,131.30968622100957,51.7688771249301
1783468800,963,947,2103686,934442,385,Shark,2026-07-08,955.0,3038128,130.28649386084584,48.30365707510988
1783555200,967,951,2026901,1206896,385,Shark,2026-07-09,959.0,3233797,130.83219645293315,51.41462813236279
1783641600,959,942,2372151,1111169,385,Shark,2026-07-10,950.5,3483320,129.67257844474761,55.38183208965249
1783728000,952,936,2418805,1269843,385,Shark,2026-07-11,944.0,3688648,128.78581173260574,58.646373050375075
1783814400,956,940,2304293,1159831,385,Shark,2026-07-12,948.0,3464124,129.33151432469305,55.076631979185194
1783900800,968,952,2379611,1174123,385,Shark,2026-07-13,960.0,3553734,130.968622100955,56.50135493703971
1783987200,963,946,2084853,1179108,385,Shark,2026-07-14,954.5,3263961,130.21828103683492,51.89421013549552
1784073600,975,958,2109074,888705,385,Shark,2026-07-15,966.5,2997779,131.85538881309685,47.66214221486581
1784160000,981,967,1913169,1134601,385,Shark,2026-07-16,974.0,3047770,132.87858117326056,48.45695669300557
1784246400,1003,983,2160976,1260161,385,Shark,2026-07-17,993.0,3421137,135.4706684856753,54.39317515752141
1784332800,1031,1010,2549804,1422032,385,Shark,2026-07-18,1020.5,3971836,139.22237380627558,63.14882193988408
1784419200,1045,1022,2415314,1432146,385,Shark,2026-07-19,1033.5,3847460,140.99590723055934,61.17134908410781
1784505600,1008,988,2247032,1142953,385,Shark,2026-07-20,998.0,3389985,136.15279672578444,53.89788479279556
1784592000,1009,989,2041143,1058437,385,Shark,2026-07-21,999.0,3099580,136.28922237380627,49.280691727560225
1784678400,998,982,2193317,1092473,385,Shark,2026-07-22,990.0,3285790,135.06139154160982,52.241272711625484
1784764800,989,971,2332197,1013230,385,Shark,2026-07-23,980.0,3345427,133.69713506139155,53.189450404266594
1784851200,984,966,2014797,1179731,385,Shark,2026-07-24,975.0,3194528,133.0150068212824,50.79028435564158
1784937600,980,966,2095254,824861,385,Shark,2026-07-25,973.0,2920115,132.74215552523873,46.42735051975575
1785024000,982,968,2544704,1248119,385,Shark,2026-07-26,975.0,3792823,133.0150068212824,60.30266714851695
1785110400,990,974,2247256,945875,385,Shark,2026-07-27,982.0,3193131,133.9699863574352,50.76807324112173
1785196800,981,963,2177757,1288258,385,Shark,2026-07-28,972.0,3466015,132.60572987721693,55.10669727450159
1785283200,983,967,2137798,927092,385,Shark,2026-07-29,975.0,3064890,133.0150068212824,48.72915016514562
1785369600,1076,1045,2303403,1442436,385,Shark,2026-07-30,1060.5,3745839,144.6793997271487,59.55566141866719
1785456000,1095,1062,2315659,1451344,385,Shark,2026-07-31,1078.5,3767003,147.1350613915416,59.89215105910948
1785542400,1089,1064,2202483,1562830,385,Shark,2026-08-01,1076.5,3765313,146.86221009549797,59.8652814932265
1785628800,1065,1048,2847924,1235396,385,Shark,2026-08-02,1056.5,4083320,144.1336971350614,64.921322935682
1785715200,1038,1019,2745165,1287095,385,Shark,2026-08-03,1028.5,4032260,140.3137789904502,64.10951226468488
1785801600,1030,1012,2149995,1133666,385,Shark,2026-08-04,1021.0,3283661,139.2905866302865,52.20742341827349
1785888000,1024,1010,1954476,968564,385,Shark,2026-08-05,1017.0,2923040,138.7448840381992,46.47385553763014
1785974400,1015,1001,2242073,1124801,385,Shark,2026-08-06,1008.0,3366874,137.51705320600274,53.53043950455791
1786060800,1029,1011,2137832,1187147,385,Shark,2026-08-07,1020.0,3324979,139.15416098226467,52.8643445562339
1786147200,1016,1000,2313501,1000100,385,Shark,2026-08-08,1008.0,3313601,137.51705320600274,52.683444011490366
1786233600,1013,998,2336206,1084638,385,Shark,2026-08-09,1005.5,3420844,137.17598908594817,54.38851670615826
1786320000,1014,1000,2037131,1052264,385,Shark,2026-08-10,1007.0,3089395,137.38062755798092,49.11875887044887
1786406400,1007,990,2238988,1203079,385,Shark,2026-08-11,998.5,3442067,136.22100954979538,54.72594439653374
1786492800,1002,993,1729071,781521,385,Shark,2026-08-12,997.5,2510592,136.08458390177353,39.91628233685818
1786579200,1006,993,1882451,974716,385,Shark,2026-08-13,999.5,2857167,136.3574351978172,45.426530736795975
1786665600,997,982,1953115,1083710,385,Shark,2026-08-14,989.5,3036825,134.9931787175989,48.28294048082259
1786752000,1010,995,2172793,1269327,385,Shark,2026-08-15,1002.5,3442120,136.76671214188266,54.72678705155847
1786838400,1021,1000,2548834,1444192,385,Shark,2026-08-16,1010.5,3993026,137.8581173260573,63.48572495826302
1786924800,1010,994,2032363,962661,385,Shark,2026-08-17,1002.0,2995024,136.69849931787178,47.61834005273112
1787011200,1009,995,1669935,1108611,385,Shark,2026-08-18,1002.0,2778546,136.69849931787178,44.1765235537865
1787097600,1004,990,2151398,1032440,385,Shark,2026-08-19,997.0,3183838,136.0163710777626,50.62032242706815
1787184000,1008,993,1940083,986993,385,Shark,2026-08-20,1000.5,2927076,136.493860845839,46.5380245127211
1787270400,1020,1005,2286571,1143770,385,Shark,2026-08-21,1012.5,3430341,138.13096862210094,54.5395109470995
1787356800,1030,1014,1895162,1263000,385,Shark,2026-08-22,1022.0,3158162,139.42701227830833,50.212095815463734
1787443200,1009,994,1529905,1121281,385,Shark,2026-08-23,1001.5,2651186,136.63028649386084,42.15160763020263
1787529600,998,981,1255288,764916,385,Shark,2026-08-24,989.5,2020204,134.9931787175989,32.119529275186984
1787616000,993,980,1299523,822100,385,Shark,2026-08-25,986.5,2121623,134.58390177353343,33.73200531204276
1756166400,166,161,1044673,508945,373,Swordfish,2025-08-26,163.5,1553618,100.0,96.29706173045459
1756252800,166,162,911432,576417,373,Swordfish,2025-08-27,164.0,1487849,100.3058103975535,92.22053747999516
1756339200,167,163,926719,594601,373,Swordfish,2025-08-28,165.0,1521320,100.91743119266054,94.29515231657663
1756425600,168,164,902841,581657,373,Swordfish,2025-08-29,166.0,1484498,101.52905198776759,92.01283426475257
1756512000,169,165,972388,702402,373,Swordfish,2025-08-30,167.0,1674790,102.14067278287462,103.80760007643322
1756598400,169,166,1046539,571541,373,Swordfish,2025-08-31,167.5,1618080,102.44648318042813,100.29257490889907
1756684800,167,164,1151314,802049,373,Swordfish,2025-09-01,165.5,1953363,101.22324159021407,121.07423922288874
1756771200,169,165,885662,738124,373,Swordfish,2025-09-02,167.0,1623786,102.14067278287462,100.64624681166666
1756857600,168,163,970803,723223,373,Swordfish,2025-09-03,165.5,1694026,101.22324159021407,104.99989462982218
1756944000,166,163,870799,576300,373,Swordfish,2025-09-04,164.5,1447099,100.61162079510704,89.69475233492345
1757030400,167,163,971553,763426,373,Swordfish,2025-09-05,165.0,1734979,100.91743119266054,107.53826221377606
1757116800,166,162,1024605,789454,373,Swordfish,2025-09-06,164.0,1814059,100.3058103975535,112.43983495665388
1757203200,165,162,1232847,682671,373,Swordfish,2025-09-07,163.5,1915518,100.0,118.72851311699331
1757289600,168,163,971972,790058,373,Swordfish,2025-09-08,165.5,1762030,101.22324159021407,109.21494967290086
1757376000,173,170,704243,728430,373,Swordfish,2025-09-09,171.5,1432673,104.89296636085628,88.80059340233929
1757462400,180,175,984007,721109,373,Swordfish,2025-09-10,177.5,1705116,108.56269113149848,105.68728008402697
1757548800,177,173,757626,626322,373,Swordfish,2025-09-11,175.0,1383948,107.0336391437309,85.7804981583241
1757635200,175,172,861293,467541,373,Swordfish,2025-09-12,173.5,1328834,106.11620795107032,82.36439699303618
1757721600,175,170,993272,628768,373,Swordfish,2025-09-13,172.5,1622040,105.50458715596329,100.53802544078825
1757808000,175,171,931898,665290,373,Swordfish,2025-09-14,173.0,1597188,105.81039755351682,98.997637405811
1757894400,177,172,798998,602091,373,Swordfish,2025-09-15,174.5,1401089,106.72782874617737,86.84293946315044
1757980800,178,174,1021405,541469,373,Swordfish,2025-09-16,176.0,1562874,107.64525993883791,96.87077135751676
1758067200,182,174,1066775,613902,373,Swordfish,2025-09-17,178.0,1680677,108.86850152905198,104.17249080401696
1758153600,182,177,1043083,599613,373,Swordfish,2025-09-18,179.5,1642696,109.78593272171253,101.81833508389502
1758240000,180,175,750796,408006,373,Swordfish,2025-09-19,177.5,1158802,108.56269113149848,71.82539577127339
1758326400,179,174,795448,495488,373,Swordfish,2025-09-20,176.5,1290936,107.95107033639144,80.01538581689071
1758412800,179,174,813253,521340,373,Swordfish,2025-09-21,176.5,1334593,107.95107033639144,82.7213539660538
1758499200,176,172,695555,500394,373,Swordfish,2025-09-22,174.0,1195949,106.42201834862387,74.12785812180049
1758585600,172,169,601111,417890,373,Swordfish,2025-09-23,170.5,1019001,104.28134556574923,63.160186223637304
1758672000,170,165,637186,371023,373,Swordfish,2025-09-24,167.5,1008209,102.44648318042813,62.49127154178176
1758758400,164,159,827672,423992,373,Swordfish,2025-09-25,161.5,1251664,98.77675840978594,77.58121074407461
1758844800,163,159,595824,514824,373,Swordfish,2025-09-26,161.0,1110648,98.47094801223241,68.84069251051798
1758931200,161,156,698796,502770,373,Swordfish,2025-09-27,158.5,1201566,96.94189602446484,74.47601358584632
1759017600,156,151,917585,524198,373,Swordfish,2025-09-28,153.5,1441783,93.88379204892966,89.3652535905995
1759104000,155,152,748780,429900,373,Swordfish,2025-09-29,153.5,1178680,93.88379204892966,73.05748306240801
1759190400,155,152,643897,493600,373,Swordfish,2025-09-30,153.5,1137497,93.88379204892966,70.50485951321811
1759276800,153,150,684514,383745,373,Swordfish,2025-10-01,151.5,1068259,92.66055045871559,66.21331811752546
1759363200,154,151,505074,480014,373,Swordfish,2025-10-02,152.5,985088,93.27217125382263,61.05817514081971
1759449600,153,150,623870,450456,373,Swordfish,2025-10-03,151.5,1074326,92.66055045871559,66.5893656874678
1759536000,150,147,796481,374790,373,Swordfish,2025-10-04,148.5,1171271,90.82568807339449,72.59825503443656
1759622400,149,147,798499,456142,373,Swordfish,2025-10-05,148.0,1254641,90.51987767584097,77.76573252019433
1759708800,149,144,788771,506932,373,Swordfish,2025-10-06,146.5,1295703,89.60244648318043,80.31085619202094
1759795200,150,147,584902,419787,373,Swordfish,2025-10-07,148.5,1004689,90.82568807339449,62.2730932912136
1759881600,151,146,684066,492952,373,Swordfish,2025-10-08,148.5,1177018,90.82568807339449,72.95446821796361
1759968000,153,151,520369,424219,373,Swordfish,2025-10-09,152.0,944588,92.96636085626912,58.54788561013494
1760054400,153,150,770306,384591,373,Swordfish,2025-10-10,151.5,1154897,92.66055045871559,71.58335427454935
1760140800,152,149,564271,506763,373,Swordfish,2025-10-11,150.5,1071034,92.04892966360856,66.38531943722053
1760227200,153,148,601326,396744,373,Swordfish,2025-10-12,150.5,998070,92.04892966360856,61.862831404704885
1760313600,151,147,710115,445000,373,Swordfish,2025-10-13,149.0,1155115,91.13149847094802,71.59686645029475
1760400000,149,145,531692,346526,373,Swordfish,2025-10-14,147.0,878218,89.90825688073394,54.43410990268931
1760486400,150,146,460540,342661,373,Swordfish,2025-10-15,148.0,803201,90.51987767584097,49.78437188482809
1760572800,154,150,460328,313407,373,Swordfish,2025-10-16,152.0,773735,92.96636085626912,47.95799679072544
1760659200,144,146,564897,456248,373,Swordfish,2025-10-17,145.0,1021145,88.68501529051987,63.293076612619735
1760745600,155,150,518632,387360,373,Swordfish,2025-10-18,152.5,905992,93.27217125382263,56.15561067862114
1760832000,152,148,547023,474890,373,Swordfish,2025-10-19,150.0,1021913,91.74311926605505,63.34067914001642
1760918400,150,146,649338,350168,373,Swordfish,2025-10-20,148.0,999506,90.51987767584097,61.95183821374349
1761004800,152,147,705732,420845,373,Swordfish,2025-10-21,149.5,1126577,91.43730886850153,69.82801107679644
1761091200,148,145,649941,280645,373,Swordfish,2025-10-22,146.5,930586,89.60244648318043,57.680007239551045
1761177600,152,147,457538,439567,373,Swordfish,2025-10-23,149.5,897105,91.43730886850153,55.604772578394076
1761264000,150,146,687755,370810,373,Swordfish,2025-10-24,148.0,1058565,90.51987767584097,65.61246017405736
1761350400,150,147,625924,395588,373,Swordfish,2025-10-25,148.5,1021512,90.82568807339449,63.31582417453977
1761436800,152,149,632751,451051,373,Swordfish,2025-10-26,150.5,1083802,92.04892966360856,67.17671145519049
1761523200,152,149,537009,454830,373,Swordfish,2025-10-27,150.5,991839,92.04892966360856,61.476618711724726
1761609600,153,149,535126,423664,373,Swordfish,2025-10-28,151.0,958790,92.35474006116208,59.428160472228406
1761696000,154,151,501445,359455,373,Swordfish,2025-10-29,152.5,860900,93.27217125382263,53.36069770287699
1761782400,154,151,593089,369415,373,Swordfish,2025-10-30,152.5,962504,93.27217125382263,59.65836331956083
1761868800,154,150,574244,377669,373,Swordfish,2025-10-31,152.0,951913,92.96636085626912,59.00190711167238
1761955200,153,150,738173,438471,373,Swordfish,2025-11-01,151.5,1176644,92.66055045871559,72.93128677884074
1762041600,155,152,649393,549913,373,Swordfish,2025-11-02,153.5,1199306,93.88379204892966,74.33593323178836
1762128000,156,152,542010,525805,373,Swordfish,2025-11-03,154.0,1067815,94.18960244648318,66.18579790637426
1762214400,154,150,683628,572470,373,Swordfish,2025-11-04,152.0,1256098,92.96636085626912,77.85604096084143
1762300800,155,153,618246,399524,373,Swordfish,2025-11-05,154.0,1017770,94.18960244648318,63.083885818396
1762387200,152,148,797704,355210,373,Swordfish,2025-11-06,150.0,1152914,91.74311926605505,71.46044306123211
1762473600,142,137,544837,385254,373,Swordfish,2025-11-07,139.5,930091,85.3211009174312,57.6493259230649
1762560000,137,133,560935,344674,373,Swordfish,2025-11-08,135.0,905609,82.56880733944955,56.13187139738034
1762646400,135,130,672322,367361,373,Swordfish,2025-11-09,132.5,1039683,81.03975535168195,64.44210741064033
1762732800,129,126,635011,313646,373,Swordfish,2025-11-10,127.5,948657,77.98165137614679,58.800092229896826
1762819200,133,129,569360,621568,373,Swordfish,2025-11-11,131.0,1190928,80.1223241590214,73.81664420245312
1762905600,136,131,574616,562198,373,Swordfish,2025-11-12,133.5,1136814,81.65137614678899,70.46252549471298
1762992000,131,130,513800,272579,373,Swordfish,2025-11-13,130.5,786379,79.81651376146789,48.74170298395947
1763078400,131,123,507451,358653,373,Swordfish,2025-11-14,127.0,866104,77.67584097859327,53.6832544119556
1763164800,131,128,572419,342859,373,Swordfish,2025-11-15,129.5,915278,79.20489296636084,56.73117977940974
1763251200,130,128,639253,318591,373,Swordfish,2025-11-16,129.0,957844,78.89908256880734,59.36952506738821
1763337600,130,127,557511,301497,373,Swordfish,2025-11-17,128.5,859008,78.59327217125383,53.24342689319661
1763424000,130,126,478399,312476,373,Swordfish,2025-11-18,128.0,790875,78.2874617737003,49.02037611309426
1763510400,130,126,375741,218157,373,Swordfish,2025-11-19,128.0,593898,78.2874617737003,36.81125757270675
1763596800,130,127,291110,152788,373,Swordfish,2025-11-20,128.5,443898,78.59327217125383,27.513888940540937
1763683200,132,128,601777,299840,373,Swordfish,2025-11-21,130.0,901617,79.51070336391437,55.88443742684963
1763769600,150,140,655318,488640,373,Swordfish,2025-11-22,145.0,1143958,88.68501529051987,70.90532817143426
1763856000,143,137,789223,419666,373,Swordfish,2025-11-23,140.0,1208889,85.62691131498471,74.92991112246867
1763942400,145,139,538949,435992,373,Swordfish,2025-11-24,142.0,974941,86.85015290519877,60.42923914408247
1764028800,151,144,901031,403744,373,Swordfish,2025-11-25,147.5,1304775,90.21406727828746,80.87316104689434
1764115200,152,147,744919,382221,373,Swordfish,2025-11-26,149.5,1127140,91.43730886850153,69.86290720039584
1764201600,158,151,656336,486590,373,Swordfish,2025-11-27,154.5,1142926,94.4954128440367,70.84136227524496
1764288000,162,155,691752,507355,373,Swordfish,2025-11-28,158.5,1199107,96.94189602446484,74.32359872273635
1764374400,163,153,984028,351429,373,Swordfish,2025-11-29,158.0,1335457,96.63608562691131,82.77490680937507
1764460800,164,160,850096,441602,373,Swordfish,2025-11-30,162.0,1291698,99.08256880733946,80.0626164495421
1764547200,169,163,784921,434947,373,Swordfish,2025-12-01,166.0,1219868,101.52905198776759,75.61041652388565
1764633600,180,173,759734,707772,373,Swordfish,2025-12-02,176.5,1467506,107.95107033639144,90.95962834610083
1764720000,183,176,788997,611174,373,Swordfish,2025-12-03,179.5,1400171,109.78593272171253,86.78603956712159
1764806400,187,180,847811,722768,373,Swordfish,2025-12-04,183.5,1570579,112.23241590214069,97.34834619292234
1764892800,188,183,657917,426975,373,Swordfish,2025-12-05,185.5,1084892,113.45565749235473,67.24427233391756
1764979200,185,179,807694,428731,373,Swordfish,2025-12-06,182.0,1236425,111.31498470948011,76.63666007350412
1765065600,193,186,1178285,874613,373,Swordfish,2025-12-07,189.5,2052898,115.90214067278288,127.24366313490623
1765152000,203,192,938929,858526,373,Swordfish,2025-12-08,197.5,1797455,120.79510703363914,111.41067823153068
1765238400,206,197,1050293,721762,373,Swordfish,2025-12-09,201.5,1772055,123.24159021406729,109.83632380981727
1765324800,219,207,916854,945106,373,Swordfish,2025-12-10,213.0,1861960,130.27522935779817,115.40885665564973
1765411200,241,230,1057019,903121,373,Swordfish,2025-12-11,235.5,1960140,144.03669724770643,121.49429433769
1765497600,269,254,1109629,908604,373,Swordfish,2025-12-12,261.5,2018233,159.9388379204893,125.09504124401272
1765584000,251,241,1265518,794859,373,Swordfish,2025-12-13,246.0,2060377,150.45871559633028,127.70722993490602
1765670400,232,225,1174293,443833,373,Swordfish,2025-12-14,228.5,1618126,139.7553516819572,100.29542610194626
1765756800,234,226,1322981,566629,373,Swordfish,2025-12-15,230.0,1889610,140.67278287461772,117.12267160684561
1765843200,244,236,1156679,475881,373,Swordfish,2025-12-16,240.0,1632560,146.78899082568807,101.19008089419081
1765929600,287,272,1174820,1129007,373,Swordfish,2025-12-17,279.5,2303827,170.9480122324159,142.79685922491115
1766016000,283,271,949091,918182,373,Swordfish,2025-12-18,277.0,1867273,169.4189602446483,115.73816945260104
1766102400,271,262,1218027,749238,373,Swordfish,2025-12-19,266.5,1967265,162.99694189602448,121.93591934771786
1766188800,267,260,1253034,513952,373,Swordfish,2025-12-20,263.5,1766986,161.16207951070336,109.52213473250762
1766275200,289,276,1971599,1169095,373,Swordfish,2025-12-21,282.5,3140694,172.782874617737,194.66793252554254
1766361600,287,276,1633548,750583,373,Swordfish,2025-12-22,281.5,2384131,172.17125382262998,147.77429849582742
1766448000,280,270,1811036,871085,373,Swordfish,2025-12-23,275.0,2682121,168.19571865443424,166.24445102048804
1766534400,278,269,1353768,847344,373,Swordfish,2025-12-24,273.5,2201112,167.2782874617737,136.43033109789172
1766620800,279,270,1237430,698548,373,Swordfish,2025-12-25,274.5,1935978,167.88990825688072,119.99667419842072
1766707200,281,274,1432018,808121,373,Swordfish,2025-12-26,277.5,2240139,169.72477064220183,138.84932046860862
1766793600,340,336,1476696,1271073,373,Swordfish,2025-12-27,338.0,2747769,206.72782874617738,170.31347539358416
1766880000,342,325,1458040,1086362,373,Swordfish,2025-12-28,333.5,2544402,203.97553516819573,157.7082889494664
1766966400,301,292,1498022,611653,373,Swordfish,2025-12-29,296.5,2109675,181.34556574923548,130.7628411270961
1767052800,304,296,1441020,797327,373,Swordfish,2025-12-30,300.0,2238347,183.4862385321101,138.73824790468302
1767139200,340,328,1322274,1055470,373,Swordfish,2025-12-31,334.0,2377744,204.28134556574923,147.3784165394698
1767225600,325,316,1138208,707408,373,Swordfish,2026-01-01,320.5,1845616,196.0244648318043,114.39581536948893
1767312000,294,284,1225058,645866,373,Swordfish,2026-01-02,289.0,1870924,176.7584097859327,115.96446740510795
1767398400,265,256,1281007,589914,373,Swordfish,2026-01-03,260.5,1870921,159.32721712538228,115.96428145773532
1767484800,263,253,1409246,867027,373,Swordfish,2026-01-04,258.0,2276273,157.7981651376147,141.0889945896398
1767571200,255,246,1284174,551512,373,Swordfish,2026-01-05,250.5,1835686,153.21100917431193,113.78032956603957
1767657600,251,242,1330909,463419,373,Swordfish,2026-01-06,246.5,1794328,150.76452599388378,111.21685908677881
1767744000,247,240,1066996,544533,373,Swordfish,2026-01-07,243.5,1611529,148.9296636085627,99.8865278295036
1767830400,239,231,1017742,694065,373,Swordfish,2026-01-08,235.0,1711807,143.7308868501529,106.1020047074791
1767916800,239,232,1005177,542519,373,Swordfish,2026-01-09,235.5,1547696,144.03669724770643,95.93000161685667
1768003200,222,215,1165722,539564,373,Swordfish,2026-01-10,218.5,1705286,133.63914373088684,105.69781710181007
1768089600,220,213,1116016,681180,373,Swordfish,2026-01-11,216.5,1797196,132.41590214067278,111.39462477502582
1768176000,211,203,1164172,596464,373,Swordfish,2026-01-12,207.0,1760636,126.60550458715596,109.12854612707928
1768262400,215,208,1112210,614480,373,Swordfish,2026-01-13,211.5,1726690,129.3577981651376,107.0244896231626
1768348800,206,197,1192155,427197,373,Swordfish,2026-01-14,201.5,1619352,123.24159021406729,100.37141659489983
1768435200,222,213,1298804,913813,373,Swordfish,2026-01-15,217.5,2212617,133.0275229357798,137.14343927197885
1768521600,224,217,1228269,658442,373,Swordfish,2026-01-16,220.5,1886711,134.8623853211009,116.94298446241463
1768608000,232,226,1012559,782304,373,Swordfish,2026-01-17,229.0,1794863,140.0611620795107,111.25001970156687
1768694400,259,248,1043633,988226,373,Swordfish,2026-01-18,253.5,2031859,155.04587155963304,125.93961421055866
1768780800,266,257,1002277,1047428,373,Swordfish,2026-01-19,261.5,2049705,159.9388379204893,127.04575314795619
1768867200,282,271,832034,1017654,373,Swordfish,2026-01-20,276.5,1849688,169.1131498470948,114.64820793662346
1768953600,282,272,898583,933954,373,Swordfish,2026-01-21,277.0,1832537,169.4189602446483,113.58514680722163
1769040000,266,260,895358,592105,373,Swordfish,2026-01-22,263.0,1487463,160.85626911314986,92.19661225138171
1769126400,252,243,854404,511844,373,Swordfish,2026-01-23,247.5,1366248,151.37614678899084,84.68340865972851
1769212800,234,226,887384,606228,373,Swordfish,2026-01-24,230.0,1493612,140.67278287461772,92.57774238284297
1769299200,231,225,862457,532003,373,Swordfish,2026-01-25,228.0,1394460,139.44954128440367,86.43205775206627
1769385600,210,207,974456,617177,373,Swordfish,2026-01-26,208.5,1591633,127.5229357798165,98.65332485413315
1769472000,208,201,844520,576916,373,Swordfish,2026-01-27,204.5,1421436,125.07645259938838,88.10409652687497
1769558400,203,196,705224,454783,373,Swordfish,2026-01-28,199.5,1160007,122.01834862385321,71.90008463261847
1769644800,190,185,780855,366372,373,Swordfish,2026-01-29,187.5,1147227,114.6788990825688,71.10794882515793
1769731200,192,187,690353,377294,373,Swordfish,2026-01-30,189.5,1067647,115.90214067278288,66.17538485350623
1769817600,193,187,659791,433670,373,Swordfish,2026-01-31,190.0,1093461,116.20795107033639,67.77540001264441
1769904000,201,196,619582,457197,373,Swordfish,2026-02-01,198.5,1076779,121.40672782874617,66.74140865583249
1769990400,200,195,622868,511306,373,Swordfish,2026-02-02,197.5,1134174,120.79510703363914,70.29889180678687
1770076800,196,191,533173,353696,373,Swordfish,2026-02-03,193.5,886869,118.34862385321101,54.970320142935094
1770163200,196,191,452039,369211,373,Swordfish,2026-02-04,193.5,821250,118.34862385321101,50.903093261107834
1770249600,199,194,482492,366953,373,Swordfish,2026-02-05,196.5,849445,120.1834862385321,52.65068865166727
1770336000,205,197,464890,662481,373,Swordfish,2026-02-06,201.0,1127371,122.93577981651376,69.87722514808937
1770422400,207,201,565993,473750,373,Swordfish,2026-02-07,204.0,1039743,124.77064220183487,64.4458263580932
1770508800,214,207,643816,537594,373,Swordfish,2026-02-08,210.5,1181410,128.74617737003058,73.22669517151343
1770595200,213,208,523732,483541,373,Swordfish,2026-02-09,210.5,1007273,128.74617737003058,62.43325596151704
1770681600,211,204,561675,430003,373,Swordfish,2026-02-10,207.5,991678,126.91131498470949,61.46663953605953
1770768000,204,200,512235,333307,373,Swordfish,2026-02-11,202.0,845542,123.54740061162079,52.40877111985831
1770854400,203,198,682305,412944,373,Swordfish,2026-02-12,200.5,1095249,122.62996941896024,67.88622464673983
1770940800,205,200,515145,277292,373,Swordfish,2026-02-13,202.5,792437,123.8532110091743,49.11719271178387
1771027200,212,205,540020,457437,373,Swordfish,2026-02-14,208.5,997457,127.5229357798165,61.8248361582281
1771113600,212,207,569700,552925,373,Swordfish,2026-02-15,209.5,1122625,128.13455657492355,69.58305640456764
1771200000,206,201,599777,411411,373,Swordfish,2026-02-16,203.5,1011188,124.46483180428135,62.67591728281656
1771286400,207,201,533519,325437,373,Swordfish,2026-02-17,204.0,858956,124.77064220183487,53.24020380540413
1771372800,206,199,522157,402397,373,Swordfish,2026-02-18,202.5,924554,123.8532110091743,57.306129055622876
1771459200,205,199,490904,386798,373,Swordfish,2026-02-19,202.0,877702,123.54740061162079,54.402126954594664
1771545600,204,198,480480,319166,373,Swordfish,2026-02-20,201.0,799646,122.93577981651376,49.564024248245765
1771632000,206,199,556823,438985,373,Swordfish,2026-02-21,202.5,995808,123.8532110091743,61.72262708573183
1771718400,210,204,567778,559087,373,Swordfish,2026-02-22,207.0,1126865,126.60550458715596,69.84586202457021
1771804800,212,206,623193,564326,373,Swordfish,2026-02-23,209.0,1187519,127.82874617737004,73.60534600467277
1771891200,212,206,498134,441086,373,Swordfish,2026-02-24,209.0,939220,127.82874617737004,58.21516377801851
1771977600,210,204,586472,429246,373,Swordfish,2026-02-25,207.0,1015718,126.60550458715596,62.95669781550798
1772064000,207,202,497399,370027,373,Swordfish,2026-02-26,204.5,867426,125.07645259938838,53.76519522083375
1772150400,208,201,515154,412907,373,Swordfish,2026-02-27,204.5,928061,125.07645259938838,57.52350153424292
1772236800,210,205,517859,466652,373,Swordfish,2026-02-28,207.5,984511,126.91131498470949,61.02241126281464
1772323200,203,199,840554,439066,373,Swordfish,2026-03-01,201.0,1279620,122.93577981651376,79.31399232728012
1772409600,204,199,521381,364582,373,Swordfish,2026-03-02,201.5,885963,123.24159021406729,54.914164036396805
1772496000,198,191,451775,510938,373,Swordfish,2026-03-03,194.5,962713,118.96024464831805,59.67131765318832
1772582400,200,195,429421,286538,373,Swordfish,2026-03-04,197.5,715959,120.79510703363914,44.37689832344536
1772668800,200,194,379756,332916,373,Swordfish,2026-03-05,197.0,712672,120.48929663608563,44.173161985485834
1772755200,192,186,502696,292120,373,Swordfish,2026-03-06,189.0,794816,115.59633027522935,49.26464897829002
1772841600,188,182,791082,280182,373,Swordfish,2026-03-07,185.0,1071264,113.14984709480123,66.39957540245652
1772928000,188,178,603249,499823,373,Swordfish,2026-03-08,183.0,1103072,111.92660550458714,68.37111341213605
1773014400,193,187,428279,495162,373,Swordfish,2026-03-09,190.0,923441,116.20795107033639,57.237142580372215
1773100800,199,191,418643,460408,373,Swordfish,2026-03-10,195.0,879051,119.26605504587155,54.485741289826606
1773187200,197,192,420128,381956,373,Swordfish,2026-03-11,194.5,802084,118.96024464831805,49.71513747974723
1773273600,196,190,439277,375272,373,Swordfish,2026-03-12,193.0,814549,118.04281345565751,50.487748813080216
1773360000,195,190,330139,378246,373,Swordfish,2026-03-13,192.5,708385,117.73700305810397,43.90744318997854
1773446400,197,193,437971,454433,373,Swordfish,2026-03-14,195.0,892404,119.26605504587155,55.313393045462014
1773532800,196,190,574048,435945,373,Swordfish,2026-03-15,193.0,1009993,118.04281345565751,62.60184824604698
1773619200,196,192,464345,286425,373,Swordfish,2026-03-16,194.0,750770,118.65443425076452,46.534569653140856
1773705600,200,195,414371,339338,373,Swordfish,2026-03-17,197.5,753709,120.79510703363914,46.716736095873756
1773792000,203,198,367518,394616,373,Swordfish,2026-03-18,200.5,762134,122.62996941896024,47.238938300713734
1773878400,201,196,420338,327091,373,Swordfish,2026-03-19,198.5,747429,121.40672782874617,46.32748626247375
1773964800,201,195,436967,290340,373,Swordfish,2026-03-20,198.0,727307,121.10091743119267,45.08027525169748
1774051200,202,198,393735,279880,373,Swordfish,2026-03-21,200.0,673615,122.32415902140671,41.7523131410425
1774137600,203,198,416656,445690,373,Swordfish,2026-03-22,200.5,862346,122.62996941896024,53.45032433649107
1774224000,202,198,368924,270241,373,Swordfish,2026-03-23,200.0,639165,122.32415902140671,39.617017478521745
1774310400,202,197,370470,271884,373,Swordfish,2026-03-24,199.5,642354,122.01834862385321,39.814679535641595
1774396800,201,197,322795,243905,373,Swordfish,2026-03-25,199.0,566700,121.7125382262997,35.12545869232244
1774483200,200,191,464413,302499,373,Swordfish,2026-03-26,195.5,766912,119.57186544342508,47.53509048287699
1774569600,199,193,424458,247453,373,Swordfish,2026-03-27,196.0,671911,119.8776758409786,41.64669503338109
1774656000,196,189,515544,414888,373,Swordfish,2026-03-28,192.5,930432,117.73700305810397,57.67046194108868
1774742400,195,191,472677,255326,373,Swordfish,2026-03-29,193.0,728003,118.04281345565751,45.123415042150725
1774828800,197,192,390270,359450,373,Swordfish,2026-03-30,194.5,749720,118.96024464831805,46.46948807271569
1774915200,196,194,369681,189300,373,Swordfish,2026-03-31,195.0,558981,119.26605504587155,34.64701610251119
1775001600,199,195,363319,268118,373,Swordfish,2026-04-01,197.0,631437,120.48929663608563,39.138017046592566
1775088000,199,195,383027,217986,373,Swordfish,2026-04-02,197.0,601013,120.48929663608563,37.25226275815915
1775174400,200,195,363770,291043,373,Swordfish,2026-04-03,197.5,654813,120.79510703363914,40.586918974229285
1775260800,204,199,382132,286097,373,Swordfish,2026-04-04,201.5,668229,123.24159021406729,41.418475624690196
1775347200,201,196,370794,351129,373,Swordfish,2026-04-05,198.5,721923,121.40672782874617,44.74656170026027
1775433600,199,193,426390,304879,373,Swordfish,2026-04-06,196.0,731269,119.8776758409786,45.32584974850175
1775520000,198,193,353877,334345,373,Swordfish,2026-04-07,195.5,688222,119.57186544342508,42.65769089844281
1775606400,201,196,388349,232107,373,Swordfish,2026-04-08,198.5,620456,121.40672782874617,38.45738768026048
1775692800,200,195,344782,293162,373,Swordfish,2026-04-09,197.5,637944,120.79510703363914,39.54133689785592
1775779200,206,199,337173,292893,373,Swordfish,2026-04-10,202.5,630066,123.8532110091743,39.05303909729457
1775865600,203,198,484901,299877,373,Swordfish,2026-04-11,200.5,784778,122.62996941896024,48.64246906942549
1775952000,197,194,659204,434374,373,Swordfish,2026-04-12,195.5,1093578,119.57186544342508,67.7826519601775
1776038400,199,194,370884,323469,373,Swordfish,2026-04-13,196.5,694353,120.1834862385321,43.0377053456682
1776124800,193,191,519774,238270,373,Swordfish,2026-04-14,192.0,758044,117.43119266055047,46.98543004934335
1776211200,195,191,368198,239732,373,Swordfish,2026-04-15,193.0,607930,118.04281345565751,37.68099541701709
1776297600,194,189,287750,211473,373,Swordfish,2026-04-16,191.5,499223,117.12538226299694,30.943068404371427
1776384000,197,193,339296,201138,373,Swordfish,2026-04-17,195.0,540434,119.26605504587155,33.49742746237266
1776470400,197,192,336538,244359,373,Swordfish,2026-04-18,194.5,580897,118.96024464831805,36.005423642128164
1776556800,194,191,372033,224926,373,Swordfish,2026-04-19,192.5,596959,117.73700305810397,37.000985875260476
1776643200,197,192,313265,212701,373,Swordfish,2026-04-20,194.5,525966,118.96024464831805,32.6006652665715
1776729600,196,189,233656,216237,373,Swordfish,2026-04-21,192.5,449893,117.73700305810397,27.885473773539832
1776816000,196,192,271957,189878,373,Swordfish,2026-04-22,194.0,461835,118.65443425076452,28.625668281575322
1776902400,197,191,314315,190741,373,Swordfish,2026-04-23,194.0,505056,118.65443425076452,31.304612079247583
1776988800,200,194,284193,296980,373,Swordfish,2026-04-24,197.0,581173,120.48929663608563,36.02253080041135
1777075200,202,196,388833,192094,373,Swordfish,2026-04-25,199.0,580927,121.7125382262997,36.0072831158546
1777161600,204,196,403020,392503,373,Swordfish,2026-04-26,200.0,795523,122.32415902140671,49.3084705757763
1777248000,202,195,394120,219481,373,Swordfish,2026-04-27,198.5,613601,121.40672782874617,38.0324979337705
1777334400,199,193,341008,245503,373,Swordfish,2026-04-28,196.0,586511,119.8776758409786,36.35339315880135
1777420800,200,194,377663,278430,373,Swordfish,2026-04-29,197.0,656093,120.48929663608563,40.66625651989044
1777507200,204,197,395855,500362,373,Swordfish,2026-04-30,200.5,896217,122.62996941896024,55.54973215609166
1777593600,204,192,328689,462259,373,Swordfish,2026-05-01,198.0,790948,121.10091743119267,49.02490083249524
1777680000,206,200,419747,319409,373,Swordfish,2026-05-02,203.0,739156,124.15902140672783,45.81470539118103
1777766400,206,200,487584,327119,373,Swordfish,2026-05-03,203.0,814703,124.15902140672783,50.497294111542566
1777852800,206,199,301727,269328,373,Swordfish,2026-05-04,202.5,571055,123.8532110091743,35.39539229494299
1777939200,203,197,238818,269818,373,Swordfish,2026-05-05,200.0,508636,122.32415902140671,31.526509277268605
1778025600,202,196,265265,221907,373,Swordfish,2026-05-06,199.0,487172,121.7125382262997,30.196117808463224
1778112000,203,197,308773,153762,373,Swordfish,2026-05-07,200.0,462535,122.32415902140671,28.669056001858767
1778198400,203,194,252302,415679,373,Swordfish,2026-05-08,198.5,667981,121.40672782874617,41.40310397521835
1778284800,201,196,396201,278932,373,Swordfish,2026-05-09,198.5,675133,121.40672782874617,41.84640251160002
1778371200,201,195,342833,240509,373,Swordfish,2026-05-10,198.0,583342,121.10091743119267,36.15697075083247
1778457600,203,196,229865,291238,373,Swordfish,2026-05-11,199.5,521103,122.01834862385321,32.29924457551668
1778544000,201,196,311476,215797,373,Swordfish,2026-05-12,198.5,527273,121.40672782874617,32.681676338586435
1778630400,194,191,376418,263905,373,Swordfish,2026-05-13,192.5,640323,117.73700305810397,39.68879316436207
1778716800,197,192,257967,215388,373,Swordfish,2026-05-14,194.5,473355,118.96024464831805,29.33970619252566
1778803200,199,193,288090,275612,373,Swordfish,2026-05-15,196.0,563702,119.8776758409786,34.939635284594225
1778889600,198,194,360342,217665,373,Swordfish,2026-05-16,196.0,578007,119.8776758409786,35.8262943398151
1778976000,197,193,297003,246219,373,Swordfish,2026-05-17,195.0,543222,119.26605504587155,33.670234554015856
1779062400,198,193,355518,283834,373,Swordfish,2026-05-18,195.5,639352,119.57186544342508,39.628608198083185
1779148800,199,194,218718,212808,373,Swordfish,2026-05-19,196.5,431526,120.1834862385321,26.7470419757599
1779235200,200,193,247687,252690,373,Swordfish,2026-05-20,196.5,500377,120.1834862385321,31.014596160381558
1779321600,200,194,313987,171894,373,Swordfish,2026-05-21,197.0,485881,120.48929663608563,30.116098455769052
1779408000,201,195,264292,294560,373,Swordfish,2026-05-22,198.0,558852,121.10091743119267,34.639020365487525
1779494400,201,195,369765,160105,373,Swordfish,2026-05-23,198.0,529870,121.10091743119267,32.842644780838
1779580800,201,198,303801,293645,373,Swordfish,2026-05-24,199.5,597446,122.01834862385321,37.031171332086245
1779667200,202,198,361333,245787,373,Swordfish,2026-05-25,200.0,607120,122.32415902140671,37.63078962640339
1779753600,201,194,343506,330505,373,Swordfish,2026-05-26,197.5,674011,120.79510703363914,41.776858194231416
1779840000,199,194,298436,174505,373,Swordfish,2026-05-27,196.5,472941,120.1834862385321,29.314045455100878
1779926400,200,194,282311,234844,373,Swordfish,2026-05-28,197.0,517155,120.48929663608563,32.054537833118076
1780012800,197,192,248292,241322,373,Swordfish,2026-05-29,194.5,489614,118.96024464831805,30.347478969794885
1780099200,193,188,444721,291755,373,Swordfish,2026-05-30,190.5,736476,116.51376146788989,45.648592404953
1780185600,195,189,409118,276207,373,Swordfish,2026-05-31,192.0,685325,117.43119266055047,42.47812771892691
1780272000,194,188,346992,220352,373,Swordfish,2026-06-01,191.0,567344,116.81957186544342,35.165375394983215
1780358400,193,187,369657,262153,373,Swordfish,2026-06-02,190.0,631810,116.20795107033639,39.161136503257886
1780444800,193,189,449901,200000,373,Swordfish,2026-06-03,191.0,649901,116.81957186544342,40.282461142754634
1780531200,197,191,314857,226636,373,Swordfish,2026-06-04,194.0,541493,118.65443425076452,33.563066884915756
1780617600,196,191,322247,291317,373,Swordfish,2026-06-05,193.5,613564,118.34862385321101,38.030204582841236
1780704000,198,191,318994,282856,373,Swordfish,2026-06-06,194.5,601850,118.96024464831805,37.304142075126634
1780790400,196,192,339163,396288,373,Swordfish,2026-06-07,194.0,735451,118.65443425076452,45.58506038596653
1780876800,198,193,316971,290088,373,Swordfish,2026-06-08,195.5,607059,119.57186544342508,37.62700869649298
1780963200,200,193,320442,259865,373,Swordfish,2026-06-09,196.5,580307,120.1834862385321,35.968853992174985
1781049600,201,194,374738,239733,373,Swordfish,2026-06-10,197.5,614471,120.79510703363914,38.08642267183707
1781136000,199,193,332469,318835,373,Swordfish,2026-06-11,196.0,651304,119.8776758409786,40.36942253069415
1781222400,198,192,293632,379083,373,Swordfish,2026-06-12,195.0,672715,119.26605504587155,41.6965289292495
1781308800,197,192,275034,261909,373,Swordfish,2026-06-13,194.5,536943,118.96024464831805,33.28104670307339
1781395200,198,192,323224,295042,373,Swordfish,2026-06-14,195.0,618266,119.26605504587155,38.32164609823086
1781481600,197,191,311248,259658,373,Swordfish,2026-06-15,194.0,570906,118.65443425076452,35.38615690876837
1781568000,198,194,345593,215703,373,Swordfish,2026-06-16,196.0,561296,119.8776758409786,34.79050549173429
1781654400,199,195,347778,307844,373,Swordfish,2026-06-17,197.0,655622,120.48929663608563,40.637062782385435
1781740800,203,197,277852,316473,373,Swordfish,2026-06-18,200.0,594325,122.32415902140671,36.837724082079646
1781827200,203,197,308212,276705,373,Swordfish,2026-06-19,200.0,584917,122.32415902140671,36.25459312147021
1781913600,205,199,374622,288144,373,Swordfish,2026-06-20,202.0,662766,123.54740061162079,41.07986545910672
1782000000,207,201,310279,308088,373,Swordfish,2026-06-21,204.0,618367,124.77064220183487,38.327906326443184
1782086400,206,200,446393,311236,373,Swordfish,2026-06-22,203.0,757629,124.15902140672783,46.95970732946102
1782172800,205,199,417758,301122,373,Swordfish,2026-06-23,202.0,718880,123.54740061162079,44.5579490819424
1782259200,199,194,368947,400462,373,Swordfish,2026-06-24,196.5,769409,120.1834862385321,47.68986067937378
1782345600,201,196,308276,234957,373,Swordfish,2026-06-25,198.5,543233,121.40672782874617,33.670916361048874
1782432000,200,194,361463,327970,373,Swordfish,2026-06-26,197.0,689433,120.48929663608563,42.73275165453316
1782518400,200,193,323699,319139,373,Swordfish,2026-06-27,196.5,642838,120.1834862385321,39.844679045094715
1782604800,201,195,396357,313975,373,Swordfish,2026-06-28,198.0,710332,121.10091743119267,44.02812303482405
1782691200,200,194,339626,318609,373,Swordfish,2026-06-29,197.0,658235,120.48929663608563,40.799022943957766
1782777600,197,193,318981,268889,373,Swordfish,2026-06-30,195.0,587870,119.26605504587155,36.437627318608776
1782864000,194,188,358866,372197,373,Swordfish,2026-07-01,191.0,731063,116.81957186544342,45.31308136224691
1782950400,198,192,361401,303814,373,Swordfish,2026-07-02,195.0,665215,119.26605504587155,41.231660497641215
1783036800,197,193,417333,292245,373,Swordfish,2026-07-03,195.0,709578,119.26605504587155,43.981388261833025
1783123200,198,190,365342,446394,373,Swordfish,2026-07-04,194.0,811736,118.65443425076452,50.31339215999833
1783209600,197,192,410595,354252,373,Swordfish,2026-07-05,194.5,764847,118.96024464831805,47.40709670804084
1783296000,197,193,366054,297288,373,Swordfish,2026-07-06,195.0,663342,119.26605504587155,41.11556735465424
1783382400,198,193,365621,288663,373,Swordfish,2026-07-07,195.5,654284,119.57186544342508,40.55413025418652
1783468800,199,192,403408,409640,373,Swordfish,2026-07-08,195.5,813048,119.57186544342508,50.39471314430101
1783555200,198,194,345277,279730,373,Swordfish,2026-07-09,196.0,625007,119.8776758409786,38.73946984456039
1783641600,199,193,275540,249057,373,Swordfish,2026-07-10,196.0,524597,119.8776758409786,32.515811282188594
1783728000,198,193,380898,365509,373,Swordfish,2026-07-11,195.5,746407,119.57186544342508,46.264140190859926
1783814400,197,192,467760,273395,373,Swordfish,2026-07-12,194.5,741155,118.96024464831805,45.938608323819025
1783900800,196,191,379082,314605,373,Swordfish,2026-07-13,193.5,693687,118.34862385321101,42.99642502894138
1783987200,198,193,366778,276564,373,Swordfish,2026-07-14,195.5,643342,119.57186544342508,39.875918203698795
1784073600,197,193,363465,289925,373,Swordfish,2026-07-15,195.0,653390,119.26605504587155,40.49871793713881
1784160000,196,192,307635,222714,373,Swordfish,2026-07-16,194.0,530349,118.65443425076452,32.87233437800338
1784246400,196,192,365031,313109,373,Swordfish,2026-07-17,194.0,678140,118.65443425076452,42.03278376144617
1784332800,198,193,366252,293606,373,Swordfish,2026-07-18,195.5,659858,119.57186544342508,40.8996204725578
1784419200,198,194,466968,288964,373,Swordfish,2026-07-19,196.0,755932,119.8776758409786,46.854523099002456
1784505600,198,193,295666,325031,373,Swordfish,2026-07-20,195.5,620697,119.57186544342508,38.472325452529496
1784592000,198,193,432375,315720,373,Swordfish,2026-07-21,195.5,748095,119.57186544342508,46.36876657920057
1784678400,198,193,338547,386229,373,Swordfish,2026-07-22,195.5,724776,119.57186544342508,44.923397651644066
1784764800,197,192,371942,394578,373,Swordfish,2026-07-23,194.5,766520,118.96024464831805,47.51079335951827
1784851200,198,192,470713,365763,373,Swordfish,2026-07-24,195.0,836476,119.26605504587155,51.84683815973021
1784937600,197,193,384631,372926,373,Swordfish,2026-07-25,195.0,757557,119.26605504587155,46.95524459251758
1785024000,198,193,384411,417524,373,Swordfish,2026-07-26,195.5,801935,119.57186544342508,49.70590209357261
1785110400,198,193,356986,277929,373,Swordfish,2026-07-27,195.5,634915,119.57186544342508,39.35359203394372
1785196800,198,193,345250,281044,373,Swordfish,2026-07-28,195.5,626294,119.57186544342508,38.819241267424374
1785283200,197,193,349505,251890,373,Swordfish,2026-07-29,195.0,601395,119.26605504587155,37.275940056942396
1785369600,199,194,253783,226917,373,Swordfish,2026-07-30,196.5,480700,120.1834862385321,29.794967343214047
1785456000,200,194,379553,370987,373,Swordfish,2026-07-31,197.0,750540,120.48929663608563,46.52031368790487
1785542400,203,198,425843,264248,373,Swordfish,2026-08-01,200.5,690091,122.62996941896024,42.77353611159959
1785628800,204,200,352594,379049,373,Swordfish,2026-08-02,202.0,731643,123.54740061162079,45.34903118762462
1785715200,202,196,359783,296498,373,Swordfish,2026-08-03,199.0,656281,121.7125382262997,40.67790922190942
1785801600,202,197,343589,256337,373,Swordfish,2026-08-04,199.5,599926,122.01834862385321,37.18488782680472
1785888000,200,196,326433,291037,373,Swordfish,2026-08-05,198.0,617470,121.10091743119267,38.27230806202284
1785974400,204,196,316263,379707,373,Swordfish,2026-08-06,200.0,695970,122.32415902140671,43.13793097952294
1786060800,202,198,353409,320037,373,Swordfish,2026-08-07,200.0,673446,122.32415902140671,41.74183810571692
1786147200,200,196,369240,309148,373,Swordfish,2026-08-08,198.0,678388,121.10091743119267,42.048155410918014
1786233600,202,197,421068,304316,373,Swordfish,2026-08-09,199.5,725384,122.01834862385321,44.96108298583311
1786320000,202,197,406142,284685,373,Swordfish,2026-08-10,199.5,690827,122.01834862385321,42.81915520035475
1786406400,202,197,392787,279085,373,Swordfish,2026-08-11,199.5,671872,122.01834862385321,41.64427771753673
1786492800,203,198,301865,234096,373,Swordfish,2026-08-12,200.5,535961,122.62996941896024,33.22017992976148
1786579200,202,197,336818,262330,373,Swordfish,2026-08-13,199.5,599148,122.01834862385321,37.136665474832554
1786665600,200,195,348382,348583,373,Swordfish,2026-08-14,197.5,696965,120.79510703363914,43.19960352478297
1786752000,201,197,375140,213581,373,Swordfish,2026-08-15,199.0,588721,121.7125382262997,36.49037438998193
1786838400,202,196,403466,363248,373,Swordfish,2026-08-16,199.0,766714,121.7125382262997,47.52281795628253
1786924800,202,197,282015,270537,373,Swordfish,2026-08-17,199.5,552552,122.01834862385321,34.24853088293657
1787011200,189,194,402796,248124,373,Swordfish,2026-08-18,191.5,650920,117.12538226299694,40.34562126699581
1787097600,200,195,330146,297497,373,Swordfish,2026-08-19,197.5,627643,120.79510703363914,38.902855602656324
1787184000,200,196,302416,222920,373,Swordfish,2026-08-20,198.0,525336,121.10091743119267,32.561616318316396
1787270400,201,197,304728,287225,373,Swordfish,2026-08-21,199.0,591953,121.7125382262997,36.69070169277634
1787356800,200,194,305955,361639,373,Swordfish,2026-08-22,197.0,667594,120.48929663608563,41.37911676414736
1787443200,201,195,340070,362819,373,Swordfish,2026-08-23,198.0,702889,121.10091743119267,43.56678760329598
1787529600,200,196,332983,282156,373,Swordfish,2026-08-24,198.0,615139,121.10091743119267,38.12782695347898
1787616000,200,196,305281,201337,373,Swordfish,2026-08-25,198.0,506618,121.10091743119267,31.401428677937204
1756166400,243,239,4346250,3092044,1515,Yew logs,2025-08-26,241.0,7438294,100.0,99.52710722915641
1756252800,247,242,3477309,3302582,1515,Yew logs,2025-08-27,244.5,6779891,101.45228215767634,90.71743313170903
1756339200,245,243,3506565,3429370,1515,Yew logs,2025-08-28,244.0,6935935,101.2448132780083,92.80535919653875
1756425600,244,239,3647755,3434641,1515,Yew logs,2025-08-29,241.5,7082396,100.20746887966806,94.76506119969828
1756512000,242,238,3573776,3128714,1515,Yew logs,2025-08-30,240.0,6702490,99.5850622406639,89.68177930750635
1756598400,240,237,4338794,3893675,1515,Yew logs,2025-08-31,238.5,8232469,98.96265560165975,110.15346058164764
1756684800,236,231,4880421,4263558,1515,Yew logs,2025-09-01,233.5,9143979,96.88796680497926,122.34979935374355
1756771200,253,248,3780711,5203217,1515,Yew logs,2025-09-02,250.5,8983928,103.94190871369295,120.20825815637575
1756857600,258,253,3777633,4043477,1515,Yew logs,2025-09-03,255.5,7821110,106.01659751037344,104.64932599074837
1756944000,272,267,4041329,4320716,1515,Yew logs,2025-09-04,269.5,8362045,111.82572614107885,111.8872350797147
1757030400,269,263,3766014,4110813,1515,Yew logs,2025-09-05,266.0,7876827,110.3734439834025,105.39483992626731
1757116800,264,259,4239584,3945994,1515,Yew logs,2025-09-06,261.5,8185578,108.50622406639003,109.5260417696079
1757203200,259,254,4434949,3428800,1515,Yew logs,2025-09-07,256.5,7863749,106.43153526970954,105.21985148021461
1757289600,254,249,4144803,3141504,1515,Yew logs,2025-09-08,251.5,7286307,104.35684647302905,97.49346531523936
1757376000,246,242,3962299,2644913,1515,Yew logs,2025-09-09,244.0,6607212,101.2448132780083,88.4069246536597
1757462400,245,239,4136260,2900225,1515,Yew logs,2025-09-10,242.0,7036485,100.4149377593361,94.15075514780011
1757548800,244,240,3527373,3355726,1515,Yew logs,2025-09-11,242.0,6883099,100.4149377593361,92.09839409976257
1757635200,238,233,3868662,2834881,1515,Yew logs,2025-09-12,235.5,6703543,97.71784232365145,89.6958688344748
1757721600,235,230,3883476,3213518,1515,Yew logs,2025-09-13,232.5,7096994,96.47302904564316,94.9603878043379
1757808000,224,219,4519889,2650216,1515,Yew logs,2025-09-14,221.5,7170105,91.90871369294605,95.93863985200244
1757894400,221,217,3330952,2969138,1515,Yew logs,2025-09-15,219.0,6300090,90.87136929460581,84.29751942896262
1757980800,223,219,2981716,3362920,1515,Yew logs,2025-09-16,221.0,6344636,91.70124481327801,84.893561279235
1758067200,224,219,2852141,2881877,1515,Yew logs,2025-09-17,221.5,5734018,91.90871369294605,76.7232680423647
1758153600,222,218,3188216,2889891,1515,Yew logs,2025-09-18,220.0,6078107,91.28630705394191,81.32730531211676
1758240000,225,221,2848796,3170472,1515,Yew logs,2025-09-19,223.0,6019268,92.5311203319502,80.54001786928964
1758326400,231,227,3587469,3980799,1515,Yew logs,2025-09-20,229.0,7568268,95.0207468879668,101.26620711348507
1758412800,234,231,3872041,3979542,1515,Yew logs,2025-09-21,232.5,7851583,96.47302904564316,105.05706592931412
1758499200,220,217,3102235,2711433,1515,Yew logs,2025-09-22,218.5,5813668,90.66390041493776,77.78901431305557
1758585600,223,219,2323546,3203845,1515,Yew logs,2025-09-23,221.0,5527391,91.70124481327801,73.95852284871694
1758672000,224,220,2367692,2976010,1515,Yew logs,2025-09-24,222.0,5343702,92.11618257261411,71.50069652458717
1758758400,221,217,2126418,2938253,1515,Yew logs,2025-09-25,219.0,5064671,90.87136929460581,67.76715920309131
1758844800,219,216,2241072,2727964,1515,Yew logs,2025-09-26,217.5,4969036,90.24896265560166,66.48752775805023
1758931200,216,213,2455784,3192138,1515,Yew logs,2025-09-27,214.5,5647922,89.00414937759335,75.57127192282418
1759017600,210,206,2722290,2551274,1515,Yew logs,2025-09-28,208.0,5273564,86.30705394190872,70.5622243094746
1759104000,209,206,2502784,2339293,1515,Yew logs,2025-09-29,207.5,4842077,86.09958506224066,64.7887696817082
1759190400,212,208,2236490,3053930,1515,Yew logs,2025-09-30,210.0,5290420,87.13692946058092,70.78776378390982
1759276800,209,206,2231996,2680625,1515,Yew logs,2025-10-01,207.5,4912621,86.09958506224066,65.73267432602229
1759363200,209,205,2122427,3088253,1515,Yew logs,2025-10-02,207.0,5210680,85.89211618257261,69.72081328014472
1759449600,204,202,2419788,2619832,1515,Yew logs,2025-10-03,203.0,5039620,84.23236514522821,67.43196761706398
1759536000,205,201,2456428,2950000,1515,Yew logs,2025-10-04,203.0,5406428,84.23236514522821,72.33999345585342
1759622400,208,205,2500045,3188925,1515,Yew logs,2025-10-05,206.5,5688970,85.68464730290457,76.12050924761161
1759708800,206,205,2439222,2867785,1515,Yew logs,2025-10-06,205.5,5307007,85.26970954356847,71.00970393948985
1759795200,204,202,2499268,3014963,1515,Yew logs,2025-10-07,203.0,5514231,84.23236514522821,73.78243721252997
1759881600,207,203,2510360,2976675,1515,Yew logs,2025-10-08,205.0,5487035,85.06224066390041,73.41854473823358
1759968000,207,204,2053657,2427757,1515,Yew logs,2025-10-09,205.5,4481414,85.26970954356847,59.96296620115349
1760054400,207,204,2253091,3085196,1515,Yew logs,2025-10-10,205.5,5338287,85.26970954356847,71.42824183462119
1760140800,207,203,2569994,3273085,1515,Yew logs,2025-10-11,205.0,5843079,85.06224066390041,78.18254430134544
1760227200,205,203,2637987,3260903,1515,Yew logs,2025-10-12,204.0,5898890,84.64730290456431,78.92931599140859
1760313600,205,202,2460730,2836348,1515,Yew logs,2025-10-13,203.5,5297078,84.43983402489627,70.87685027066763
1760400000,203,199,2442463,2392876,1515,Yew logs,2025-10-14,201.0,4835339,83.40248962655602,64.69861276555108
1760486400,202,199,1516953,2496191,1515,Yew logs,2025-10-15,200.5,4013144,83.19502074688798,53.69734151595053
1760572800,200,197,1901353,1866618,1515,Yew logs,2025-10-16,198.5,3767971,82.36514522821577,50.416836676978846
1760659200,199,197,1719104,2218754,1515,Yew logs,2025-10-17,198.0,3937858,82.15767634854771,52.68998716899217
1760745600,199,196,1847285,2429190,1515,Yew logs,2025-10-18,197.5,4276475,81.95020746887967,57.22080706783124
1760832000,199,197,1835024,2690662,1515,Yew logs,2025-10-19,198.0,4525686,82.15767634854771,60.555341830733234
1760918400,198,196,1756219,2844086,1515,Yew logs,2025-10-20,197.0,4600305,81.74273858921161,61.553771472574816
1761004800,198,196,1847483,2298856,1515,Yew logs,2025-10-21,197.0,4146339,81.74273858921161,55.47953956396899
1761091200,198,196,1911088,2469979,1515,Yew logs,2025-10-22,197.0,4381067,81.74273858921161,58.620286464492885
1761177600,197,195,1988783,2312059,1515,Yew logs,2025-10-23,196.0,4300842,81.32780082987551,57.54684648249445
1761264000,196,192,2334304,2794490,1515,Yew logs,2025-10-24,194.0,5128794,80.49792531120332,68.62514850774305
1761350400,194,191,2035252,2566372,1515,Yew logs,2025-10-25,192.5,4601624,79.87551867219918,61.57142017729599
1761436800,190,187,2559251,2857561,1515,Yew logs,2025-10-26,188.5,5416812,78.21576763485477,72.47893519188422
1761523200,191,188,2075441,2698916,1515,Yew logs,2025-10-27,189.5,4774357,78.63070539419087,63.88265119518985
1761609600,190,187,2034106,3190116,1515,Yew logs,2025-10-28,188.5,5224222,78.21576763485477,69.9020102167134
1761696000,190,188,2385550,2501229,1515,Yew logs,2025-10-29,189.0,4886779,78.42323651452283,65.38689886930925
1761782400,194,190,2252194,2691089,1515,Yew logs,2025-10-30,192.0,4943283,79.66804979253112,66.14294315404393
1761868800,192,189,2808424,3521896,1515,Yew logs,2025-10-31,190.5,6330320,79.04564315352697,84.70200793822798
1761955200,189,186,3314166,2961562,1515,Yew logs,2025-11-01,187.5,6275728,77.80082987551867,83.97154691613686
1762041600,185,183,2876546,3030126,1515,Yew logs,2025-11-02,184.0,5906672,76.34854771784232,79.03344201122674
1762128000,181,177,3026675,2481846,1515,Yew logs,2025-11-03,179.0,5508521,74.27385892116183,73.70603531415402
1762214400,177,173,3619804,2913120,1515,Yew logs,2025-11-04,175.0,6532924,72.61410788381743,87.41292391345777
1762300800,174,171,2949800,2678011,1515,Yew logs,2025-11-05,172.5,5627811,71.57676348547717,75.30217935220442
1762387200,172,169,3089513,2519523,1515,Yew logs,2025-11-06,170.5,5609036,70.74688796680498,75.05096295255318
1762473600,170,168,3460487,2648186,1515,Yew logs,2025-11-07,169.0,6108673,70.12448132780082,81.73628962485923
1762560000,170,167,2164326,2471623,1515,Yew logs,2025-11-08,168.5,4635949,69.91701244813278,62.03070129143866
1762646400,168,166,2768816,2653434,1515,Yew logs,2025-11-09,167.0,5422250,69.29460580912863,72.55169763030251
1762732800,169,166,3090094,2780839,1515,Yew logs,2025-11-10,167.5,5870933,69.50207468879668,78.55524105745121
1762819200,172,170,2166878,2854576,1515,Yew logs,2025-11-11,171.0,5021454,70.95435684647303,67.188899861215
1762905600,177,174,2318899,3000699,1515,Yew logs,2025-11-12,175.5,5319598,72.82157676348547,71.1781761465742
1762992000,178,175,2752272,2797988,1515,Yew logs,2025-11-13,176.5,5550260,73.23651452282157,74.26451847287801
1763078400,177,175,2607275,2730474,1515,Yew logs,2025-11-14,176.0,5337749,73.02904564315352,71.4210431969108
1763164800,177,175,2731339,2987018,1515,Yew logs,2025-11-15,176.0,5718357,73.02904564315352,76.5137181070817
1763251200,179,176,3328415,3300361,1515,Yew logs,2025-11-16,177.5,6628776,73.65145228215768,88.69545889824448
1763337600,180,178,2918420,3249677,1515,Yew logs,2025-11-17,179.0,6168097,74.27385892116183,82.53140458266883
1763424000,178,175,2860378,2619280,1515,Yew logs,2025-11-18,176.5,5479658,73.23651452282157,73.31983776724942
1763510400,177,173,1841629,2096848,1515,Yew logs,2025-11-19,175.0,3938477,72.61410788381743,52.698269616469354
1763596800,176,173,1193039,969453,1515,Yew logs,2025-11-20,174.5,2162492,72.40663900414937,28.93493765723604
1763683200,174,170,2788511,2187876,1515,Yew logs,2025-11-21,172.0,4976387,71.36929460580913,66.58588683947958
1763769600,176,172,3537650,2675788,1515,Yew logs,2025-11-22,174.0,6213438,72.19917012448133,83.13808382509688
1763856000,177,174,3381951,2606789,1515,Yew logs,2025-11-23,175.5,5988740,72.82157676348547,80.13154201051185
1763942400,177,173,2557191,2493393,1515,Yew logs,2025-11-24,175.0,5050584,72.61410788381743,67.5786699662398
1764028800,179,177,2688583,2467847,1515,Yew logs,2025-11-25,178.0,5156430,73.85892116182573,68.99492834373568
1764115200,178,175,3931464,3222159,1515,Yew logs,2025-11-26,176.5,7153623,73.23651452282157,95.718104635009
1764201600,180,176,3549625,3166608,1515,Yew logs,2025-11-27,178.0,6716233,73.85892116182573,89.86566569794081
1764288000,177,173,3655638,2782596,1515,Yew logs,2025-11-28,175.0,6438234,72.61410788381743,86.14593691569607
1764374400,178,173,4522471,3602510,1515,Yew logs,2025-11-29,175.5,8124981,72.82157676348547,108.71523164073086
1764460800,173,169,5535666,2572274,1515,Yew logs,2025-11-30,171.0,8107940,70.95435684647303,108.48721679830973
1764547200,172,169,4932349,2060465,1515,Yew logs,2025-12-01,170.5,6992814,70.74688796680498,93.5664211190827
1764633600,168,165,4785412,2055715,1515,Yew logs,2025-12-02,166.5,6841127,69.08713692946058,91.53679331541308
1764720000,166,161,4569214,2027500,1515,Yew logs,2025-12-03,163.5,6596714,67.84232365145229,88.26645755573487
1764806400,165,160,4124632,2559790,1515,Yew logs,2025-12-04,162.5,6684422,67.42738589211619,89.44002282767154
1764892800,171,166,4685674,2773100,1515,Yew logs,2025-12-05,168.5,7458774,69.91701244813278,99.80113715538052
1764979200,173,168,5796990,3011087,1515,Yew logs,2025-12-06,170.5,8808077,70.74688796680498,117.85530715264365
1765065600,165,161,7044425,2093077,1515,Yew logs,2025-12-07,163.0,9137502,67.63485477178423,122.26313471350167
1765152000,168,163,5278138,2448936,1515,Yew logs,2025-12-08,165.5,7727074,68.67219917012449,103.39108975332604
1765238400,167,164,6009617,2482507,1515,Yew logs,2025-12-09,165.5,8492124,68.67219917012449,113.62773990262993
1765324800,171,165,4924035,2864320,1515,Yew logs,2025-12-10,168.0,7788355,69.70954356846472,104.2110520535672
1765411200,172,167,6150310,2752672,1515,Yew logs,2025-12-11,169.5,8902982,70.33195020746888,119.12517092941602
1765497600,166,162,5879344,2077626,1515,Yew logs,2025-12-12,164.0,7956970,68.04979253112033,106.46718271813145
1765584000,170,164,7227048,3578802,1515,Yew logs,2025-12-13,167.0,10805850,69.29460580912863,144.586244057062
1765670400,165,160,7152972,2460996,1515,Yew logs,2025-12-14,162.5,9613968,67.42738589211619,128.63842489066423
1765756800,159,155,8680096,1522231,1515,Yew logs,2025-12-15,157.0,10202327,65.14522821576763,136.51088452754325
1765843200,169,164,6170009,3892591,1515,Yew logs,2025-12-16,166.5,10062600,69.08713692946058,134.64128591907087
1765929600,171,165,5322550,4209952,1515,Yew logs,2025-12-17,168.0,9532502,69.70954356846472,127.54837987260896
1766016000,176,170,6482334,3163644,1515,Yew logs,2025-12-18,173.0,9645978,71.78423236514523,129.06673045406433
1766102400,160,154,7503915,2404550,1515,Yew logs,2025-12-19,157.0,9908465,65.14522821576763,132.57890297578228
1766188800,145,139,8215023,1696403,1515,Yew logs,2025-12-20,142.0,9911426,58.921161825726145,132.61852224392433
1766275200,142,135,7753338,2871510,1515,Yew logs,2025-12-21,138.5,10624848,57.46887966804979,142.16437078038163
1766361600,145,141,7345562,2055638,1515,Yew logs,2025-12-22,143.0,9401200,59.33609958506224,125.79151086025173
1766448000,142,141,6923445,2336559,1515,Yew logs,2025-12-23,141.5,9260004,58.713692946058096,123.9022564919345
1766534400,153,150,6831290,2967234,1515,Yew logs,2025-12-24,151.5,9798524,62.863070539419084,131.10785199340907
1766620800,168,161,7382345,3665448,1515,Yew logs,2025-12-25,164.5,11047793,68.25726141078839,147.8235303090364
1766707200,160,161,6314450,2950552,1515,Yew logs,2025-12-26,160.5,9265002,66.59751037344398,123.96913156865656
1766793600,150,147,5209271,2265540,1515,Yew logs,2025-12-27,148.5,7474811,61.61825726141079,100.01571810884028
1766880000,164,159,6385016,4487584,1515,Yew logs,2025-12-28,161.5,10872600,67.01244813278008,145.4793835871137
1766966400,162,159,6587152,3378891,1515,Yew logs,2025-12-29,160.5,9966043,66.59751037344398,133.3493177752027
1767052800,170,165,7781035,3669625,1515,Yew logs,2025-12-30,167.5,11450660,69.50207468879668,153.21403881919863
1767139200,181,174,6983176,3817330,1515,Yew logs,2025-12-31,177.5,10800506,73.65145228215768,144.5147393731879
1767225600,188,184,7125910,4458339,1515,Yew logs,2026-01-01,186.0,11584249,77.17842323651453,155.00150873200872
1767312000,192,185,7030660,4316418,1515,Yew logs,2026-01-02,188.5,11347078,78.21576763485477,151.82807359370332
1767398400,192,186,7298572,4422416,1515,Yew logs,2026-01-03,189.0,11720988,78.42323651452283,156.83112680241675
1767484800,197,192,8623379,5202457,1515,Yew logs,2026-01-04,194.5,13825836,80.70539419087137,184.99476655597792
1767571200,197,192,8890655,3365623,1515,Yew logs,2026-01-05,194.5,12256278,80.70539419087137,163.99350371689405
1767657600,204,199,9872216,3311600,1515,Yew logs,2026-01-06,201.5,13183816,83.60995850622407,176.4043030191423
1767744000,204,198,13009186,2690790,1515,Yew logs,2026-01-07,201.0,15699976,83.40248962655602,210.07144848633064
1767830400,201,195,13680617,2800341,1515,Yew logs,2026-01-08,198.0,16480958,82.15767634854771,220.52127465050768
1767916800,196,190,13962789,3039574,1515,Yew logs,2026-01-09,193.0,17002363,80.08298755186722,227.49786516236674
1768003200,189,182,13527312,2218821,1515,Yew logs,2026-01-10,185.5,15746133,76.97095435684648,210.68904610863171
1768089600,191,184,16371077,2451073,1515,Yew logs,2026-01-11,187.5,18822150,77.80082987551867,251.84728397845885
1768176000,189,184,15310384,3676939,1515,Yew logs,2026-01-12,186.5,18987323,77.38589211618257,254.05735941811764
1768262400,185,180,14006849,1924091,1515,Yew logs,2026-01-13,182.5,15930940,75.72614107883817,213.16183168361684
1768348800,186,180,13890088,2821547,1515,Yew logs,2026-01-14,183.0,16711635,75.93360995850622,223.60781768232388
1768435200,192,183,15225730,3734649,1515,Yew logs,2026-01-15,187.5,18960379,77.80082987551867,253.6968387964291
1768521600,181,174,17527989,1314922,1515,Yew logs,2026-01-16,177.5,18842911,73.65145228215768,252.12507378794805
1768608000,170,162,18440184,1542606,1515,Yew logs,2026-01-17,166.0,19982790,68.87966804979253,267.3770737036899
1768694400,168,162,21437486,2128280,1515,Yew logs,2026-01-18,165.0,23565766,68.46473029045643,315.31860929659524
1768780800,161,156,19368663,1689071,1515,Yew logs,2026-01-19,158.5,21057734,65.76763485477179,281.76021945637706
1768867200,152,129,17295782,3838480,1515,Yew logs,2026-01-20,140.5,21134262,58.298755186722,282.78419221975975
1768953600,146,140,13274396,1580082,1515,Yew logs,2026-01-21,143.0,14854478,59.33609958506224,198.75837453307776
1769040000,148,142,16248311,2709678,1515,Yew logs,2026-01-22,145.0,18957989,60.16597510373444,253.66485971812457
1769126400,150,148,14211658,3536501,1515,Yew logs,2026-01-23,149.0,17748159,61.82572614107884,237.47688971599098
1769212800,158,153,14971713,4101162,1515,Yew logs,2026-01-24,155.5,19072875,64.52282157676349,255.20207661774285
1769299200,142,140,22044484,3069349,1515,Yew logs,2026-01-25,141.0,25113833,58.50622406639005,336.0323146579212
1769385600,129,119,21930700,2320480,1515,Yew logs,2026-01-26,124.0,24251180,51.45228215767634,324.48970050035314
1769472000,135,132,11201094,3306778,1515,Yew logs,2026-01-27,133.5,14507872,55.3941908713693,194.1206588783498
1769558400,142,140,7338099,3880715,1515,Yew logs,2026-01-28,141.0,11218814,58.50622406639005,150.11185413778497
1769644800,149,143,6972793,4081232,1515,Yew logs,2026-01-29,146.0,11054025,60.58091286307054,147.90691675924288
1769731200,143,141,5420873,3074907,1515,Yew logs,2026-01-30,142.0,8495780,58.921161825726145,113.67665852617851
1769817600,152,148,5021595,3921715,1515,Yew logs,2026-01-31,150.0,8943310,62.24066390041494,119.66477438960963
1769904000,148,146,3108303,4185047,1515,Yew logs,2026-02-01,147.0,7293350,60.99585062240664,97.58770324348136
1769990400,145,143,4100424,2315275,1515,Yew logs,2026-02-02,144.0,6415699,59.75103734439834,85.84441033427713
1770076800,147,145,2622698,2955385,1515,Yew logs,2026-02-03,146.0,5578083,60.58091286307054,74.63680043759155
1770163200,147,145,3471601,2950234,1515,Yew logs,2026-02-04,146.0,6421835,60.58091286307054,85.92651226920444
1770249600,144,141,4661984,2655746,1515,Yew logs,2026-02-05,142.5,7317730,59.128630705394194,97.91391660292196
1770336000,144,141,4392416,3337343,1515,Yew logs,2026-02-06,142.5,7729759,59.128630705394194,103.42701604004047
1770422400,138,135,7552588,2755325,1515,Yew logs,2026-02-07,136.5,10307913,56.63900414937759,137.92366400949135
1770508800,137,134,6030256,3309173,1515,Yew logs,2026-02-08,135.5,9339429,56.22406639004149,124.9649921799398
1770595200,134,131,5111952,2854378,1515,Yew logs,2026-02-09,132.5,7966330,54.9792531120332,106.59242295785106
1770681600,133,130,4015992,2619296,1515,Yew logs,2026-02-10,131.5,6635288,54.56431535269709,88.78259185134856
1770768000,137,134,3446772,2974837,1515,Yew logs,2026-02-11,135.5,6421609,56.22406639004149,85.92348830615137
1770854400,139,137,2816765,3178695,1515,Yew logs,2026-02-12,138.0,5995460,57.26141078838174,80.22145808005413
1770940800,137,134,3031773,2472977,1515,Yew logs,2026-02-13,135.5,5504750,56.22406639004149,73.6555779483439
1771027200,136,133,3883803,2299690,1515,Yew logs,2026-02-14,134.5,6183493,55.809128630705395,82.73740872056659
1771113600,130,127,5807344,2520732,1515,Yew logs,2026-02-15,128.5,8328076,53.3195020746888,111.43271737639895
1771200000,128,125,5359307,2149557,1515,Yew logs,2026-02-16,126.5,7508864,52.4896265560166,100.47135976302528
1771286400,123,125,5285730,2815637,1515,Yew logs,2026-02-17,124.0,8101367,51.45228215767634,108.39926764278869
1771372800,131,128,3403233,3746313,1515,Yew logs,2026-02-18,129.5,7149546,53.7344398340249,95.66355287674652
1771459200,132,129,3310743,2766767,1515,Yew logs,2026-02-19,130.5,6077510,54.149377593360995,81.31931723272439
1771545600,131,128,3593983,2888073,1515,Yew logs,2026-02-20,129.5,6482056,53.7344398340249,86.7322913799047
1771632000,128,126,3051111,2998083,1515,Yew logs,2026-02-21,127.0,6049194,52.69709543568465,80.9404387468376
1771718400,122,121,6969278,2434094,1515,Yew logs,2026-02-22,121.5,9403372,50.4149377593361,125.82057301844307
1771804800,118,114,7909034,2514925,1515,Yew logs,2026-02-23,116.0,10423959,48.13278008298755,139.4764021353996
1771891200,119,117,5195741,2879905,1515,Yew logs,2026-02-24,118.0,8075646,48.96265560165975,108.05511121054212
1771977600,124,120,3978712,3096707,1515,Yew logs,2026-02-25,122.0,7075419,50.62240663900415,94.67170637571071
1772064000,122,120,6265279,2510513,1515,Yew logs,2026-02-26,121.0,8775792,50.20746887966805,117.42332198818346
1772150400,119,116,5624871,2278943,1515,Yew logs,2026-02-27,117.5,7903814,48.7551867219917,105.755935903758
1772236800,100,103,8813676,4260073,1515,Yew logs,2026-02-28,101.5,13073749,42.11618257261411,174.93156611046518
1772323200,110,107,8604225,2201802,1515,Yew logs,2026-03-01,108.5,10806027,45.02074688796681,144.58861238210798
1772409600,109,106,6312077,1956635,1515,Yew logs,2026-03-02,107.5,8268712,44.60580912863071,110.63840524063883
1772496000,98,96,6567285,2552260,1515,Yew logs,2026-03-03,97.0,9119545,40.24896265560166,122.0228634544584
1772582400,105,107,3893172,3068603,1515,Yew logs,2026-03-04,106.0,6961775,43.983402489626556,93.15110789251682
1772668800,114,111,4935901,3175877,1515,Yew logs,2026-03-05,112.5,8111778,46.6804979253112,108.53857064874177
1772755200,110,107,5099804,3325331,1515,Yew logs,2026-03-06,108.5,8425135,45.02074688796681,112.7314024647478
1772841600,111,108,3703851,3359588,1515,Yew logs,2026-03-07,109.5,7063439,45.43568464730291,94.5114095731636
1772928000,110,106,3945758,3613077,1515,Yew logs,2026-03-08,108.0,7558835,44.81327800829876,101.13999010693857
1773014400,108,105,5124860,2931513,1515,Yew logs,2026-03-09,106.5,8056373,44.190871369294605,107.79723138788016
1773100800,107,105,4167910,2770371,1515,Yew logs,2026-03-10,106.0,6938281,43.983402489626556,92.8367495386736
1773187200,109,107,2230164,2910727,1515,Yew logs,2026-03-11,108.0,5140891,44.81327800829876,68.78701081328664
1773273600,109,107,1839588,2580831,1515,Yew logs,2026-03-12,108.0,4420419,44.81327800829876,59.14683068601489
1773360000,108,106,3324580,3122042,1515,Yew logs,2026-03-13,107.0,6446622,44.398340248962654,86.25817143821403
1773446400,106,103,4863316,3711170,1515,Yew logs,2026-03-14,104.5,8574486,43.36099585062241,114.7297737299575
1773532800,98,98,10408763,2907138,1515,Yew logs,2026-03-15,98.0,13315901,40.66390041493776,178.1716488592453
1773619200,101,99,4272305,2795727,1515,Yew logs,2026-03-16,100.0,7068032,41.49377593360996,94.57286560105166
1773705600,103,102,5476858,3328909,1515,Yew logs,2026-03-17,102.5,8805767,42.531120331950206,117.8243985037385
1773792000,105,103,4917454,2544387,1515,Yew logs,2026-03-18,104.0,7461841,43.15352697095436,99.84217474247667
1773878400,104,102,3905492,2350426,1515,Yew logs,2026-03-19,103.0,6255918,42.738589211618255,83.70648183613201
1773964800,104,101,3978026,2681149,1515,Yew logs,2026-03-20,102.5,6659175,42.531120331950206,89.10220868961589
1774051200,103,100,4045218,2604735,1515,Yew logs,2026-03-21,101.5,6649953,42.11618257261411,88.97881494061009
1774137600,102,97,4470569,4422012,1515,Yew logs,2026-03-22,99.5,8892581,41.286307053941904,118.98600172713785
1774224000,102,98,3552495,2597471,1515,Yew logs,2026-03-23,100.0,6149966,41.49377593360996,82.28880513968205
1774310400,103,101,3074016,2543241,1515,Yew logs,2026-03-24,102.0,5617257,42.32365145228216,75.16096295370008
1774396800,105,103,2179847,3148758,1515,Yew logs,2026-03-25,104.0,5328605,43.15352697095436,71.29869311656934
1774483200,106,104,2312041,3541429,1515,Yew logs,2026-03-26,105.0,5853470,43.56846473029046,78.3215796999487
1774569600,106,104,2507676,2839251,1515,Yew logs,2026-03-27,105.0,5346927,43.56846473029046,71.54384820974697
1774656000,106,104,2905546,3112229,1515,Yew logs,2026-03-28,105.0,6017775,43.56846473029046,80.52004098062497
1774742400,105,103,2675934,3267465,1515,Yew logs,2026-03-29,104.0,5943399,43.15352697095436,79.52486276808379
1774828800,105,102,2333113,2932732,1515,Yew logs,2026-03-30,103.5,5265845,42.946058091286304,70.45894125280839
1774915200,105,103,2760050,2536433,1515,Yew logs,2026-03-31,104.0,5296483,43.15352697095436,70.86888895201025
1775001600,105,103,3706688,3477571,1515,Yew logs,2026-04-01,104.0,7184259,43.15352697095436,96.12802557347587
1775088000,106,104,2579651,2863875,1515,Yew logs,2026-04-02,105.0,5443526,43.56846473029046,72.83637832904977
1775174400,106,104,2894668,2925118,1515,Yew logs,2026-04-03,105.0,5819786,43.56846473029046,77.87087540136802
1775260800,105,103,3017733,2559468,1515,Yew logs,2026-04-04,104.0,5577201,43.15352697095436,74.62499895346411
1775347200,105,103,3252096,3837492,1515,Yew logs,2026-04-05,104.0,7089588,43.15352697095436,94.86129280269651
1775433600,104,104,3223697,3822542,1515,Yew logs,2026-04-06,104.0,7046239,43.15352697095436,94.28126725231134
1775520000,105,104,3909850,3906746,1515,Yew logs,2026-04-07,104.5,7816596,43.36099585062241,104.58892701189212
1775606400,106,104,2392455,3366675,1515,Yew logs,2026-04-08,105.0,5759130,43.56846473029046,77.059275830809
1775692800,105,104,2870388,2876962,1515,Yew logs,2026-04-09,104.5,5747350,43.36099585062241,76.90165510176018
1775779200,106,103,2958981,2886966,1515,Yew logs,2026-04-10,104.5,5845947,43.36099585062241,78.22091919531083
1775865600,105,103,2295960,2991549,1515,Yew logs,2026-04-11,104.0,5287509,43.15352697095436,70.74881353414231
1775952000,105,103,3109417,3182851,1515,Yew logs,2026-04-12,104.0,6292268,43.15352697095436,84.19285819444481
1776038400,100,100,4560407,4598332,1515,Yew logs,2026-04-13,100.0,9158739,41.49377593360996,122.54729357791676
1776124800,105,104,2431044,2554332,1515,Yew logs,2026-04-14,104.5,4985376,43.36099585062241,66.70616296285988
1776211200,106,104,3067739,4439912,1515,Yew logs,2026-04-15,105.0,7507651,43.56846473029046,100.4551293772582
1776297600,107,106,2001260,1671710,1515,Yew logs,2026-04-16,106.5,3672970,44.190871369294605,49.14568838492733
1776384000,107,105,2620630,2669330,1515,Yew logs,2026-04-17,106.0,5289960,43.983402489626556,70.78160881486377
1776470400,108,106,1655696,2131837,1515,Yew logs,2026-04-18,107.0,3787533,44.398340248962654,50.67858342584584
1776556800,108,106,1416852,1697276,1515,Yew logs,2026-04-19,107.0,3114128,44.398340248962654,41.668177055292304
1776643200,108,106,1659752,1995615,1515,Yew logs,2026-04-20,107.0,3655367,44.398340248962654,48.91015377597603
1776729600,109,107,1296393,1875393,1515,Yew logs,2026-04-21,108.0,3171786,44.81327800829876,42.439662284112075
1776816000,110,108,1616684,2044576,1515,Yew logs,2026-04-22,109.0,3661260,45.22821576763486,48.98900428160291
1776902400,112,109,1677537,2177761,1515,Yew logs,2026-04-23,110.5,3855298,45.850622406639005,51.58530402890129
1776988800,113,112,2217884,1797627,1515,Yew logs,2026-04-24,112.5,4015511,46.6804979253112,53.72901284580269
1777075200,114,112,2020438,2060378,1515,Yew logs,2026-04-25,113.0,4080816,46.88796680497925,54.60281774482928
1777161600,116,114,1763853,2044136,1515,Yew logs,2026-04-26,115.0,3807989,47.71784232365145,50.952292223250126
1777248000,115,114,1452071,2375773,1515,Yew logs,2026-04-27,114.5,3827844,47.5103734439834,51.217959419792095
1777334400,115,113,1628209,2154119,1515,Yew logs,2026-04-28,114.0,3782328,47.30290456431535,50.60893861305304
1777420800,115,114,2136301,1872141,1515,Yew logs,2026-04-29,114.5,4008442,47.5103734439834,53.634427028005916
1777507200,116,114,1549716,2811968,1515,Yew logs,2026-04-30,115.0,4361684,47.71784232365145,58.36093480140687
1777593600,117,116,1490674,2118601,1515,Yew logs,2026-05-01,116.5,3609275,48.3402489626556,48.293425877561916
1777680000,119,118,1131700,3020212,1515,Yew logs,2026-05-02,118.5,4151912,49.1701244813278,55.554108351998636
1777766400,118,117,2177711,2404038,1515,Yew logs,2026-05-03,117.5,4581749,48.7551867219917,61.3054853734042
1777852800,123,120,2094433,2343905,1515,Yew logs,2026-05-04,121.5,4438338,50.4149377593361,59.38659349109348
1777939200,125,123,1782290,1960170,1515,Yew logs,2026-05-05,124.0,3742460,51.45228215767634,50.075490121905474
1778025600,125,123,1756373,1773543,1515,Yew logs,2026-05-06,124.0,3529916,51.45228215767634,47.23157329381104
1778112000,126,125,2249954,2210375,1515,Yew logs,2026-05-07,125.5,4460329,52.074688796680505,59.68084115259708
1778198400,129,126,1225730,3090283,1515,Yew logs,2026-05-08,127.5,4316013,52.9045643153527,57.74984003770665
1778284800,128,127,2199136,2596137,1515,Yew logs,2026-05-09,127.5,4795273,52.9045643153527,64.1625149616402
1778371200,130,129,1729649,1877235,1515,Yew logs,2026-05-10,129.5,3606884,53.7344398340249,48.26143341888995
1778457600,132,130,3338513,1959747,1515,Yew logs,2026-05-11,131.0,5298260,54.356846473029044,70.89266586504249
1778544000,131,129,3339350,1943132,1515,Yew logs,2026-05-12,130.0,5282482,53.941908713692946,70.681550426763
1778630400,132,131,2181336,2589673,1515,Yew logs,2026-05-13,131.5,4771009,54.56431535269709,63.83785372482862
1778716800,131,130,3668237,1921091,1515,Yew logs,2026-05-14,130.5,5589328,54.149377593360995,74.78726267003246
1778803200,130,128,2880067,2021297,1515,Yew logs,2026-05-15,129.0,4901364,53.52697095435685,65.58205152917148
1778889600,130,129,2712723,2044571,1515,Yew logs,2026-05-16,129.5,4757294,53.7344398340249,63.65434198468392
1778976000,131,130,2809295,2278265,1515,Yew logs,2026-05-17,130.5,5087560,54.149377593360995,68.07342243460222
1779062400,129,125,2956909,3438951,1515,Yew logs,2026-05-18,127.0,6395860,52.69709543568465,85.57895722361503
1779148800,127,125,2771879,1910401,1515,Yew logs,2026-05-19,126.0,4682280,52.282157676348554,62.65062709768322
1779235200,124,121,2982585,1879614,1515,Yew logs,2026-05-20,122.5,4862199,50.829875518672196,65.05800943637037
1779321600,122,120,2321028,1772003,1515,Yew logs,2026-05-21,121.0,4093031,50.20746887966805,54.766258933736864
1779408000,126,123,1586291,2275826,1515,Yew logs,2026-05-22,124.5,3862117,51.65975103734441,51.676544754825215
1779494400,122,121,2868564,2470050,1515,Yew logs,2026-05-23,121.5,5338614,50.4149377593361,71.43261721479087
1779580800,122,120,2810365,2542742,1515,Yew logs,2026-05-24,121.0,5353107,50.20746887966805,71.6265388808439
1779667200,123,117,2513897,3364027,1515,Yew logs,2026-05-25,120.0,5877924,49.79253112033195,78.64878320658366
1779753600,120,119,1930405,1844174,1515,Yew logs,2026-05-26,119.5,3774579,49.5850622406639,50.5052541453621
1779840000,122,120,1832102,1748400,1515,Yew logs,2026-05-27,121.0,3580502,50.20746887966805,47.90843256373155
1779926400,121,119,1716950,2232443,1515,Yew logs,2026-05-28,120.0,3949393,49.79253112033195,52.8443297080056
1780012800,122,119,1853398,2833814,1515,Yew logs,2026-05-29,120.5,4687212,50.0,62.716619070150855
1780099200,123,120,1602180,2114116,1515,Yew logs,2026-05-30,121.5,3716296,50.4149377593361,49.7254061868602
1780185600,123,121,1777791,2491528,1515,Yew logs,2026-05-31,122.0,4269319,50.62240663900415,57.12505715806271
1780272000,121,120,2099459,1900025,1515,Yew logs,2026-06-01,120.5,3999484,50.0,53.514565696017854
1780358400,121,119,1655062,2062744,1515,Yew logs,2026-06-02,120.0,3717806,49.79253112033195,49.74561054177223
1780444800,121,120,2791329,1735776,1515,Yew logs,2026-06-03,120.5,4527105,50.0,60.57432857220354
1780531200,120,119,3149103,1933988,1515,Yew logs,2026-06-04,119.5,5083091,49.5850622406639,68.0136255722831
1780617600,120,119,3385319,2506760,1515,Yew logs,2026-06-05,119.5,5892079,49.5850622406639,78.83818230842459
1780704000,122,121,2070424,3199182,1515,Yew logs,2026-06-06,121.5,5269606,50.4149377593361,70.50926481494359
1780790400,122,120,2169667,2745493,1515,Yew logs,2026-06-07,121.0,4915160,50.20746887966805,65.76664707908299
1780876800,123,120,2699760,2687825,1515,Yew logs,2026-06-08,121.5,5387585,50.4149377593361,72.08786719121275
1780963200,123,122,1566433,2142487,1515,Yew logs,2026-06-09,122.5,3708920,50.829875518672196,49.62671259624355
1781049600,122,120,2626809,1900246,1515,Yew logs,2026-06-10,121.0,4527055,50.20746887966805,60.573659553828975
1781136000,122,120,2946882,2191743,1515,Yew logs,2026-06-11,121.0,5138625,50.20746887966805,68.7566909005511
1781222400,122,120,1963467,2202149,1515,Yew logs,2026-06-12,121.0,4165616,50.20746887966805,55.737472908100926
1781308800,122,121,2913488,2371437,1515,Yew logs,2026-06-13,121.5,5284925,50.4149377593361,70.71423866454451
1781395200,122,120,3088137,2392742,1515,Yew logs,2026-06-14,121.0,5480879,50.20746887966805,73.33617519595644
1781481600,121,119,3509394,2460793,1515,Yew logs,2026-06-15,120.0,5970187,49.79253112033195,79.88329605244371
1781568000,121,120,2075834,2091492,1515,Yew logs,2026-06-16,120.5,4167326,50.0,55.76035333651124
1781654400,121,120,1969483,2319847,1515,Yew logs,2026-06-17,120.5,4289330,50.0,57.39281169193332
1781740800,121,120,2002859,2459385,1515,Yew logs,2026-06-18,120.5,4462244,50.0,59.70646455634314
1781827200,122,121,3195381,2126619,1515,Yew logs,2026-06-19,121.5,5322000,50.4149377593361,71.21031578928857
1781913600,123,122,1891234,2401586,1515,Yew logs,2026-06-20,122.5,4292820,50.829875518672196,57.43950917447835
1782000000,122,120,3356005,3104064,1515,Yew logs,2026-06-21,121.0,6460069,50.20746887966805,86.43809723987104
1782086400,121,120,2042560,2683739,1515,Yew logs,2026-06-22,120.5,4726299,50.0,63.239617494287636
1782172800,121,121,1466023,2254844,1515,Yew logs,2026-06-23,121.0,3720867,50.20746887966805,49.78656784666344
1782259200,121,117,2115776,3504151,1515,Yew logs,2026-06-24,119.0,5619927,49.37759336099585,75.19668853490214
1782345600,121,120,2070048,2124538,1515,Yew logs,2026-06-25,120.5,4194586,50.0,56.1251021543271
1782432000,115,116,3923937,3498206,1515,Yew logs,2026-06-26,115.5,7422143,47.9253112033195,99.31100091380264
1782518400,120,118,2273817,2224296,1515,Yew logs,2026-06-27,119.0,4498113,49.37759336099585,60.186404957892556
1782604800,119,118,2163090,2602242,1515,Yew logs,2026-06-28,118.5,4765332,49.1701244813278,63.761893378579884
1782691200,118,115,3145769,4116662,1515,Yew logs,2026-06-29,116.5,7262431,48.3402489626556,97.17399566101443
1782777600,116,117,2085591,2357552,1515,Yew logs,2026-06-30,116.5,4443143,48.3402489626556,59.4508861568897
1782864000,119,117,2932921,3259130,1515,Yew logs,2026-07-01,118.0,6192051,48.96265560165975,82.85191790555808
1782950400,117,115,3478272,3963738,1515,Yew logs,2026-07-02,116.0,7442010,48.13278008298755,99.57682867475451
1783036800,116,113,3263752,2484857,1515,Yew logs,2026-07-03,114.5,5748609,47.5103734439834,76.91850098443187
1783123200,115,114,2062539,3011801,1515,Yew logs,2026-07-04,114.5,5074340,47.5103734439834,67.89653397636576
1783209600,115,113,3123805,2716077,1515,Yew logs,2026-07-05,114.0,5839882,47.30290456431535,78.13976726647542
1783296000,115,113,2659112,2615315,1515,Yew logs,2026-07-06,114.0,5274427,47.30290456431535,70.57377156661968
1783382400,113,111,2324424,1984293,1515,Yew logs,2026-07-07,112.0,4308717,46.47302904564315,57.652216876489305
1783468800,111,110,2981953,2109367,1515,Yew logs,2026-07-08,110.5,5091320,45.850622406639005,68.12373261636992
1783555200,115,112,2094635,2787187,1515,Yew logs,2026-07-09,113.5,4881822,47.0954356846473,65.32057238765432
1783641600,115,113,1711454,2380563,1515,Yew logs,2026-07-10,114.0,4092017,47.30290456431535,54.75269124110058
1783728000,114,113,2655279,2679170,1515,Yew logs,2026-07-11,113.5,5334449,47.0954356846473,71.37688798418915
1783814400,115,112,2835510,2891297,1515,Yew logs,2026-07-12,113.5,5726807,47.0954356846473,76.62678221238413
1783900800,116,113,2410754,2784095,1515,Yew logs,2026-07-13,114.5,5194849,47.5103734439834,69.50898868238819
1783987200,115,114,1835735,2247189,1515,Yew logs,2026-07-14,114.5,4082924,47.5103734439834,54.63102355950118
1784073600,115,113,2709255,2127285,1515,Yew logs,2026-07-15,114.0,4836540,47.30290456431535,64.71468258690825
1784160000,116,114,2099117,2304182,1515,Yew logs,2026-07-16,115.0,4403299,47.71784232365145,58.91775879456193
1784246400,116,114,1594582,2027332,1515,Yew logs,2026-07-17,115.0,3621914,47.71784232365145,48.46254034228586
1784332800,117,115,1575236,2800885,1515,Yew logs,2026-07-18,116.0,4376121,48.13278008298755,58.554107166880364
1784419200,116,115,2470079,2328660,1515,Yew logs,2026-07-19,115.5,4798739,47.9253112033195,64.20889131536543
1784505600,116,114,2175780,2963900,1515,Yew logs,2026-07-20,115.0,5139680,47.71784232365145,68.77080718825455
1784592000,116,115,1853264,2074935,1515,Yew logs,2026-07-21,115.5,3928199,47.9253112033195,52.560746199392625
1784678400,116,115,1980569,2316973,1515,Yew logs,2026-07-22,115.5,4297542,47.9253112033195,57.50269126977279
1784764800,117,115,1464373,2346432,1515,Yew logs,2026-07-23,116.0,3810805,48.13278008298755,50.989971338105946
1784851200,116,114,1828816,2302476,1515,Yew logs,2026-07-24,115.0,4131292,47.71784232365145,55.278205174325734
1784937600,116,114,2105259,3148511,1515,Yew logs,2026-07-25,115.0,5253770,47.71784232365145,70.2973733153496
1785024000,115,114,1950642,2727854,1515,Yew logs,2026-07-26,114.5,4678496,47.5103734439834,62.59999578709572
1785110400,116,115,1853564,2516727,1515,Yew logs,2026-07-27,115.5,4370291,47.9253112033195,58.47609962440544
1785196800,116,114,1826863,2479237,1515,Yew logs,2026-07-28,115.0,4306100,47.71784232365145,57.61720045476429
1785283200,116,115,2173788,2010675,1515,Yew logs,2026-07-29,115.5,4184463,47.9253112033195,55.98965269421154
1785369600,117,114,1543379,2584132,1515,Yew logs,2026-07-30,115.5,4127511,47.9253112033195,55.22761400484071
1785456000,114,113,2384417,2470550,1515,Yew logs,2026-07-31,113.5,4854967,47.0954356846473,64.96124261867249
1785542400,112,111,2213717,2572189,1515,Yew logs,2026-08-01,111.5,4785906,46.2655601659751,64.03718105934816
1785628800,109,108,2082147,2776921,1515,Yew logs,2026-08-02,108.5,4859068,45.02074688796681,65.01611550575477
1785715200,109,108,2251446,2478919,1515,Yew logs,2026-08-03,108.5,4730365,45.02074688796681,63.294022068507715
1785801600,109,107,2274681,2573420,1515,Yew logs,2026-08-04,108.0,4848101,44.81327800829876,64.86937301547646
1785888000,111,110,1490775,2489966,1515,Yew logs,2026-08-05,110.5,3980741,45.850622406639005,53.263777468126335
1785974400,114,112,2217522,3275512,1515,Yew logs,2026-08-06,113.0,5493034,46.88796680497925,73.49881356281453
1786060800,114,112,1936254,2408282,1515,Yew logs,2026-08-07,113.0,4344536,46.88796680497925,58.13148825966415
1786147200,114,113,1557808,2762456,1515,Yew logs,2026-08-08,113.5,4320264,47.0954356846473,57.806719979912636
1786233600,115,114,1714082,2752687,1515,Yew logs,2026-08-09,114.5,4466769,47.5103734439834,59.767010719241775
1786320000,114,112,1776196,2740733,1515,Yew logs,2026-08-10,113.0,4516929,46.88796680497925,60.43816995261094
1786406400,113,110,1505073,3645852,1515,Yew logs,2026-08-11,111.5,5150925,46.2655601659751,68.92126942069547
1786492800,112,111,1613764,2210377,1515,Yew logs,2026-08-12,111.5,3824141,46.2655601659751,51.1684119189714
1786579200,113,111,1547008,2292188,1515,Yew logs,2026-08-13,112.0,3839196,46.47302904564315,51.369853351554596
1786665600,112,111,1796463,2143431,1515,Yew logs,2026-08-14,111.5,3939894,46.2655601659751,52.717229597204685
1786752000,114,112,1576916,2575975,1515,Yew logs,2026-08-15,113.0,4152891,46.88796680497925,55.56720773177272
1786838400,113,111,3024215,2813848,1515,Yew logs,2026-08-16,112.0,5838063,46.47302904564315,78.11542837800853
1786924800,113,111,2405742,2301954,1515,Yew logs,2026-08-17,112.0,4707696,46.47302904564315,62.99070251784492
1787011200,113,111,2167136,2439881,1515,Yew logs,2026-08-18,112.0,4607017,46.47302904564315,61.64358049917716
1787097600,113,111,1748537,2205690,1515,Yew logs,2026-08-19,112.0,3954227,46.47302904564315,52.90901040445908
1787184000,109,109,2460764,2829753,1515,Yew logs,2026-08-20,109.0,5290517,45.22821576763486,70.78906167955648
1787270400,111,109,1628808,2378589,1515,Yew logs,2026-08-21,110.0,4007397,45.643153526970956,53.620444543977385
1787356800,111,109,1794412,2337090,1515,Yew logs,2026-08-22,110.0,4131502,45.643153526970956,55.28101505149894
1787443200,111,109,1760219,1963179,1515,Yew logs,2026-08-23,110.0,3723398,45.643153526970956,49.8204335567842
1787529600,112,109,1566452,1802252,1515,Yew logs,2026-08-24,110.5,3368704,45.850622406639005,45.07449748978571
1787616000,113,111,1374038,1965767,1515,Yew logs,2026-08-25,112.0,3339805,46.47302904564315,44.687818249651436
1756166400,169,165,50336463,15092360,12934,Zulrah's scales,2025-08-26,167.0,65428823,100.0,96.36487139005403
1756252800,168,165,49507395,15056620,12934,Zulrah's scales,2025-08-27,166.5,64564015,99.7005988023952,95.09116497327973
1756339200,167,164,47875965,16039201,12934,Zulrah's scales,2025-08-28,165.5,63915166,99.10179640718563,94.13552726546762
1756425600,167,163,50971948,14948258,12934,Zulrah's scales,2025-08-29,165.0,65920206,98.80239520958084,97.08859004227949
1756512000,165,162,54102778,17129852,12934,Zulrah's scales,2025-08-30,163.5,71232630,97.90419161676647,104.91283373270073
1756598400,166,162,55056407,19492839,12934,Zulrah's scales,2025-08-31,164.0,74549246,98.20359281437125,109.79761171946345
1756684800,170,166,48199958,21468711,12934,Zulrah's scales,2025-09-01,168.0,69668669,100.59880239520957,102.60940087675495
1756771200,172,168,45876552,19827085,12934,Zulrah's scales,2025-09-02,170.0,65703637,101.79640718562875,96.76962291318912
1756857600,173,169,47503694,18340163,12934,Zulrah's scales,2025-09-03,171.0,65843857,102.39520958083833,96.97614171708558
1756944000,175,172,47433493,18044492,12934,Zulrah's scales,2025-09-04,173.5,65477985,103.89221556886228,96.43727816110778
1757030400,185,180,40662716,24608589,12934,Zulrah's scales,2025-09-05,182.5,65271305,109.2814371257485,96.1328757478335
1757116800,192,188,47530717,24019629,12934,Zulrah's scales,2025-09-06,190.0,71550346,113.77245508982037,105.38077217442637
1757203200,197,192,50344752,28967586,12934,Zulrah's scales,2025-09-07,194.5,79312338,116.46706586826348,116.81278831829964
1757289600,199,195,39297416,20408307,12934,Zulrah's scales,2025-09-08,197.0,59705723,117.96407185628743,87.93577592164834
1757376000,197,194,37770150,16813868,12934,Zulrah's scales,2025-09-09,195.5,54584018,117.06586826347305,80.39242696635999
1757462400,197,194,34477066,16796792,12934,Zulrah's scales,2025-09-10,195.5,51273858,117.06586826347305,75.51715750475739
1757548800,198,194,37459823,17879628,12934,Zulrah's scales,2025-09-11,196.0,55339451,117.36526946107784,81.50504370850744
1757635200,202,199,34850982,18853326,12934,Zulrah's scales,2025-09-12,200.5,53704308,120.05988023952096,79.09677258769962
1757721600,208,203,40884308,24049391,12934,Zulrah's scales,2025-09-13,205.5,64933699,123.05389221556887,95.63564291864887
1757808000,211,206,44199989,25818995,12934,Zulrah's scales,2025-09-14,208.5,70018984,124.8502994011976,103.12535177382375
1757894400,211,207,36399765,17715861,12934,Zulrah's scales,2025-09-15,209.0,54115626,125.1497005988024,79.70256991604853
1757980800,214,210,33353924,18493765,12934,Zulrah's scales,2025-09-16,212.0,51847689,126.94610778443113,76.36230721063895
1758067200,219,215,37754628,22128172,12934,Zulrah's scales,2025-09-17,217.0,59882800,129.94011976047904,88.19657844794683
1758153600,218,214,30324298,15805410,12934,Zulrah's scales,2025-09-18,216.0,46129708,129.34131736526945,67.94075110721076
1758240000,218,214,32111782,16148076,12934,Zulrah's scales,2025-09-19,216.0,48259858,129.34131736526945,71.07807837949753
1758326400,218,214,36780575,18320482,12934,Zulrah's scales,2025-09-20,216.0,55101057,129.34131736526945,81.15393228548581
1758412800,218,215,41156300,19092997,12934,Zulrah's scales,2025-09-21,216.5,60249297,129.64071856287424,88.73636251635106
1758499200,218,215,33611728,17747745,12934,Zulrah's scales,2025-09-22,216.5,51359473,129.64071856287424,75.64325297898073
1758585600,219,215,35604010,15956520,12934,Zulrah's scales,2025-09-23,217.0,51560530,129.94011976047904,75.93937372605683
1758672000,219,215,29797181,14713827,12934,Zulrah's scales,2025-09-24,217.0,44511008,129.94011976047904,65.55669756372762
1758758400,219,216,30381741,15085775,12934,Zulrah's scales,2025-09-25,217.5,45467516,130.23952095808383,66.96546156370907
1758844800,222,218,32933274,15144242,12934,Zulrah's scales,2025-09-26,220.0,48077516,131.73652694610777,70.80952145651871
1758931200,224,220,41166562,19308043,12934,Zulrah's scales,2025-09-27,222.0,60474605,132.93413173652695,89.06820061839288
1759017600,226,222,40281079,23619610,12934,Zulrah's scales,2025-09-28,224.0,63900689,134.1317365269461,94.11420525203151
1759104000,225,221,30871887,17609810,12934,Zulrah's scales,2025-09-29,223.0,48481697,133.5329341317365,71.40480726936764
1759190400,223,220,30102947,16394715,12934,Zulrah's scales,2025-09-30,221.5,46497662,132.63473053892216,68.4826810741835
1759276800,222,217,31566917,15414552,12934,Zulrah's scales,2025-10-01,219.5,46981469,131.43712574850298,69.19524164298065
1759363200,218,214,34483175,16123492,12934,Zulrah's scales,2025-10-02,216.0,50606667,129.34131736526945,74.53450533466408
1759449600,214,210,37905070,15643230,12934,Zulrah's scales,2025-10-03,212.0,53548300,126.94610778443113,78.86700090350136
1759536000,213,209,35425465,20034248,12934,Zulrah's scales,2025-10-04,211.0,55459713,126.34730538922156,81.6821679731929
1759622400,212,208,36148040,20110929,12934,Zulrah's scales,2025-10-05,210.0,56258969,125.74850299401197,82.85932810104252
1759708800,211,207,35696852,17615539,12934,Zulrah's scales,2025-10-06,209.0,53312391,125.1497005988024,78.51954943788725
1759795200,209,205,33141159,15850035,12934,Zulrah's scales,2025-10-07,207.0,48991194,123.95209580838322,72.15520458094113
1759881600,209,205,30025403,14779651,12934,Zulrah's scales,2025-10-08,207.0,44805054,123.95209580838322,65.98977435883916
1759968000,208,204,26905192,16016420,12934,Zulrah's scales,2025-10-09,206.0,42921612,123.35329341317365,63.21580353407549
1760054400,208,204,28238347,15642278,12934,Zulrah's scales,2025-10-10,206.0,43880625,123.35329341317365,64.62825694786211
1760140800,207,203,36512621,17731208,12934,Zulrah's scales,2025-10-11,205.0,54243829,122.75449101796407,79.89138984341936
1760227200,212,207,36572018,20434635,12934,Zulrah's scales,2025-10-12,209.5,57006653,125.44910179640718,83.96053196192202
1760313600,212,208,31198798,16339430,12934,Zulrah's scales,2025-10-13,210.0,47538228,125.74850299401197,70.01524736783153
1760400000,213,209,25403736,13714036,12934,Zulrah's scales,2025-10-14,211.0,39117772,126.34730538922156,57.61343235297778
1760486400,214,210,26543705,13520907,12934,Zulrah's scales,2025-10-15,212.0,40064612,126.94610778443113,59.00795713033712
1760572800,216,211,23741829,10027467,12934,Zulrah's scales,2025-10-16,213.5,33769296,127.8443113772455,49.736090560159795
1760659200,219,213,27704234,12700510,12934,Zulrah's scales,2025-10-17,216.0,40404744,129.34131736526945,59.50891030254445
1760745600,221,217,26283382,15380344,12934,Zulrah's scales,2025-10-18,219.0,41663726,131.1377245508982,61.36316402360548
1760832000,222,217,30860792,16222185,12934,Zulrah's scales,2025-10-19,219.5,47082977,131.43712574850298,69.34474464359343
1760918400,222,218,28547959,12299825,12934,Zulrah's scales,2025-10-20,220.0,40847784,131.73652694610777,60.16142842319977
1761004800,222,218,27742505,14814719,12934,Zulrah's scales,2025-10-21,220.0,42557224,131.73652694610777,62.67912564280304
1761091200,224,220,28453635,14946567,12934,Zulrah's scales,2025-10-22,222.0,43400202,132.93413173652695,63.92068040154667
1761177600,224,220,26445095,13304611,12934,Zulrah's scales,2025-10-23,222.0,39749706,132.93413173652695,58.54415731248076
1761264000,225,221,27986334,14588995,12934,Zulrah's scales,2025-10-24,223.0,42575329,133.5329341317365,62.70579104677212
1761350400,226,222,33727252,15834195,12934,Zulrah's scales,2025-10-25,224.0,49561447,134.1317365269461,72.9950845372838
1761436800,227,223,35880804,16166055,12934,Zulrah's scales,2025-10-26,225.0,52046859,134.7305389221557,76.65564874659714
1761523200,227,223,31674859,16019605,12934,Zulrah's scales,2025-10-27,225.0,47694464,134.7305389221557,70.24535485496295
1761609600,228,223,30754188,14067479,12934,Zulrah's scales,2025-10-28,225.5,44821667,135.02994011976048,66.01424231554385
1761696000,229,225,30377407,16909521,12934,Zulrah's scales,2025-10-29,227.0,47286928,135.92814371257484,69.6451277314089
1761782400,232,227,35375499,13350609,12934,Zulrah's scales,2025-10-30,229.5,48726108,137.4251497005988,71.76478064962109
1761868800,231,227,30570554,16752078,12934,Zulrah's scales,2025-10-31,229.0,47322632,137.125748502994,69.69771329248664
1761955200,231,226,36725562,16413164,12934,Zulrah's scales,2025-11-01,228.5,53138726,136.82634730538922,78.26377217302718
1762041600,229,224,41719046,18488064,12934,Zulrah's scales,2025-11-02,226.5,60207110,135.62874251497007,88.67422866397636
1762128000,225,220,37199006,16871487,12934,Zulrah's scales,2025-11-03,222.5,54070493,133.23353293413174,79.63609713630056
1762214400,223,218,34078506,17440005,12934,Zulrah's scales,2025-11-04,220.5,51518511,132.03592814371257,75.87748730742236
1762300800,218,213,28578239,17767166,12934,Zulrah's scales,2025-11-05,215.5,46345405,129.04191616766468,68.25843393736378
1762387200,205,201,30837506,13933009,12934,Zulrah's scales,2025-11-06,203.0,44770515,121.55688622754491,65.9389046329243
1762473600,201,196,31357762,14216550,12934,Zulrah's scales,2025-11-07,198.5,45574312,118.8622754491018,67.12275283585946
1762560000,200,196,36114177,17000189,12934,Zulrah's scales,2025-11-08,198.0,53114366,118.562874251497,78.22789428069429
1762646400,199,196,36322137,17028903,12934,Zulrah's scales,2025-11-09,197.5,53351040,118.26347305389223,78.57647245351835
1762732800,203,199,29682918,16243731,12934,Zulrah's scales,2025-11-10,201.0,45926649,120.35928143712576,67.64168177473029
1762819200,211,207,32560335,21721311,12934,Zulrah's scales,2025-11-11,209.0,54281646,125.1497005988024,79.9470874729084
1762905600,211,206,32247126,16132192,12934,Zulrah's scales,2025-11-12,208.5,48379318,124.8502994011976,71.25402144263738
1762992000,210,206,27759733,13767720,12934,Zulrah's scales,2025-11-13,208.0,41527453,124.55089820359282,61.16245843978446
1763078400,210,206,27016178,16273204,12934,Zulrah's scales,2025-11-14,208.0,43289382,124.55089820359282,63.757462502189895
1763164800,210,206,35583353,19853026,12934,Zulrah's scales,2025-11-15,208.0,55436379,124.55089820359282,81.64780119405927
1763251200,212,208,40151800,20351575,12934,Zulrah's scales,2025-11-16,210.0,60503375,125.74850299401197,89.11057364640673
1763337600,210,206,34810798,19594775,12934,Zulrah's scales,2025-11-17,208.0,54405573,124.55089820359282,80.12960962246251
1763424000,207,202,31734155,16712735,12934,Zulrah's scales,2025-11-18,204.5,48446890,122.45508982035929,71.35354282772434
1763510400,196,193,21955322,9385471,12934,Zulrah's scales,2025-11-19,194.5,31340793,116.46706586826348,46.15934305752842
1763596800,197,193,13842692,7343608,12934,Zulrah's scales,2025-11-20,195.0,21186300,116.76646706586826,31.203603872426406
1763683200,208,204,21464635,15293506,12934,Zulrah's scales,2025-11-21,206.0,36758141,123.35329341317365,54.13812090128034
1763769600,220,215,23895093,18603997,12934,Zulrah's scales,2025-11-22,217.5,42499090,130.23952095808383,62.59350473176526
1763856000,221,216,29901720,15037844,12934,Zulrah's scales,2025-11-23,218.5,44939564,130.83832335329342,66.18788336120768
1763942400,222,217,30026955,12742777,12934,Zulrah's scales,2025-11-24,219.5,42769732,131.43712574850298,62.992111650351376
1764028800,228,223,22635394,16211846,12934,Zulrah's scales,2025-11-25,225.5,38847240,135.02994011976048,57.21498744457871
1764115200,234,229,23290884,17912531,12934,Zulrah's scales,2025-11-26,231.5,41203415,138.622754491018,60.6852088307629
1764201600,237,232,25787558,15216226,12934,Zulrah's scales,2025-11-27,234.5,41003784,140.4191616766467,60.391188324838964
1764288000,235,231,22926416,10270243,12934,Zulrah's scales,2025-11-28,233.0,33196659,139.52095808383234,48.89269940121771
1764374400,237,233,24387653,14089791,12934,Zulrah's scales,2025-11-29,235.0,38477444,140.71856287425152,56.670344543382754
1764460800,237,233,29322979,16184146,12934,Zulrah's scales,2025-11-30,235.0,45507125,140.71856287425152,67.02379848642718
1764547200,235,230,25621044,13049333,12934,Zulrah's scales,2025-12-01,232.5,38670377,139.22155688622755,56.95450010173503
1764633600,233,229,28393874,11763786,12934,Zulrah's scales,2025-12-02,231.0,40157660,138.32335329341316,59.14500007474561
1764720000,233,228,25518396,11854693,12934,Zulrah's scales,2025-12-03,230.5,37373089,138.02395209580837,55.04382854226253
1764806400,237,232,27761146,14151065,12934,Zulrah's scales,2025-12-04,234.5,41912211,140.4191616766467,61.72913767205942
1764892800,241,236,27320462,15163485,12934,Zulrah's scales,2025-12-05,238.5,42483947,142.81437125748505,62.57120182028755
1764979200,245,240,32750115,15520874,12934,Zulrah's scales,2025-12-06,242.5,48270989,145.20958083832335,71.09447233760743
1765065600,245,240,34236111,14575572,12934,Zulrah's scales,2025-12-07,242.5,48811683,145.20958083832335,71.89081721104913
1765152000,245,240,30504437,11594880,12934,Zulrah's scales,2025-12-08,242.5,42099317,145.20958083832335,62.00471110895752
1765238400,241,237,26273214,12956228,12934,Zulrah's scales,2025-12-09,239.0,39229442,143.11377245508982,57.77790214923451
1765324800,238,232,25159825,12736199,12934,Zulrah's scales,2025-12-10,235.0,37896024,140.71856287425152,55.814017607414414
1765411200,235,231,25682125,11233269,12934,Zulrah's scales,2025-12-11,233.0,36915394,139.52095808383234,54.36972624623206
1765497600,236,231,25187395,12956056,12934,Zulrah's scales,2025-12-12,233.5,38143451,139.82035928143713,56.17843301243288
1765584000,235,231,28615983,14285754,12934,Zulrah's scales,2025-12-13,233.0,42901737,139.52095808383234,63.18653123891473
1765670400,241,237,33795243,19024460,12934,Zulrah's scales,2025-12-14,239.0,52819703,143.11377245508982,77.79390875571536
1765756800,241,236,28524110,16664993,12934,Zulrah's scales,2025-12-15,238.5,45189103,142.81437125748505,66.55540936181758
1765843200,241,237,29058478,14247184,12934,Zulrah's scales,2025-12-16,239.0,43305662,143.11377245508982,63.781440009873776
1765929600,240,236,25702754,13009848,12934,Zulrah's scales,2025-12-17,238.0,38712602,142.51497005988023,57.01668992126526
1766016000,239,235,24895136,12845434,12934,Zulrah's scales,2025-12-18,237.0,37740570,141.91616766467067,55.58506186543095
1766102400,238,233,26058832,13131899,12934,Zulrah's scales,2025-12-19,235.5,39190731,141.01796407185628,57.72088781877069
1766188800,237,232,30091192,15107471,12934,Zulrah's scales,2025-12-20,234.5,45198663,140.4191616766467,66.56948951989239
1766275200,238,233,35045087,16798391,12934,Zulrah's scales,2025-12-21,235.5,51843478,141.01796407185628,76.35610516611456
1766361600,236,232,29636960,15353414,12934,Zulrah's scales,2025-12-22,234.0,44990374,140.1197604790419,66.26271733942747
1766448000,236,232,26888348,15309483,12934,Zulrah's scales,2025-12-23,234.0,42197831,140.1197604790419,62.149804486842676
1766534400,235,231,20526615,14053902,12934,Zulrah's scales,2025-12-24,233.0,34580517,139.52095808383234,50.930872977901146
1766620800,235,231,22020891,11917868,12934,Zulrah's scales,2025-12-25,233.0,33938759,139.52095808383234,49.98567903587443
1766707200,235,231,25967383,13037957,12934,Zulrah's scales,2025-12-26,233.0,39005340,139.52095808383234,57.44784026797074
1766793600,235,230,30668259,16384791,12934,Zulrah's scales,2025-12-27,232.5,47053050,139.22155688622755,69.30066756297575
1766880000,232,228,30825165,18655018,12934,Zulrah's scales,2025-12-28,230.0,49480183,137.7245508982036,72.87539730236837
1766966400,230,226,29986907,15529053,12934,Zulrah's scales,2025-12-29,228.0,45515960,136.52694610778445,67.03681085008733
1767052800,229,225,28734681,15335522,12934,Zulrah's scales,2025-12-30,227.0,44070203,135.92814371257484,64.90747119550926
1767139200,226,222,25751485,16490004,12934,Zulrah's scales,2025-12-31,224.0,42241489,134.1317365269461,62.21410485726424
1767225600,225,221,28106820,16522430,12934,Zulrah's scales,2026-01-01,223.0,44629250,133.5329341317365,65.73084673225085
1767312000,225,220,32716441,16950178,12934,Zulrah's scales,2026-01-02,222.5,49666619,133.23353293413174,73.14998394994532
1767398400,225,221,33699232,17126032,12934,Zulrah's scales,2026-01-03,223.0,50825264,133.5329341317365,74.85645934247577
1767484800,225,221,34844207,21602128,12934,Zulrah's scales,2026-01-04,223.0,56446335,133.5329341317365,83.13528447111001
1767571200,224,220,29261107,18704693,12934,Zulrah's scales,2026-01-05,222.0,47965800,132.93413173652695,70.6449839105474
1767657600,223,220,27704932,15107601,12934,Zulrah's scales,2026-01-06,221.5,42812533,132.63473053892216,63.05514981413381
1767744000,222,218,26548015,14906674,12934,Zulrah's scales,2026-01-07,220.0,41454689,131.73652694610777,61.05529017386859
1767830400,216,212,33460001,14354357,12934,Zulrah's scales,2026-01-08,214.0,47814358,128.1437125748503,70.42193712193175
1767916800,195,190,45484191,12397610,12934,Zulrah's scales,2026-01-09,192.5,57881801,115.2694610778443,85.24946733627931
1768003200,180,176,55107786,14929504,12934,Zulrah's scales,2026-01-10,178.0,70037290,106.58682634730539,103.1523132145892
1768089600,169,164,61171039,15555615,12934,Zulrah's scales,2026-01-11,166.5,76726654,99.7005988023952,113.00454151374808
1768176000,158,153,51678289,11839677,12934,Zulrah's scales,2026-01-12,155.5,63517966,93.11377245508982,93.55052320821704
1768262400,167,163,41547245,15524694,12934,Zulrah's scales,2026-01-13,165.0,57071939,98.80239520958084,84.05668648075802
1768348800,175,171,31216911,19389271,12934,Zulrah's scales,2026-01-14,173.0,50606182,103.59281437125749,74.53379101702116
1768435200,177,173,36202959,18304013,12934,Zulrah's scales,2026-01-15,175.0,54506972,104.79041916167664,80.2789520857081
1768521600,175,171,37703217,14138567,12934,Zulrah's scales,2026-01-16,173.0,51841784,103.59281437125749,76.35361020923395
1768608000,174,171,41894731,16740355,12934,Zulrah's scales,2026-01-17,172.5,58635086,103.29341317365271,86.35892046131958
1768694400,171,166,48119323,17898210,12934,Zulrah's scales,2026-01-18,168.5,66017533,100.89820359281435,97.23193518296436
1768780800,168,164,41721500,14886295,12934,Zulrah's scales,2026-01-19,166.0,56607795,99.40119760479041,83.37308596930659
1768867200,167,164,35172234,12442249,12934,Zulrah's scales,2026-01-20,165.5,47614483,99.10179640718563,70.12755724795652
1768953600,167,164,31018804,14263295,12934,Zulrah's scales,2026-01-21,165.5,45282099,99.10179640718563,66.69237571959218
1769040000,172,169,31881999,21757499,12934,Zulrah's scales,2026-01-22,170.5,53639498,102.09580838323353,79.00131913112759
1769126400,176,172,35523758,19615930,12934,Zulrah's scales,2026-01-23,174.0,55139688,104.19161676646706,81.21082879035903
1769212800,177,173,44592322,19007983,12934,Zulrah's scales,2026-01-24,175.0,63600305,104.79041916167664,93.67179372450595
1769299200,176,173,44604849,21258696,12934,Zulrah's scales,2026-01-25,174.5,65863545,104.49101796407186,97.00513859492837
1769385600,175,172,39106738,15476096,12934,Zulrah's scales,2026-01-26,173.5,54582834,103.89221556886228,80.39068314761934
1769472000,176,173,31597375,16823063,12934,Zulrah's scales,2026-01-27,174.5,48420438,104.49101796407186,71.31458379619767
1769558400,178,174,33553030,16234511,12934,Zulrah's scales,2026-01-28,176.0,49787541,105.38922155688624,73.32808027575311
1769644800,178,175,29586374,16874384,12934,Zulrah's scales,2026-01-29,176.5,46460758,105.68862275449102,68.42832812924702
1769731200,182,179,33462153,15553571,12934,Zulrah's scales,2026-01-30,180.5,49015724,108.08383233532935,72.19133285265403
1769817600,186,183,33551769,22090340,12934,Zulrah's scales,2026-01-31,184.5,55642109,110.47904191616766,81.95080442844537
1769904000,184,180,33645049,17537406,12934,Zulrah's scales,2026-02-01,182.0,51182455,108.9820359281437,75.38253734905528
1769990400,182,179,26289535,18202001,12934,Zulrah's scales,2026-02-02,180.5,44491536,108.08383233532935,65.52801881497943
1770076800,182,179,23816298,18296178,12934,Zulrah's scales,2026-02-03,180.5,42112476,108.08383233532935,62.02409194578874
1770163200,184,181,20955206,15808982,12934,Zulrah's scales,2026-02-04,182.5,36764188,109.2814371257485,54.14702704310863
1770249600,184,181,22846936,18629117,12934,Zulrah's scales,2026-02-05,182.5,41476053,109.2814371257485,61.08675549783411
1770336000,184,181,22747749,19558831,12934,Zulrah's scales,2026-02-06,182.5,42306580,109.2814371257485,62.30997217622319
1770422400,184,181,31148872,23282257,12934,Zulrah's scales,2026-02-07,182.5,54431129,109.2814371257485,80.16724900737464
1770508800,184,181,34322807,20420015,12934,Zulrah's scales,2026-02-08,182.5,54742822,109.2814371257485,80.62631665494916
1770595200,184,181,25362649,16666197,12934,Zulrah's scales,2026-02-09,182.5,42028846,109.2814371257485,61.90092001903178
1770681600,184,181,22353756,16716295,12934,Zulrah's scales,2026-02-10,182.5,39070051,109.2814371257485,57.54314791537441
1770768000,184,180,24212954,19739201,12934,Zulrah's scales,2026-02-11,182.0,43952155,108.9820359281437,64.73360775404319
1770854400,183,180,22995928,18445453,12934,Zulrah's scales,2026-02-12,181.5,41441381,108.68263473053892,61.03568988687491
1770940800,184,180,23299272,18833459,12934,Zulrah's scales,2026-02-13,182.0,42132731,108.9820359281437,62.053923912504786
1771027200,183,180,30602543,18572458,12934,Zulrah's scales,2026-02-14,181.5,49175001,108.68263473053892,72.42591918504752
1771113600,182,180,34534170,22021329,12934,Zulrah's scales,2026-02-15,181.0,56555499,108.38323353293413,83.29606338074169
1771200000,183,180,31376190,18136424,12934,Zulrah's scales,2026-02-16,181.5,49512614,108.68263473053892,72.92316232397133
1771286400,183,180,29639475,16453437,12934,Zulrah's scales,2026-02-17,181.5,46092912,108.68263473053892,67.88655722682155
1771372800,183,180,23976675,14843235,12934,Zulrah's scales,2026-02-18,181.5,38819910,108.68263473053892,57.174735277195374
1771459200,183,181,22354466,13732078,12934,Zulrah's scales,2026-02-19,182.0,36086544,108.9820359281437,53.1489794867856
1771545600,186,182,28494425,17946535,12934,Zulrah's scales,2026-02-20,184.0,46440960,110.17964071856288,68.39916924121718
1771632000,186,183,33367029,19760218,12934,Zulrah's scales,2026-02-21,184.5,53127247,110.47904191616766,78.24686567359822
1771718400,188,184,30981575,20097950,12934,Zulrah's scales,2026-02-22,186.0,51079525,111.37724550898203,75.2309399985699
1771804800,192,188,32220430,20274322,12934,Zulrah's scales,2026-02-23,190.0,52494752,113.77245508982037,77.31531446214127
1771891200,194,189,32136581,20475302,12934,Zulrah's scales,2026-02-24,191.5,52611883,114.67065868263472,77.48782732777525
1771977600,192,189,29190583,15921488,12934,Zulrah's scales,2026-02-25,190.5,45112071,114.07185628742515,66.44195510064405
1772064000,192,189,28395252,15488445,12934,Zulrah's scales,2026-02-26,190.5,43883697,114.07185628742515,64.63278145054053
1772150400,191,188,29771853,18389903,12934,Zulrah's scales,2026-02-27,189.5,48161756,113.47305389221556,70.93359180340389
1772236800,190,187,32598470,17655315,12934,Zulrah's scales,2026-02-28,188.5,50253785,112.87425149700599,74.01477370895739
1772323200,190,187,36703147,20388700,12934,Zulrah's scales,2026-03-01,188.5,57091847,112.87425149700599,84.0860073789749
1772409600,190,187,26612841,16617043,12934,Zulrah's scales,2026-03-02,188.5,43229884,112.87425149700599,63.66983266483266
1772496000,191,187,25844765,15543863,12934,Zulrah's scales,2026-03-03,189.0,41388628,113.17365269461077,60.957994219623814
1772582400,190,187,24353180,14058771,12934,Zulrah's scales,2026-03-04,188.5,38411951,112.87425149700599,56.57388515083112
1772668800,190,187,23428508,14789377,12934,Zulrah's scales,2026-03-05,188.5,38217885,112.87425149700599,56.28806088755219
1772755200,190,187,26495347,13360798,12934,Zulrah's scales,2026-03-06,188.5,39856145,112.87425149700599,58.70092278793315
1772841600,190,187,30684981,21052363,12934,Zulrah's scales,2026-03-07,188.5,51737344,112.87425149700599,76.19978890072628
1772928000,190,187,31270276,18727312,12934,Zulrah's scales,2026-03-08,188.5,49997588,112.87425149700599,73.63744167357112
1773014400,191,188,25828375,15645589,12934,Zulrah's scales,2026-03-09,189.5,41473964,113.47305389221556,61.08367877709998
1773100800,191,188,24700680,15863191,12934,Zulrah's scales,2026-03-10,189.5,40563871,113.47305389221556,59.74327571195561
1773187200,191,188,23113585,15205341,12934,Zulrah's scales,2026-03-11,189.5,38318926,113.47305389221556,56.43687608127992
1773273600,191,188,21880767,18271466,12934,Zulrah's scales,2026-03-12,189.5,40152233,113.47305389221556,59.137007081244356
1773360000,190,187,25489789,17896951,12934,Zulrah's scales,2026-03-13,188.5,43386740,112.87425149700599,63.900853300291104
1773446400,190,187,26506680,18943459,12934,Zulrah's scales,2026-03-14,188.5,45450139,112.87425149700599,66.9398683726143
1773532800,189,186,29492675,19501926,12934,Zulrah's scales,2026-03-15,187.5,48994601,112.27544910179641,72.16022247828015
1773619200,189,186,24989239,16904657,12934,Zulrah's scales,2026-03-16,187.5,41893896,112.27544910179641,61.70216297591505
1773705600,187,185,20015018,16516658,12934,Zulrah's scales,2026-03-17,186.0,36531676,111.37724550898203,53.804578746634704
1773792000,187,184,21808819,14411440,12934,Zulrah's scales,2026-03-18,185.5,36220259,111.07784431137723,53.34591759734769
1773878400,186,183,24035223,14174322,12934,Zulrah's scales,2026-03-19,184.5,38209545,110.47904191616766,56.27577756973379
1773964800,186,183,22178443,17993671,12934,Zulrah's scales,2026-03-20,184.5,40172114,110.47904191616766,59.166288213324414
1774051200,185,182,26914935,16712346,12934,Zulrah's scales,2026-03-21,183.5,43627281,109.88023952095809,64.25512686760004
1774137600,185,182,28730074,19657237,12934,Zulrah's scales,2026-03-22,183.5,48387311,109.88023952095809,71.26579369195663
1774224000,185,182,19572255,16037379,12934,Zulrah's scales,2026-03-23,183.5,35609634,109.88023952095809,52.4465769567167
1774310400,185,182,23549112,14339630,12934,Zulrah's scales,2026-03-24,183.5,37888742,109.88023952095809,55.80329253303148
1774396800,186,183,21295889,14252484,12934,Zulrah's scales,2026-03-25,184.5,35548373,110.47904191616766,52.35635053790696
1774483200,187,184,22680719,15436776,12934,Zulrah's scales,2026-03-26,185.5,38117495,111.07784431137723,56.14020449956784
1774569600,187,184,22946969,14714408,12934,Zulrah's scales,2026-03-27,185.5,37661377,111.07784431137723,55.46842484049177
1774656000,186,183,26223974,16712858,12934,Zulrah's scales,2026-03-28,184.5,42936832,110.47904191616766,63.23821985268414
1774742400,185,182,28635525,16438005,12934,Zulrah's scales,2026-03-29,183.5,45073530,109.88023952095809,66.38519114956021
1774828800,184,182,22427071,17047320,12934,Zulrah's scales,2026-03-30,183.0,39474391,109.5808383233533,58.13866790658463
1774915200,184,181,20867088,13399252,12934,Zulrah's scales,2026-03-31,182.5,34266340,109.2814371257485,50.46814684573898
1775001600,184,181,22678273,13172498,12934,Zulrah's scales,2026-04-01,182.5,35850771,109.2814371257485,52.80172832467549
1775088000,184,181,19210437,13341863,12934,Zulrah's scales,2026-04-02,182.5,32552300,109.2814371257485,47.943674654677125
1775174400,184,181,23619673,15528443,12934,Zulrah's scales,2026-04-03,182.5,39148116,109.2814371257485,57.658123599486366
1775260800,185,181,29687724,15595033,12934,Zulrah's scales,2026-04-04,183.0,45282757,109.5808383233533,66.69334483507473
1775347200,184,181,28191617,17768442,12934,Zulrah's scales,2026-04-05,182.5,45960059,109.2814371257485,67.69088868699801
1775433600,184,181,21810992,15913376,12934,Zulrah's scales,2026-04-06,182.5,37724368,109.2814371257485,55.56119923769789
1775520000,185,182,20458508,14415816,12934,Zulrah's scales,2026-04-07,183.5,34874324,109.88023952095809,51.36359776906081
1775606400,184,182,21191651,13466688,12934,Zulrah's scales,2026-04-08,183.0,34658339,109.5808383233533,51.0454907667817
1775692800,183,181,19990366,13764477,12934,Zulrah's scales,2026-04-09,182.0,33754843,108.9820359281437,49.71480389440088
1775779200,183,180,21578033,13771915,12934,Zulrah's scales,2026-04-10,181.5,35349948,108.68263473053892,52.06410625276108
1775865600,183,180,25433769,15451756,12934,Zulrah's scales,2026-04-11,181.5,40885525,108.68263473053892,60.217014118377755
1775952000,182,180,23286922,16266928,12934,Zulrah's scales,2026-04-12,181.0,39553850,108.38323353293413,58.255696701612514
1776038400,181,178,23040082,14729219,12934,Zulrah's scales,2026-04-13,179.5,37769301,107.48502994011977,55.627377453469386
1776124800,180,177,17301595,12382458,12934,Zulrah's scales,2026-04-14,178.5,29684053,106.88622754491017,43.719263445722504
1776211200,179,176,15584164,11733268,12934,Zulrah's scales,2026-04-15,177.5,27317432,106.2874251497006,40.23365698304777
1776297600,179,177,12600710,7664872,12934,Zulrah's scales,2026-04-16,178.0,20265582,106.58682634730539,29.84755209603257
1776384000,179,177,11963431,8261970,12934,Zulrah's scales,2026-04-17,178.0,20225401,106.58682634730539,29.788372720341773
1776470400,179,176,14272882,11147468,12934,Zulrah's scales,2026-04-18,177.5,25420350,106.2874251497006,37.439596895089494
1776556800,179,176,12264367,10181104,12934,Zulrah's scales,2026-04-19,177.5,22445471,106.2874251497006,33.058135956445184
1776643200,180,177,12570074,9822617,12934,Zulrah's scales,2026-04-20,178.5,22392691,106.88622754491017,32.98040052305725
1776729600,180,177,11893345,8822521,12934,Zulrah's scales,2026-04-21,178.5,20715866,106.88622754491017,30.51073932391529
1776816000,180,178,12137964,7639965,12934,Zulrah's scales,2026-04-22,179.0,19777929,107.18562874251496,29.129327061968084
1776902400,182,179,12671282,7889811,12934,Zulrah's scales,2026-04-23,180.5,20561093,108.08383233532935,30.282786572271675
1776988800,183,180,14881679,8817370,12934,Zulrah's scales,2026-04-24,181.5,23699049,108.68263473053892,34.904430558862245
1777075200,183,180,18598485,10745842,12934,Zulrah's scales,2026-04-25,181.5,29344327,108.68263473053892,43.218908238387385
1777161600,184,181,16202962,11290882,12934,Zulrah's scales,2026-04-26,182.5,27493844,109.2814371257485,40.49348008412453
1777248000,186,183,12444181,8945158,12934,Zulrah's scales,2026-04-27,184.5,21389339,110.47904191616766,31.50264374850923
1777334400,186,183,11697690,9899372,12934,Zulrah's scales,2026-04-28,184.5,21597062,110.47904191616766,31.808582312920763
1777420800,186,183,12817224,8916662,12934,Zulrah's scales,2026-04-29,184.5,21733886,110.47904191616766,32.01009942049692
1777507200,186,183,13155037,8486355,12934,Zulrah's scales,2026-04-30,184.5,21641392,110.47904191616766,31.873872418303232
1777593600,186,183,13570795,9217855,12934,Zulrah's scales,2026-05-01,184.5,22788650,110.47904191616766,33.56357681083389
1777680000,186,181,15547025,13649638,12934,Zulrah's scales,2026-05-02,183.5,29196663,109.88023952095809,43.00142576328707
1777766400,186,182,15655215,11604923,12934,Zulrah's scales,2026-05-03,184.0,27260138,110.17964071856288,40.149273240711125
1777852800,186,183,13515620,10059445,12934,Zulrah's scales,2026-05-04,184.5,23575065,110.47904191616766,34.721824458574844
1777939200,186,183,13920176,9217579,12934,Zulrah's scales,2026-05-05,184.5,23137755,110.47904191616766,34.077745595845116
1778025600,186,184,12413863,9884007,12934,Zulrah's scales,2026-05-06,185.0,22297870,110.77844311377245,32.84074626899744
1778112000,186,184,13674334,10304235,12934,Zulrah's scales,2026-05-07,185.0,23978569,110.77844311377245,35.31611317236345
1778198400,186,184,12021358,9444740,12934,Zulrah's scales,2026-05-08,185.0,21466098,110.77844311377245,31.615695929854894
1778284800,187,183,16678751,12325049,12934,Zulrah's scales,2026-05-09,185.0,29003800,110.77844311377245,42.71737330232655
1778371200,186,183,16976630,12349312,12934,Zulrah's scales,2026-05-10,184.5,29325942,110.47904191616766,43.191830444851256
1778457600,186,183,12818292,10403676,12934,Zulrah's scales,2026-05-11,184.5,23221968,110.47904191616766,34.20177617659346
1778544000,185,182,14956393,9869311,12934,Zulrah's scales,2026-05-12,183.5,24825704,109.88023952095809,36.56379044335781
1778630400,184,182,13395144,8757355,12934,Zulrah's scales,2026-05-13,183.0,22152499,109.5808383233533,32.62664096988724
1778716800,182,180,19745256,9876077,12934,Zulrah's scales,2026-05-14,181.0,29621333,108.38323353293413,43.62688818270449
1778803200,183,179,15167720,10241772,12934,Zulrah's scales,2026-05-15,181.0,25409492,108.38323353293413,37.42360501680746
1778889600,181,177,19512951,11614397,12934,Zulrah's scales,2026-05-16,179.0,31127348,107.18562874251496,45.84497701775035
1778976000,181,178,16963324,11597414,12934,Zulrah's scales,2026-05-17,179.5,28560738,107.48502994011977,42.064822779633815
1779062400,179,176,14897087,9857045,12934,Zulrah's scales,2026-05-18,177.5,24754132,106.2874251497006,36.45837777874166
1779148800,179,176,14417766,10210465,12934,Zulrah's scales,2026-05-19,177.5,24628231,106.2874251497006,36.27294828273989
1779235200,179,176,14926154,9127330,12934,Zulrah's scales,2026-05-20,177.5,24053484,106.2874251497006,35.42644947384615
1779321600,179,176,14458162,9035047,12934,Zulrah's scales,2026-05-21,177.5,23493209,106.2874251497006,34.60126531428909
1779408000,178,176,16349390,10753817,12934,Zulrah's scales,2026-05-22,177.0,27103207,105.98802395209582,39.91814214376151
1779494400,178,175,18771494,12068973,12934,Zulrah's scales,2026-05-23,176.5,30840467,105.68862275449102,45.42245297709552
1779580800,178,175,19239820,11777605,12934,Zulrah's scales,2026-05-24,176.5,31017425,105.68862275449102,45.68308023782801
1779667200,178,175,18693311,11326653,12934,Zulrah's scales,2026-05-25,176.5,30019964,105.68862275449102,44.21399984520663
1779753600,177,175,16843174,10682303,12934,Zulrah's scales,2026-05-26,176.0,27525477,105.38922155688624,40.540069795461406
1779840000,178,175,14394769,9999365,12934,Zulrah's scales,2026-05-27,176.5,24394134,105.68862275449102,35.928165566752504
1779926400,179,176,15152980,9858268,12934,Zulrah's scales,2026-05-28,177.5,25011248,106.2874251497006,36.83706333559976
1780012800,179,176,14794874,11277093,12934,Zulrah's scales,2026-05-29,177.5,26071967,106.2874251497006,38.39931136833583
1780099200,180,177,18747453,14333833,12934,Zulrah's scales,2026-05-30,178.5,33081286,106.88622754491017,48.72277575293682
1780185600,181,177,20264248,14188061,12934,Zulrah's scales,2026-05-31,179.0,34452309,107.18562874251496,50.742045686430906
1780272000,181,178,16663436,12191223,12934,Zulrah's scales,2026-06-01,179.5,28854659,107.48502994011977,42.49771547226006
1780358400,182,179,18174711,11230498,12934,Zulrah's scales,2026-06-02,180.5,29405209,108.08383233532935,43.30857645846173
1780444800,182,179,15658857,10478592,12934,Zulrah's scales,2026-06-03,180.5,26137449,108.08383233532935,38.495754559868764
1780531200,183,180,15795503,10449980,12934,Zulrah's scales,2026-06-04,181.5,26245483,108.68263473053892,38.65486918303344
1780617600,182,180,17356180,12231821,12934,Zulrah's scales,2026-06-05,181.0,29588001,108.38323353293413,43.57779615038758
1780704000,182,179,20734496,13121696,12934,Zulrah's scales,2026-06-06,180.5,33856192,108.08383233532935,49.86407271665236
1780790400,181,178,19590779,13880727,12934,Zulrah's scales,2026-06-07,179.5,33471506,107.48502994011977,49.297499527408924
1780876800,180,176,20606041,13125422,12934,Zulrah's scales,2026-06-08,178.0,33731463,106.58682634730539,49.68036936555264
1780963200,179,176,18626212,13307551,12934,Zulrah's scales,2026-06-09,177.5,31933763,106.2874251497006,47.03268106313736
1781049600,179,176,16037774,12168176,12934,Zulrah's scales,2026-06-10,177.5,28205950,106.2874251497006,41.54228395923146
1781136000,179,176,17050940,12423830,12934,Zulrah's scales,2026-06-11,177.5,29474770,106.2874251497006,43.411027282294576
1781222400,178,176,18315863,13311145,12934,Zulrah's scales,2026-06-12,177.0,31627008,105.98802395209582,46.58088620014164
1781308800,179,176,24344319,12330198,12934,Zulrah's scales,2026-06-13,177.5,36674517,106.2874251497006,54.01495781144268
1781395200,181,177,22610293,15568265,12934,Zulrah's scales,2026-06-14,179.0,38178558,107.18562874251496,56.23013930004088
1781481600,182,178,18837379,12843373,12934,Zulrah's scales,2026-06-15,180.0,31680752,107.78443113772455,46.66004143189611
1781568000,181,178,19341661,14657511,12934,Zulrah's scales,2026-06-16,179.5,33999172,107.48502994011977,50.074656503423974
1781654400,181,178,19165388,13732001,12934,Zulrah's scales,2026-06-17,179.5,32897389,107.48502994011977,48.45192859504103
1781740800,180,178,20529231,14353100,12934,Zulrah's scales,2026-06-18,179.0,34882331,107.18562874251496,51.37539063785841
1781827200,180,178,18041180,13297638,12934,Zulrah's scales,2026-06-19,179.0,31338818,107.18562874251496,46.15643423826087
1781913600,180,177,21812093,14599335,12934,Zulrah's scales,2026-06-20,178.5,36411428,106.88622754491017,53.62747510142758
1782000000,179,177,22164431,15239891,12934,Zulrah's scales,2026-06-21,178.0,37404322,106.58682634730539,55.08982912564648
1782086400,180,176,19667677,14000667,12934,Zulrah's scales,2026-06-22,178.0,33668344,106.58682634730539,49.58740644740159
1782172800,179,176,17839824,11053596,12934,Zulrah's scales,2026-06-23,177.5,28893420,106.2874251497006,42.554803443717994
1782259200,179,176,19105569,12624385,12934,Zulrah's scales,2026-06-24,177.5,31729954,106.2874251497006,46.73250711574516
1782345600,179,176,17648412,11601394,12934,Zulrah's scales,2026-06-25,177.5,29249806,106.2874251497006,43.079695830292266
1782432000,179,176,18475284,13234375,12934,Zulrah's scales,2026-06-26,177.5,31709659,106.2874251497006,46.70261623623383
1782518400,178,175,21692336,14105465,12934,Zulrah's scales,2026-06-27,176.5,35797801,105.68862275449102,52.72371305550991
1782604800,178,175,26401944,14191936,12934,Zulrah's scales,2026-06-28,176.5,40593880,105.68862275449102,59.78747356380363
1782691200,177,174,23615532,13928627,12934,Zulrah's scales,2026-06-29,175.5,37544159,105.08982035928143,55.29578383952802
1782777600,177,173,18870779,13962636,12934,Zulrah's scales,2026-06-30,175.0,32833415,104.79041916167664,48.357706415890604
1782864000,174,171,25531411,15457149,12934,Zulrah's scales,2026-07-01,172.5,40988560,103.29341317365271,60.36876611495079
1782950400,172,168,25952884,17555032,12934,Zulrah's scales,2026-07-02,170.0,43507916,101.79640718562875,64.079323722349
1783036800,170,167,31361699,15644460,12934,Zulrah's scales,2026-07-03,168.5,47006159,100.89820359281435,69.23160556587472
1783123200,169,165,28453883,16047670,12934,Zulrah's scales,2026-07-04,167.0,44501553,100.0,65.54277205174046
1783209600,170,166,27640164,15361274,12934,Zulrah's scales,2026-07-05,168.0,43001438,100.59880239520957,63.33337285400018
1783296000,172,169,29410124,16828770,12934,Zulrah's scales,2026-07-06,170.5,46238894,102.09580838323353,68.10156241887985
1783382400,173,170,21210501,13296936,12934,Zulrah's scales,2026-07-07,171.5,34507437,102.6946107784431,50.82323930090248
1783468800,176,172,24249117,14210235,12934,Zulrah's scales,2026-07-08,174.0,38459352,104.19161676646706,56.643698286072144
1783555200,177,174,23686115,16466885,12934,Zulrah's scales,2026-07-09,175.5,40153000,105.08982035928143,59.13813673409408
1783641600,176,174,21746508,12944152,12934,Zulrah's scales,2026-07-10,175.0,34690660,104.79041916167664,51.0930937781976
1783728000,176,172,24716693,16408572,12934,Zulrah's scales,2026-07-11,174.0,41125265,104.19161676646706,60.57010795696096
1783814400,176,173,26548570,16047880,12934,Zulrah's scales,2026-07-12,174.5,42596450,104.49101796407186,62.73689847550623
1783900800,176,173,22284153,14019416,12934,Zulrah's scales,2026-07-13,174.5,36303569,104.49101796407186,53.46861822174232
1783987200,178,175,27577900,15612309,12934,Zulrah's scales,2026-07-14,176.5,43190209,105.68862275449102,63.611398536002305
1784073600,178,175,23799843,14259863,12934,Zulrah's scales,2026-07-15,176.5,38059706,105.68862275449102,56.05509171138946
1784160000,180,176,20272589,12449594,12934,Zulrah's scales,2026-07-16,178.0,32722183,106.58682634730539,48.19388171474233
1784246400,181,178,24142899,13338332,12934,Zulrah's scales,2026-07-17,179.5,37481231,107.48502994011977,55.20310222997449
1784332800,183,179,25987124,14806367,12934,Zulrah's scales,2026-07-18,181.0,40793491,108.38323353293413,60.08146461332991
1784419200,183,180,28483449,15944219,12934,Zulrah's scales,2026-07-19,181.5,44427668,108.68263473053892,65.43395275473654
1784505600,181,178,25218560,15623248,12934,Zulrah's scales,2026-07-20,179.5,40841808,107.48502994011977,60.152626851583136
1784592000,179,175,27477469,14468978,12934,Zulrah's scales,2026-07-21,177.0,41946447,105.98802395209582,61.77956113354993
1784678400,175,172,26262481,17742741,12934,Zulrah's scales,2026-07-22,173.5,44005222,103.89221556886228,64.81176588673735
1784764800,174,171,23159710,13439385,12934,Zulrah's scales,2026-07-23,172.5,36599095,103.29341317365271,53.90387479027965
1784851200,173,170,23053778,12280977,12934,Zulrah's scales,2026-07-24,171.5,35334755,102.6946107784431,52.04172970028925
1784937600,173,169,27070535,15492009,12934,Zulrah's scales,2026-07-25,171.0,42562544,102.39520958083833,62.68696104457688
1785024000,170,166,31959315,17400737,12934,Zulrah's scales,2026-07-26,168.0,49360052,100.59880239520957,72.6984659770875
1785110400,167,162,27604061,14029226,12934,Zulrah's scales,2026-07-27,164.5,41633287,98.50299401197606,61.31833285920807
1785196800,165,162,24807342,14368466,12934,Zulrah's scales,2026-07-28,163.5,39175808,97.90419161676647,57.69890892766709
1785283200,162,158,23469566,13726436,12934,Zulrah's scales,2026-07-29,160.0,37196002,95.80838323353294,54.78301128776521
1785369600,162,158,20697707,14152902,12934,Zulrah's scales,2026-07-30,160.0,34850609,95.80838323353294,51.328669845552014
1785456000,159,156,25920651,15360409,12934,Zulrah's scales,2026-07-31,157.5,41281060,94.311377245509,60.79956593052429
1785542400,159,156,26368905,13642275,12934,Zulrah's scales,2026-08-01,157.5,40011180,94.311377245509,58.929261418385934
1785628800,158,155,28528805,16154661,12934,Zulrah's scales,2026-08-02,156.5,44683466,93.7125748502994,65.81069713498977
1785715200,159,156,22965909,13162190,12934,Zulrah's scales,2026-08-03,157.5,36128099,94.311377245509,53.210182516994685
1785801600,158,156,19214311,11683820,12934,Zulrah's scales,2026-08-04,157.0,30898131,94.01197604790418,45.50738166278861
1785888000,162,160,20814829,16531988,12934,Zulrah's scales,2026-08-05,161.0,37346817,96.40718562874252,55.00513461831468
1785974400,167,163,24778998,17342456,12934,Zulrah's scales,2026-08-06,165.0,42121454,98.80239520958084,62.037314922692055
1786060800,167,163,24473100,18773262,12934,Zulrah's scales,2026-08-07,165.0,43246362,98.80239520958084,63.69410179085324
1786147200,168,164,27419638,13901640,12934,Zulrah's scales,2026-08-08,166.0,41321278,99.40119760479041,60.858799800550734
1786233600,170,166,26449886,16220699,12934,Zulrah's scales,2026-08-09,168.0,42670585,100.59880239520957,62.84608597748074
1786320000,169,166,23379930,11838767,12934,Zulrah's scales,2026-08-10,167.5,35218697,100.2994011976048,51.87079717038898
1786406400,171,168,24683710,14128555,12934,Zulrah's scales,2026-08-11,169.5,38812265,101.49700598802396,57.16347556919518
1786492800,171,168,23614420,12980917,12934,Zulrah's scales,2026-08-12,169.5,36595337,101.49700598802396,53.898339933161964
1786579200,170,168,21262536,12099107,12934,Zulrah's scales,2026-08-13,169.0,33361643,101.19760479041918,49.13569111667952
1786665600,170,167,21996211,12896947,12934,Zulrah's scales,2026-08-14,168.5,34893158,100.89820359281435,51.3913368587241
1786752000,170,167,22672036,14237228,12934,Zulrah's scales,2026-08-15,168.5,36909264,100.89820359281435,54.360697860353554
1786838400,169,166,28190916,15461784,12934,Zulrah's scales,2026-08-16,167.5,43652700,100.2994011976048,64.29256447618829
1786924800,167,164,22007542,12809227,12934,Zulrah's scales,2026-08-17,165.5,34816769,99.10179640718563,51.27882962073489
1787011200,167,164,21003504,12426249,12934,Zulrah's scales,2026-08-18,165.5,33429753,99.10179640718563,49.23600487886314
1787097600,165,162,22485103,15174322,12934,Zulrah's scales,2026-08-19,163.5,37659425,97.90419161676647,55.46554989608151
1787184000,164,160,24078196,12519696,12934,Zulrah's scales,2026-08-20,162.0,36597892,97.0059880239521,53.90210298796124
1787270400,163,160,26811071,13822271,12934,Zulrah's scales,2026-08-21,161.5,40633342,96.7065868263473,59.845593981999045
1787356800,161,157,23477235,11244076,12934,Zulrah's scales,2026-08-22,159.0,34721311,95.20958083832335,51.13823718041005
1787443200,160,156,23435659,11634459,12934,Zulrah's scales,2026-08-23,158.0,35070118,94.61077844311377,51.65196706509636
1787529600,156,154,17706903,10434207,12934,Zulrah's scales,2026-08-24,155.0,28141110,92.81437125748504,41.44678631806297
1787616000,157,154,17039732,9974627,12934,Zulrah's scales,2026-08-25,155.5,27014359,93.11377245508982,39.78728504285869
