timestamp,avgHighPrice,avgLowPrice,highPriceVolume,lowPriceVolume,item_id,item_name
1756166400,243,239,4346250,3092044,1515,Yew logs
1756252800,247,242,3477309,3302582,1515,Yew logs
1756339200,245,243,3506565,3429370,1515,Yew logs
1756425600,244,239,3647755,3434641,1515,Yew logs
1756512000,242,238,3573776,3128714,1515,Yew logs
1756598400,240,237,4338794,3893675,1515,Yew logs
1756684800,236,231,4880421,4263558,1515,Yew logs
1756771200,253,248,3780711,5203217,1515,Yew logs
1756857600,258,253,3777633,4043477,1515,Yew logs
1756944000,272,267,4041329,4320716,1515,Yew logs
1757030400,269,263,3766014,4110813,1515,Yew logs
1757116800,264,259,4239584,3945994,1515,Yew logs
1757203200,259,254,4434949,3428800,1515,Yew logs
1757289600,254,249,4144803,3141504,1515,Yew logs
1757376000,246,242,3962299,2644913,1515,Yew logs
1757462400,245,239,4136260,2900225,1515,Yew logs
1757548800,244,240,3527373,3355726,1515,Yew logs
1757635200,238,233,3868662,2834881,1515,Yew logs
1757721600,235,230,3883476,3213518,1515,Yew logs
1757808000,224,219,4519889,2650216,1515,Yew logs
1757894400,221,217,3330952,2969138,1515,Yew logs
1757980800,223,219,2981716,3362920,1515,Yew logs
1758067200,224,219,2852141,2881877,1515,Yew logs
1758153600,222,218,3188216,2889891,1515,Yew logs
1758240000,225,221,2848796,3170472,1515,Yew logs
1758326400,231,227,3587469,3980799,1515,Yew logs
1758412800,234,231,3872041,3979542,1515,Yew logs
1758499200,220,217,3102235,2711433,1515,Yew logs
1758585600,223,219,2323546,3203845,1515,Yew logs
1758672000,224,220,2367692,2976010,1515,Yew logs
1758758400,221,217,2126418,2938253,1515,Yew logs
1758844800,219,216,2241072,2727964,1515,Yew logs
1758931200,216,213,2455784,3192138,1515,Yew logs
1759017600,210,206,2722290,2551274,1515,Yew logs
1759104000,209,206,2502784,2339293,1515,Yew logs
1759190400,212,208,2236490,3053930,1515,Yew logs
1759276800,209,206,2231996,2680625,1515,Yew logs
1759363200,209,205,2122427,3088253,1515,Yew logs
1759449600,204,202,2419788,2619832,1515,Yew logs
1759536000,205,201,2456428,2950000,1515,Yew logs
1759622400,208,205,2500045,3188925,1515,Yew logs
1759708800,206,205,2439222,2867785,1515,Yew logs
1759795200,204,202,2499268,3014963,1515,Yew logs
1759881600,207,203,2510360,2976675,1515,Yew logs
1759968000,207,204,2053657,2427757,1515,Yew logs
1760054400,207,204,2253091,3085196,1515,Yew logs
1760140800,207,203,2569994,3273085,1515,Yew logs
1760227200,205,203,2637987,3260903,1515,Yew logs
1760313600,205,202,2460730,2836348,1515,Yew logs
1760400000,203,199,2442463,2392876,1515,Yew logs
1760486400,202,199,1516953,2496191,1515,Yew logs
1760572800,200,197,1901353,1866618,1515,Yew logs
1760659200,199,197,1719104,2218754,1515,Yew logs
1760745600,199,196,1847285,2429190,1515,Yew logs
1760832000,199,197,1835024,2690662,1515,Yew logs
1760918400,198,196,1756219,2844086,1515,Yew logs
1761004800,198,196,1847483,2298856,1515,Yew logs
1761091200,198,196,1911088,2469979,1515,Yew logs
1761177600,197,195,1988783,2312059,1515,Yew logs
1761264000,196,192,2334304,2794490,1515,Yew logs
1761350400,194,191,2035252,2566372,1515,Yew logs
1761436800,190,187,2559251,2857561,1515,Yew logs
1761523200,191,188,2075441,2698916,1515,Yew logs
1761609600,190,187,2034106,3190116,1515,Yew logs
1761696000,190,188,2385550,2501229,1515,Yew logs
1761782400,194,190,2252194,2691089,1515,Yew logs
1761868800,192,189,2808424,3521896,1515,Yew logs
1761955200,189,186,3314166,2961562,1515,Yew logs
1762041600,185,183,2876546,3030126,1515,Yew logs
1762128000,181,177,3026675,2481846,1515,Yew logs
1762214400,177,173,3619804,2913120,1515,Yew logs
1762300800,174,171,2949800,2678011,1515,Yew logs
1762387200,172,169,3089513,2519523,1515,Yew logs
1762473600,170,168,3460487,2648186,1515,Yew logs
1762560000,170,167,2164326,2471623,1515,Yew logs
1762646400,168,166,2768816,2653434,1515,Yew logs
1762732800,169,166,3090094,2780839,1515,Yew logs
1762819200,172,170,2166878,2854576,1515,Yew logs
1762905600,177,174,2318899,3000699,1515,Yew logs
1762992000,178,175,2752272,2797988,1515,Yew logs
1763078400,177,175,2607275,2730474,1515,Yew logs
1763164800,177,175,2731339,2987018,1515,Yew logs
1763251200,179,176,3328415,3300361,1515,Yew logs
1763337600,180,178,2918420,3249677,1515,Yew logs
1763424000,178,175,2860378,2619280,1515,Yew logs
1763510400,177,173,1841629,2096848,1515,Yew logs
1763596800,176,173,1193039,969453,1515,Yew logs
1763683200,174,170,2788511,2187876,1515,Yew logs
1763769600,176,172,3537650,2675788,1515,Yew logs
1763856000,177,174,3381951,2606789,1515,Yew logs
1763942400,177,173,2557191,2493393,1515,Yew logs
1764028800,179,177,2688583,2467847,1515,Yew logs
1764115200,178,175,3931464,3222159,1515,Yew logs
1764201600,180,176,3549625,3166608,1515,Yew logs
1764288000,177,173,3655638,2782596,1515,Yew logs
1764374400,178,173,4522471,3602510,1515,Yew logs
1764460800,173,169,5535666,2572274,1515,Yew logs
1764547200,172,169,4932349,2060465,1515,Yew logs
1764633600,168,165,4785412,2055715,1515,Yew logs
1764720000,166,161,4569214,2027500,1515,Yew logs
1764806400,165,160,4124632,2559790,1515,Yew logs
1764892800,171,166,4685674,2773100,1515,Yew logs
1764979200,173,168,5796990,3011087,1515,Yew logs
1765065600,165,161,7044425,2093077,1515,Yew logs
1765152000,168,163,5278138,2448936,1515,Yew logs
1765238400,167,164,6009617,2482507,1515,Yew logs
1765324800,171,165,4924035,2864320,1515,Yew logs
1765411200,172,167,6150310,2752672,1515,Yew logs
1765497600,166,162,5879344,2077626,1515,Yew logs
1765584000,170,164,7227048,3578802,1515,Yew logs
1765670400,165,160,7152972,2460996,1515,Yew logs
1765756800,159,155,8680096,1522231,1515,Yew logs
1765843200,169,164,6170009,3892591,1515,Yew logs
1765929600,171,165,5322550,4209952,1515,Yew logs
1766016000,176,170,6482334,3163644,1515,Yew logs
1766102400,160,154,7503915,2404550,1515,Yew logs
1766188800,145,139,8215023,1696403,1515,Yew logs
1766275200,142,135,7753338,2871510,1515,Yew logs
1766361600,145,141,7345562,2055638,1515,Yew logs
1766448000,142,141,6923445,2336559,1515,Yew logs
1766534400,153,150,6831290,2967234,1515,Yew logs
1766620800,168,161,7382345,3665448,1515,Yew logs
1766707200,160,161,6314450,2950552,1515,Yew logs
1766793600,150,147,5209271,2265540,1515,Yew logs
1766880000,164,159,6385016,4487584,1515,Yew logs
1766966400,162,159,6587152,3378891,1515,Yew logs
1767052800,170,165,7781035,3669625,1515,Yew logs
1767139200,181,174,6983176,3817330,1515,Yew logs
1767225600,188,184,7125910,4458339,1515,Yew logs
1767312000,192,185,7030660,4316418,1515,Yew logs
1767398400,192,186,7298572,4422416,1515,Yew logs
1767484800,197,192,8623379,5202457,1515,Yew logs
1767571200,197,192,8890655,3365623,1515,Yew logs
1767657600,204,199,9872216,3311600,1515,Yew logs
1767744000,204,198,13009186,2690790,1515,Yew logs
1767830400,201,195,13680617,2800341,1515,Yew logs
1767916800,196,190,13962789,3039574,1515,Yew logs
1768003200,189,182,13527312,2218821,1515,Yew logs
1768089600,191,184,16371077,2451073,1515,Yew logs
1768176000,189,184,15310384,3676939,1515,Yew logs
1768262400,185,180,14006849,1924091,1515,Yew logs
1768348800,186,180,13890088,2821547,1515,Yew logs
1768435200,192,183,15225730,3734649,1515,Yew logs
1768521600,181,174,17527989,1314922,1515,Yew logs
1768608000,170,162,18440184,1542606,1515,Yew logs
1768694400,168,162,21437486,2128280,1515,Yew logs
1768780800,161,156,19368663,1689071,1515,Yew logs
1768867200,152,129,17295782,3838480,1515,Yew logs
1768953600,146,140,13274396,1580082,1515,Yew logs
1769040000,148,142,16248311,2709678,1515,Yew logs
1769126400,150,148,14211658,3536501,1515,Yew logs
1769212800,158,153,14971713,4101162,1515,Yew logs
1769299200,142,140,22044484,3069349,1515,Yew logs
1769385600,129,119,21930700,2320480,1515,Yew logs
1769472000,135,132,11201094,3306778,1515,Yew logs
1769558400,142,140,7338099,3880715,1515,Yew logs
1769644800,149,143,6972793,4081232,1515,Yew logs
1769731200,143,141,5420873,3074907,1515,Yew logs
1769817600,152,148,5021595,3921715,1515,Yew logs
1769904000,148,146,3108303,4185047,1515,Yew logs
1769990400,145,143,4100424,2315275,1515,Yew logs
1770076800,147,145,2622698,2955385,1515,Yew logs
1770163200,147,145,3471601,2950234,1515,Yew logs
1770249600,144,141,4661984,2655746,1515,Yew logs
1770336000,144,141,4392416,3337343,1515,Yew logs
1770422400,138,135,7552588,2755325,1515,Yew logs
1770508800,137,134,6030256,3309173,1515,Yew logs
1770595200,134,131,5111952,2854378,1515,Yew logs
1770681600,133,130,4015992,2619296,1515,Yew logs
1770768000,137,134,3446772,2974837,1515,Yew logs
1770854400,139,137,2816765,3178695,1515,Yew logs
1770940800,137,134,3031773,2472977,1515,Yew logs
1771027200,136,133,3883803,2299690,1515,Yew logs
1771113600,130,127,5807344,2520732,1515,Yew logs
1771200000,128,125,5359307,2149557,1515,Yew logs
1771286400,123,125,5285730,2815637,1515,Yew logs
1771372800,131,128,3403233,3746313,1515,Yew logs
1771459200,132,129,3310743,2766767,1515,Yew logs
1771545600,131,128,3593983,2888073,1515,Yew logs
1771632000,128,126,3051111,2998083,1515,Yew logs
1771718400,122,121,6969278,2434094,1515,Yew logs
1771804800,118,114,7909034,2514925,1515,Yew logs
1771891200,119,117,5195741,2879905,1515,Yew logs
1771977600,124,120,3978712,3096707,1515,Yew logs
1772064000,122,120,6265279,2510513,1515,Yew logs
1772150400,119,116,5624871,2278943,1515,Yew logs
1772236800,100,103,8813676,4260073,1515,Yew logs
1772323200,110,107,8604225,2201802,1515,Yew logs
1772409600,109,106,6312077,1956635,1515,Yew logs
1772496000,98,96,6567285,2552260,1515,Yew logs
1772582400,105,107,3893172,3068603,1515,Yew logs
1772668800,114,111,4935901,3175877,1515,Yew logs
1772755200,110,107,5099804,3325331,1515,Yew logs
1772841600,111,108,3703851,3359588,1515,Yew logs
1772928000,110,106,3945758,3613077,1515,Yew logs
1773014400,108,105,5124860,2931513,1515,Yew logs
1773100800,107,105,4167910,2770371,1515,Yew logs
1773187200,109,107,2230164,2910727,1515,Yew logs
1773273600,109,107,1839588,2580831,1515,Yew logs
1773360000,108,106,3324580,3122042,1515,Yew logs
1773446400,106,103,4863316,3711170,1515,Yew logs
1773532800,98,98,10408763,2907138,1515,Yew logs
1773619200,101,99,4272305,2795727,1515,Yew logs
1773705600,103,102,5476858,3328909,1515,Yew logs
1773792000,105,103,4917454,2544387,1515,Yew logs
1773878400,104,102,3905492,2350426,1515,Yew logs
1773964800,104,101,3978026,2681149,1515,Yew logs
1774051200,103,100,4045218,2604735,1515,Yew logs
1774137600,102,97,4470569,4422012,1515,Yew logs
1774224000,102,98,3552495,2597471,1515,Yew logs
1774310400,103,101,3074016,2543241,1515,Yew logs
1774396800,105,103,2179847,3148758,1515,Yew logs
1774483200,106,104,2312041,3541429,1515,Yew logs
1774569600,106,104,2507676,2839251,1515,Yew logs
1774656000,106,104,2905546,3112229,1515,Yew logs
1774742400,105,103,2675934,3267465,1515,Yew logs
1774828800,105,102,2333113,2932732,1515,Yew logs
1774915200,105,103,2760050,2536433,1515,Yew logs
1775001600,105,103,3706688,3477571,1515,Yew logs
1775088000,106,104,2579651,2863875,1515,Yew logs
1775174400,106,104,2894668,2925118,1515,Yew logs
1775260800,105,103,3017733,2559468,1515,Yew logs
1775347200,105,103,3252096,3837492,1515,Yew logs
1775433600,104,104,3223697,3822542,1515,Yew logs
1775520000,105,104,3909850,3906746,1515,Yew logs
1775606400,106,104,2392455,3366675,1515,Yew logs
1775692800,105,104,2870388,2876962,1515,Yew logs
1775779200,106,103,2958981,2886966,1515,Yew logs
1775865600,105,103,2295960,2991549,1515,Yew logs
1775952000,105,103,3109417,3182851,1515,Yew logs
1776038400,100,100,4560407,4598332,1515,Yew logs
1776124800,105,104,2431044,2554332,1515,Yew logs
1776211200,106,104,3067739,4439912,1515,Yew logs
1776297600,107,106,2001260,1671710,1515,Yew logs
1776384000,107,105,2620630,2669330,1515,Yew logs
1776470400,108,106,1655696,2131837,1515,Yew logs
1776556800,108,106,1416852,1697276,1515,Yew logs
1776643200,108,106,1659752,1995615,1515,Yew logs
1776729600,109,107,1296393,1875393,1515,Yew logs
1776816000,110,108,1616684,2044576,1515,Yew logs
1776902400,112,109,1677537,2177761,1515,Yew logs
1776988800,113,112,2217884,1797627,1515,Yew logs
1777075200,114,112,2020438,2060378,1515,Yew logs
1777161600,116,114,1763853,2044136,1515,Yew logs
1777248000,115,114,1452071,2375773,1515,Yew logs
1777334400,115,113,1628209,2154119,1515,Yew logs
1777420800,115,114,2136301,1872141,1515,Yew logs
1777507200,116,114,1549716,2811968,1515,Yew logs
1777593600,117,116,1490674,2118601,1515,Yew logs
1777680000,119,118,1131700,3020212,1515,Yew logs
1777766400,118,117,2177711,2404038,1515,Yew logs
1777852800,123,120,2094433,2343905,1515,Yew logs
1777939200,125,123,1782290,1960170,1515,Yew logs
1778025600,125,123,1756373,1773543,1515,Yew logs
1778112000,126,125,2249954,2210375,1515,Yew logs
1778198400,129,126,1225730,3090283,1515,Yew logs
1778284800,128,127,2199136,2596137,1515,Yew logs
1778371200,130,129,1729649,1877235,1515,Yew logs
1778457600,132,130,3338513,1959747,1515,Yew logs
1778544000,131,129,3339350,1943132,1515,Yew logs
1778630400,132,131,2181336,2589673,1515,Yew logs
1778716800,131,130,3668237,1921091,1515,Yew logs
1778803200,130,128,2880067,2021297,1515,Yew logs
1778889600,130,129,2712723,2044571,1515,Yew logs
1778976000,131,130,2809295,2278265,1515,Yew logs
1779062400,129,125,2956909,3438951,1515,Yew logs
1779148800,127,125,2771879,1910401,1515,Yew logs
1779235200,124,121,2982585,1879614,1515,Yew logs
1779321600,122,120,2321028,1772003,1515,Yew logs
1779408000,126,123,1586291,2275826,1515,Yew logs
1779494400,122,121,2868564,2470050,1515,Yew logs
1779580800,122,120,2810365,2542742,1515,Yew logs
1779667200,123,117,2513897,3364027,1515,Yew logs
1779753600,120,119,1930405,1844174,1515,Yew logs
1779840000,122,120,1832102,1748400,1515,Yew logs
1779926400,121,119,1716950,2232443,1515,Yew logs
1780012800,122,119,1853398,2833814,1515,Yew logs
1780099200,123,120,1602180,2114116,1515,Yew logs
1780185600,123,121,1777791,2491528,1515,Yew logs
1780272000,121,120,2099459,1900025,1515,Yew logs
1780358400,121,119,1655062,2062744,1515,Yew logs
1780444800,121,120,2791329,1735776,1515,Yew logs
1780531200,120,119,3149103,1933988,1515,Yew logs
1780617600,120,119,3385319,2506760,1515,Yew logs
1780704000,122,121,2070424,3199182,1515,Yew logs
1780790400,122,120,2169667,2745493,1515,Yew logs
1780876800,123,120,2699760,2687825,1515,Yew logs
1780963200,123,122,1566433,2142487,1515,Yew logs
1781049600,122,120,2626809,1900246,1515,Yew logs
1781136000,122,120,2946882,2191743,1515,Yew logs
1781222400,122,120,1963467,2202149,1515,Yew logs
1781308800,122,121,2913488,2371437,1515,Yew logs
1781395200,122,120,3088137,2392742,1515,Yew logs
1781481600,121,119,3509394,2460793,1515,Yew logs
1781568000,121,120,2075834,2091492,1515,Yew logs
1781654400,121,120,1969483,2319847,1515,Yew logs
1781740800,121,120,2002859,2459385,1515,Yew logs
1781827200,122,121,3195381,2126619,1515,Yew logs
1781913600,123,122,1891234,2401586,1515,Yew logs
1782000000,122,120,3356005,3104064,1515,Yew logs
1782086400,121,120,2042560,2683739,1515,Yew logs
1782172800,121,121,1466023,2254844,1515,Yew logs
1782259200,121,117,2115776,3504151,1515,Yew logs
1782345600,121,120,2070048,2124538,1515,Yew logs
1782432000,115,116,3923937,3498206,1515,Yew logs
1782518400,120,118,2273817,2224296,1515,Yew logs
1782604800,119,118,2163090,2602242,1515,Yew logs
1782691200,118,115,3145769,4116662,1515,Yew logs
1782777600,116,117,2085591,2357552,1515,Yew logs
1782864000,119,117,2932921,3259130,1515,Yew logs
1782950400,117,115,3478272,3963738,1515,Yew logs
1783036800,116,113,3263752,2484857,1515,Yew logs
1783123200,115,114,2062539,3011801,1515,Yew logs
1783209600,115,113,3123805,2716077,1515,Yew logs
1783296000,115,113,2659112,2615315,1515,Yew logs
1783382400,113,111,2324424,1984293,1515,Yew logs
1783468800,111,110,2981953,2109367,1515,Yew logs
1783555200,115,112,2094635,2787187,1515,Yew logs
1783641600,115,113,1711454,2380563,1515,Yew logs
1783728000,114,113,2655279,2679170,1515,Yew logs
1783814400,115,112,2835510,2891297,1515,Yew logs
1783900800,116,113,2410754,2784095,1515,Yew logs
1783987200,115,114,1835735,2247189,1515,Yew logs
1784073600,115,113,2709255,2127285,1515,Yew logs
1784160000,116,114,2099117,2304182,1515,Yew logs
1784246400,116,114,1594582,2027332,1515,Yew logs
1784332800,117,115,1575236,2800885,1515,Yew logs
1784419200,116,115,2470079,2328660,1515,Yew logs
1784505600,116,114,2175780,2963900,1515,Yew logs
1784592000,116,115,1853264,2074935,1515,Yew logs
1784678400,116,115,1980569,2316973,1515,Yew logs
1784764800,117,115,1464373,2346432,1515,Yew logs
1784851200,116,114,1828816,2302476,1515,Yew logs
1784937600,116,114,2105259,3148511,1515,Yew logs
1785024000,115,114,1950642,2727854,1515,Yew logs
1785110400,116,115,1853564,2516727,1515,Yew logs
1785196800,116,114,1826863,2479237,1515,Yew logs
1785283200,116,115,2173788,2010675,1515,Yew logs
1785369600,117,114,1543379,2584132,1515,Yew logs
1785456000,114,113,2384417,2470550,1515,Yew logs
1785542400,112,111,2213717,2572189,1515,Yew logs
1785628800,109,108,2082147,2776921,1515,Yew logs
1785715200,109,108,2251446,2478919,1515,Yew logs
1785801600,109,107,2274681,2573420,1515,Yew logs
1785888000,111,110,1490775,2489966,1515,Yew logs
1785974400,114,112,2217522,3275512,1515,Yew logs
1786060800,114,112,1936254,2408282,1515,Yew logs
1786147200,114,113,1557808,2762456,1515,Yew logs
1786233600,115,114,1714082,2752687,1515,Yew logs
1786320000,114,112,1776196,2740733,1515,Yew logs
1786406400,113,110,1505073,3645852,1515,Yew logs
1786492800,112,111,1613764,2210377,1515,Yew logs
1786579200,113,111,1547008,2292188,1515,Yew logs
1786665600,112,111,1796463,2143431,1515,Yew logs
1786752000,114,112,1576916,2575975,1515,Yew logs
1786838400,113,111,3024215,2813848,1515,Yew logs
1786924800,113,111,2405742,2301954,1515,Yew logs
1787011200,113,111,2167136,2439881,1515,Yew logs
1787097600,113,111,1748537,2205690,1515,Yew logs
1787184000,109,109,2460764,2829753,1515,Yew logs
1787270400,111,109,1628808,2378589,1515,Yew logs
1787356800,111,109,1794412,2337090,1515,Yew logs
1787443200,111,109,1760219,1963179,1515,Yew logs
1787529600,112,109,1566452,1802252,1515,Yew logs
1787616000,113,111,1374038,1965767,1515,Yew logs
1756166400,166,161,1044673,508945,373,Swordfish
1756252800,166,162,911432,576417,373,Swordfish
1756339200,167,163,926719,594601,373,Swordfish
1756425600,168,164,902841,581657,373,Swordfish
1756512000,169,165,972388,702402,373,Swordfish
1756598400,169,166,1046539,571541,373,Swordfish
1756684800,167,164,1151314,802049,373,Swordfish
1756771200,169,165,885662,738124,373,Swordfish
1756857600,168,163,970803,723223,373,Swordfish
1756944000,166,163,870799,576300,373,Swordfish
1757030400,167,163,971553,763426,373,Swordfish
1757116800,166,162,1024605,789454,373,Swordfish
1757203200,165,162,1232847,682671,373,Swordfish
1757289600,168,163,971972,790058,373,Swordfish
1757376000,173,170,704243,728430,373,Swordfish
1757462400,180,175,984007,721109,373,Swordfish
1757548800,177,173,757626,626322,373,Swordfish
1757635200,175,172,861293,467541,373,Swordfish
1757721600,175,170,993272,628768,373,Swordfish
1757808000,175,171,931898,665290,373,Swordfish
1757894400,177,172,798998,602091,373,Swordfish
1757980800,178,174,1021405,541469,373,Swordfish
1758067200,182,174,1066775,613902,373,Swordfish
1758153600,182,177,1043083,599613,373,Swordfish
1758240000,180,175,750796,408006,373,Swordfish
1758326400,179,174,795448,495488,373,Swordfish
1758412800,179,174,813253,521340,373,Swordfish
1758499200,176,172,695555,500394,373,Swordfish
1758585600,172,169,601111,417890,373,Swordfish
1758672000,170,165,637186,371023,373,Swordfish
1758758400,164,159,827672,423992,373,Swordfish
1758844800,163,159,595824,514824,373,Swordfish
1758931200,161,156,698796,502770,373,Swordfish
1759017600,156,151,917585,524198,373,Swordfish
1759104000,155,152,748780,429900,373,Swordfish
1759190400,155,152,643897,493600,373,Swordfish
1759276800,153,150,684514,383745,373,Swordfish
1759363200,154,151,505074,480014,373,Swordfish
1759449600,153,150,623870,450456,373,Swordfish
1759536000,150,147,796481,374790,373,Swordfish
1759622400,149,147,798499,456142,373,Swordfish
1759708800,149,144,788771,506932,373,Swordfish
1759795200,150,147,584902,419787,373,Swordfish
1759881600,151,146,684066,492952,373,Swordfish
1759968000,153,151,520369,424219,373,Swordfish
1760054400,153,150,770306,384591,373,Swordfish
1760140800,152,149,564271,506763,373,Swordfish
1760227200,153,148,601326,396744,373,Swordfish
1760313600,151,147,710115,445000,373,Swordfish
1760400000,149,145,531692,346526,373,Swordfish
1760486400,150,146,460540,342661,373,Swordfish
1760572800,154,150,460328,313407,373,Swordfish
1760659200,144,146,564897,456248,373,Swordfish
1760745600,155,150,518632,387360,373,Swordfish
1760832000,152,148,547023,474890,373,Swordfish
1760918400,150,146,649338,350168,373,Swordfish
1761004800,152,147,705732,420845,373,Swordfish
1761091200,148,145,649941,280645,373,Swordfish
1761177600,152,147,457538,439567,373,Swordfish
1761264000,150,146,687755,370810,373,Swordfish
1761350400,150,147,625924,395588,373,Swordfish
1761436800,152,149,632751,451051,373,Swordfish
1761523200,152,149,537009,454830,373,Swordfish
1761609600,153,149,535126,423664,373,Swordfish
1761696000,154,151,501445,359455,373,Swordfish
1761782400,154,151,593089,369415,373,Swordfish
1761868800,154,150,574244,377669,373,Swordfish
1761955200,153,150,738173,438471,373,Swordfish
1762041600,155,152,649393,549913,373,Swordfish
1762128000,156,152,542010,525805,373,Swordfish
1762214400,154,150,683628,572470,373,Swordfish
1762300800,155,153,618246,399524,373,Swordfish
1762387200,152,148,797704,355210,373,Swordfish
1762473600,142,137,544837,385254,373,Swordfish
1762560000,137,133,560935,344674,373,Swordfish
1762646400,135,130,672322,367361,373,Swordfish
1762732800,129,126,635011,313646,373,Swordfish
1762819200,133,129,569360,621568,373,Swordfish
1762905600,136,131,574616,562198,373,Swordfish
1762992000,131,130,513800,272579,373,Swordfish
1763078400,131,123,507451,358653,373,Swordfish
1763164800,131,128,572419,342859,373,Swordfish
1763251200,130,128,639253,318591,373,Swordfish
1763337600,130,127,557511,301497,373,Swordfish
1763424000,130,126,478399,312476,373,Swordfish
1763510400,130,126,375741,218157,373,Swordfish
1763596800,130,127,291110,152788,373,Swordfish
1763683200,132,128,601777,299840,373,Swordfish
1763769600,150,140,655318,488640,373,Swordfish
1763856000,143,137,789223,419666,373,Swordfish
1763942400,145,139,538949,435992,373,Swordfish
1764028800,151,144,901031,403744,373,Swordfish
1764115200,152,147,744919,382221,373,Swordfish
1764201600,158,151,656336,486590,373,Swordfish
1764288000,162,155,691752,507355,373,Swordfish
1764374400,163,153,984028,351429,373,Swordfish
1764460800,164,160,850096,441602,373,Swordfish
1764547200,169,163,784921,434947,373,Swordfish
1764633600,180,173,759734,707772,373,Swordfish
1764720000,183,176,788997,611174,373,Swordfish
1764806400,187,180,847811,722768,373,Swordfish
1764892800,188,183,657917,426975,373,Swordfish
1764979200,185,179,807694,428731,373,Swordfish
1765065600,193,186,1178285,874613,373,Swordfish
1765152000,203,192,938929,858526,373,Swordfish
1765238400,206,197,1050293,721762,373,Swordfish
1765324800,219,207,916854,945106,373,Swordfish
1765411200,241,230,1057019,903121,373,Swordfish
1765497600,269,254,1109629,908604,373,Swordfish
1765584000,251,241,1265518,794859,373,Swordfish
1765670400,232,225,1174293,443833,373,Swordfish
1765756800,234,226,1322981,566629,373,Swordfish
1765843200,244,236,1156679,475881,373,Swordfish
1765929600,287,272,1174820,1129007,373,Swordfish
1766016000,283,271,949091,918182,373,Swordfish
1766102400,271,262,1218027,749238,373,Swordfish
1766188800,267,260,1253034,513952,373,Swordfish
1766275200,289,276,1971599,1169095,373,Swordfish
1766361600,287,276,1633548,750583,373,Swordfish
1766448000,280,270,1811036,871085,373,Swordfish
1766534400,278,269,1353768,847344,373,Swordfish
1766620800,279,270,1237430,698548,373,Swordfish
1766707200,281,274,1432018,808121,373,Swordfish
1766793600,340,336,1476696,1271073,373,Swordfish
1766880000,342,325,1458040,1086362,373,Swordfish
1766966400,301,292,1498022,611653,373,Swordfish
1767052800,304,296,1441020,797327,373,Swordfish
1767139200,340,328,1322274,1055470,373,Swordfish
1767225600,325,316,1138208,707408,373,Swordfish
1767312000,294,284,1225058,645866,373,Swordfish
1767398400,265,256,1281007,589914,373,Swordfish
1767484800,263,253,1409246,867027,373,Swordfish
1767571200,255,246,1284174,551512,373,Swordfish
1767657600,251,242,1330909,463419,373,Swordfish
1767744000,247,240,1066996,544533,373,Swordfish
1767830400,239,231,1017742,694065,373,Swordfish
1767916800,239,232,1005177,542519,373,Swordfish
1768003200,222,215,1165722,539564,373,Swordfish
1768089600,220,213,1116016,681180,373,Swordfish
1768176000,211,203,1164172,596464,373,Swordfish
1768262400,215,208,1112210,614480,373,Swordfish
1768348800,206,197,1192155,427197,373,Swordfish
1768435200,222,213,1298804,913813,373,Swordfish
1768521600,224,217,1228269,658442,373,Swordfish
1768608000,232,226,1012559,782304,373,Swordfish
1768694400,259,248,1043633,988226,373,Swordfish
1768780800,266,257,1002277,1047428,373,Swordfish
1768867200,282,271,832034,1017654,373,Swordfish
1768953600,282,272,898583,933954,373,Swordfish
1769040000,266,260,895358,592105,373,Swordfish
1769126400,252,243,854404,511844,373,Swordfish
1769212800,234,226,887384,606228,373,Swordfish
1769299200,231,225,862457,532003,373,Swordfish
1769385600,210,207,974456,617177,373,Swordfish
1769472000,208,201,844520,576916,373,Swordfish
1769558400,203,196,705224,454783,373,Swordfish
1769644800,190,185,780855,366372,373,Swordfish
1769731200,192,187,690353,377294,373,Swordfish
1769817600,193,187,659791,433670,373,Swordfish
1769904000,201,196,619582,457197,373,Swordfish
1769990400,200,195,622868,511306,373,Swordfish
1770076800,196,191,533173,353696,373,Swordfish
1770163200,196,191,452039,369211,373,Swordfish
1770249600,199,194,482492,366953,373,Swordfish
1770336000,205,197,464890,662481,373,Swordfish
1770422400,207,201,565993,473750,373,Swordfish
1770508800,214,207,643816,537594,373,Swordfish
1770595200,213,208,523732,483541,373,Swordfish
1770681600,211,204,561675,430003,373,Swordfish
1770768000,204,200,512235,333307,373,Swordfish
1770854400,203,198,682305,412944,373,Swordfish
1770940800,205,200,515145,277292,373,Swordfish
1771027200,212,205,540020,457437,373,Swordfish
1771113600,212,207,569700,552925,373,Swordfish
1771200000,206,201,599777,411411,373,Swordfish
1771286400,207,201,533519,325437,373,Swordfish
1771372800,206,199,522157,402397,373,Swordfish
1771459200,205,199,490904,386798,373,Swordfish
1771545600,204,198,480480,319166,373,Swordfish
1771632000,206,199,556823,438985,373,Swordfish
1771718400,210,204,567778,559087,373,Swordfish
1771804800,212,206,623193,564326,373,Swordfish
1771891200,212,206,498134,441086,373,Swordfish
1771977600,210,204,586472,429246,373,Swordfish
1772064000,207,202,497399,370027,373,Swordfish
1772150400,208,201,515154,412907,373,Swordfish
1772236800,210,205,517859,466652,373,Swordfish
1772323200,203,199,840554,439066,373,Swordfish
1772409600,204,199,521381,364582,373,Swordfish
1772496000,198,191,451775,510938,373,Swordfish
1772582400,200,195,429421,286538,373,Swordfish
1772668800,200,194,379756,332916,373,Swordfish
1772755200,192,186,502696,292120,373,Swordfish
1772841600,188,182,791082,280182,373,Swordfish
1772928000,188,178,603249,499823,373,Swordfish
1773014400,193,187,428279,495162,373,Swordfish
1773100800,199,191,418643,460408,373,Swordfish
1773187200,197,192,420128,381956,373,Swordfish
1773273600,196,190,439277,375272,373,Swordfish
1773360000,195,190,330139,378246,373,Swordfish
1773446400,197,193,437971,454433,373,Swordfish
1773532800,196,190,574048,435945,373,Swordfish
1773619200,196,192,464345,286425,373,Swordfish
1773705600,200,195,414371,339338,373,Swordfish
1773792000,203,198,367518,394616,373,Swordfish
1773878400,201,196,420338,327091,373,Swordfish
1773964800,201,195,436967,290340,373,Swordfish
1774051200,202,198,393735,279880,373,Swordfish
1774137600,203,198,416656,445690,373,Swordfish
1774224000,202,198,368924,270241,373,Swordfish
1774310400,202,197,370470,271884,373,Swordfish
1774396800,201,197,322795,243905,373,Swordfish
1774483200,200,191,464413,302499,373,Swordfish
1774569600,199,193,424458,247453,373,Swordfish
1774656000,196,189,515544,414888,373,Swordfish
1774742400,195,191,472677,255326,373,Swordfish
1774828800,197,192,390270,359450,373,Swordfish
1774915200,196,194,369681,189300,373,Swordfish
1775001600,199,195,363319,268118,373,Swordfish
1775088000,199,195,383027,217986,373,Swordfish
1775174400,200,195,363770,291043,373,Swordfish
1775260800,204,199,382132,286097,373,Swordfish
1775347200,201,196,370794,351129,373,Swordfish
1775433600,199,193,426390,304879,373,Swordfish
1775520000,198,193,353877,334345,373,Swordfish
1775606400,201,196,388349,232107,373,Swordfish
1775692800,200,195,344782,293162,373,Swordfish
1775779200,206,199,337173,292893,373,Swordfish
1775865600,203,198,484901,299877,373,Swordfish
1775952000,197,194,659204,434374,373,Swordfish
1776038400,199,194,370884,323469,373,Swordfish
1776124800,193,191,519774,238270,373,Swordfish
1776211200,195,191,368198,239732,373,Swordfish
1776297600,194,189,287750,211473,373,Swordfish
1776384000,197,193,339296,201138,373,Swordfish
1776470400,197,192,336538,244359,373,Swordfish
1776556800,194,191,372033,224926,373,Swordfish
1776643200,197,192,313265,212701,373,Swordfish
1776729600,196,189,233656,216237,373,Swordfish
1776816000,196,192,271957,189878,373,Swordfish
1776902400,197,191,314315,190741,373,Swordfish
1776988800,200,194,284193,296980,373,Swordfish
1777075200,202,196,388833,192094,373,Swordfish
1777161600,204,196,403020,392503,373,Swordfish
1777248000,202,195,394120,219481,373,Swordfish
1777334400,199,193,341008,245503,373,Swordfish
1777420800,200,194,377663,278430,373,Swordfish
1777507200,204,197,395855,500362,373,Swordfish
1777593600,204,192,328689,462259,373,Swordfish
1777680000,206,200,419747,319409,373,Swordfish
1777766400,206,200,487584,327119,373,Swordfish
1777852800,206,199,301727,269328,373,Swordfish
1777939200,203,197,238818,269818,373,Swordfish
1778025600,202,196,265265,221907,373,Swordfish
1778112000,203,197,308773,153762,373,Swordfish
1778198400,203,194,252302,415679,373,Swordfish
1778284800,201,196,396201,278932,373,Swordfish
1778371200,201,195,342833,240509,373,Swordfish
1778457600,203,196,229865,291238,373,Swordfish
1778544000,201,196,311476,215797,373,Swordfish
1778630400,194,191,376418,263905,373,Swordfish
1778716800,197,192,257967,215388,373,Swordfish
1778803200,199,193,288090,275612,373,Swordfish
1778889600,198,194,360342,217665,373,Swordfish
1778976000,197,193,297003,246219,373,Swordfish
1779062400,198,193,355518,283834,373,Swordfish
1779148800,199,194,218718,212808,373,Swordfish
1779235200,200,193,247687,252690,373,Swordfish
1779321600,200,194,313987,171894,373,Swordfish
1779408000,201,195,264292,294560,373,Swordfish
1779494400,201,195,369765,160105,373,Swordfish
1779580800,201,198,303801,293645,373,Swordfish
1779667200,202,198,361333,245787,373,Swordfish
1779753600,201,194,343506,330505,373,Swordfish
1779840000,199,194,298436,174505,373,Swordfish
1779926400,200,194,282311,234844,373,Swordfish
1780012800,197,192,248292,241322,373,Swordfish
1780099200,193,188,444721,291755,373,Swordfish
1780185600,195,189,409118,276207,373,Swordfish
1780272000,194,188,346992,220352,373,Swordfish
1780358400,193,187,369657,262153,373,Swordfish
1780444800,193,189,449901,200000,373,Swordfish
1780531200,197,191,314857,226636,373,Swordfish
1780617600,196,191,322247,291317,373,Swordfish
1780704000,198,191,318994,282856,373,Swordfish
1780790400,196,192,339163,396288,373,Swordfish
1780876800,198,193,316971,290088,373,Swordfish
1780963200,200,193,320442,259865,373,Swordfish
1781049600,201,194,374738,239733,373,Swordfish
1781136000,199,193,332469,318835,373,Swordfish
1781222400,198,192,293632,379083,373,Swordfish
1781308800,197,192,275034,261909,373,Swordfish
1781395200,198,192,323224,295042,373,Swordfish
1781481600,197,191,311248,259658,373,Swordfish
1781568000,198,194,345593,215703,373,Swordfish
1781654400,199,195,347778,307844,373,Swordfish
1781740800,203,197,277852,316473,373,Swordfish
1781827200,203,197,308212,276705,373,Swordfish
1781913600,205,199,374622,288144,373,Swordfish
1782000000,207,201,310279,308088,373,Swordfish
1782086400,206,200,446393,311236,373,Swordfish
1782172800,205,199,417758,301122,373,Swordfish
1782259200,199,194,368947,400462,373,Swordfish
1782345600,201,196,308276,234957,373,Swordfish
1782432000,200,194,361463,327970,373,Swordfish
1782518400,200,193,323699,319139,373,Swordfish
1782604800,201,195,396357,313975,373,Swordfish
1782691200,200,194,339626,318609,373,Swordfish
1782777600,197,193,318981,268889,373,Swordfish
1782864000,194,188,358866,372197,373,Swordfish
1782950400,198,192,361401,303814,373,Swordfish
1783036800,197,193,417333,292245,373,Swordfish
1783123200,198,190,365342,446394,373,Swordfish
1783209600,197,192,410595,354252,373,Swordfish
1783296000,197,193,366054,297288,373,Swordfish
1783382400,198,193,365621,288663,373,Swordfish
1783468800,199,192,403408,409640,373,Swordfish
1783555200,198,194,345277,279730,373,Swordfish
1783641600,199,193,275540,249057,373,Swordfish
1783728000,198,193,380898,365509,373,Swordfish
1783814400,197,192,467760,273395,373,Swordfish
1783900800,196,191,379082,314605,373,Swordfish
1783987200,198,193,366778,276564,373,Swordfish
1784073600,197,193,363465,289925,373,Swordfish
1784160000,196,192,307635,222714,373,Swordfish
1784246400,196,192,365031,313109,373,Swordfish
1784332800,198,193,366252,293606,373,Swordfish
1784419200,198,194,466968,288964,373,Swordfish
1784505600,198,193,295666,325031,373,Swordfish
1784592000,198,193,432375,315720,373,Swordfish
1784678400,198,193,338547,386229,373,Swordfish
1784764800,197,192,371942,394578,373,Swordfish
1784851200,198,192,470713,365763,373,Swordfish
1784937600,197,193,384631,372926,373,Swordfish
1785024000,198,193,384411,417524,373,Swordfish
1785110400,198,193,356986,277929,373,Swordfish
1785196800,198,193,345250,281044,373,Swordfish
1785283200,197,193,349505,251890,373,Swordfish
1785369600,199,194,253783,226917,373,Swordfish
1785456000,200,194,379553,370987,373,Swordfish
1785542400,203,198,425843,264248,373,Swordfish
1785628800,204,200,352594,379049,373,Swordfish
1785715200,202,196,359783,296498,373,Swordfish
1785801600,202,197,343589,256337,373,Swordfish
1785888000,200,196,326433,291037,373,Swordfish
1785974400,204,196,316263,379707,373,Swordfish
1786060800,202,198,353409,320037,373,Swordfish
1786147200,200,196,369240,309148,373,Swordfish
1786233600,202,197,421068,304316,373,Swordfish
1786320000,202,197,406142,284685,373,Swordfish
1786406400,202,197,392787,279085,373,Swordfish
1786492800,203,198,301865,234096,373,Swordfish
1786579200,202,197,336818,262330,373,Swordfish
1786665600,200,195,348382,348583,373,Swordfish
1786752000,201,197,375140,213581,373,Swordfish
1786838400,202,196,403466,363248,373,Swordfish
1786924800,202,197,282015,270537,373,Swordfish
1787011200,189,194,402796,248124,373,Swordfish
1787097600,200,195,330146,297497,373,Swordfish
1787184000,200,196,302416,222920,373,Swordfish
1787270400,201,197,304728,287225,373,Swordfish
1787356800,200,194,305955,361639,373,Swordfish
1787443200,201,195,340070,362819,373,Swordfish
1787529600,200,196,332983,282156,373,Swordfish
1787616000,200,196,305281,201337,373,Swordfish
1756166400,1227,1205,1003366,301501,1660,Ruby necklace
1756252800,1222,1206,549980,286906,1660,Ruby necklace
1756339200,1208,1191,555941,241205,1660,Ruby necklace
1756425600,1197,1181,822849,282572,1660,Ruby necklace
1756512000,1182,1169,722107,171128,1660,Ruby necklace
1756598400,1165,1150,650370,278828,1660,Ruby necklace
1756684800,1172,1153,650854,455628,1660,Ruby necklace
1756771200,1174,1153,763973,317266,1660,Ruby necklace
1756857600,1184,1173,895753,310572,1660,Ruby necklace
1756944000,1202,1182,646749,473307,1660,Ruby necklace
1757030400,1191,1172,604421,204623,1660,Ruby necklace
1757116800,1181,1164,356870,118489,1660,Ruby necklace
1757203200,1166,1144,328112,149785,1660,Ruby necklace
1757289600,1149,1126,358825,158560,1660,Ruby necklace
1757376000,1137,1126,297469,239854,1660,Ruby necklace
1757462400,1135,1119,336504,320344,1660,Ruby necklace
1757548800,1134,1120,533951,261575,1660,Ruby necklace
1757635200,1140,1127,558085,444603,1660,Ruby necklace
1757721600,1168,1152,776755,314174,1660,Ruby necklace
1757808000,1181,1164,591654,245518,1660,Ruby necklace
1757894400,1210,1198,517432,366176,1660,Ruby necklace
1757980800,1212,1189,291707,314568,1660,Ruby necklace
1758067200,1200,1182,380143,264361,1660,Ruby necklace
1758153600,1185,1178,336593,294306,1660,Ruby necklace
1758240000,1167,1158,271265,281694,1660,Ruby necklace
1758326400,1125,1112,390412,169671,1660,Ruby necklace
1758412800,1132,1116,343312,155433,1660,Ruby necklace
1758499200,1122,1100,394820,238316,1660,Ruby necklace
1758585600,1099,1081,572340,253478,1660,Ruby necklace
1758672000,1087,1077,509705,260324,1660,Ruby necklace
1758758400,1068,1046,688133,245645,1660,Ruby necklace
1758844800,1098,1083,757931,356468,1660,Ruby necklace
1758931200,1129,1102,483490,518780,1660,Ruby necklace
1759017600,1132,1106,842351,497251,1660,Ruby necklace
1759104000,1114,1099,643067,474190,1660,Ruby necklace
1759190400,1095,1087,417730,617406,1660,Ruby necklace
1759276800,1083,1073,710070,492713,1660,Ruby necklace
1759363200,1087,1068,694428,614118,1660,Ruby necklace
1759449600,1092,1071,540515,640186,1660,Ruby necklace
1759536000,1083,1071,894753,572726,1660,Ruby necklace
1759622400,1050,1013,926457,643068,1660,Ruby necklace
1759708800,1078,1060,896957,756368,1660,Ruby necklace
1759795200,1107,1096,794326,748626,1660,Ruby necklace
1759881600,1129,1105,872973,752736,1660,Ruby necklace
1759968000,1146,1122,1053694,555224,1660,Ruby necklace
1760054400,1155,1129,1007123,789613,1660,Ruby necklace
1760140800,1159,1142,949136,637325,1660,Ruby necklace
1760227200,1152,1128,941815,606826,1660,Ruby necklace
1760313600,1152,1124,621666,395392,1660,Ruby necklace
1760400000,1131,1103,294482,267881,1660,Ruby necklace
1760486400,1114,1086,408421,190585,1660,Ruby necklace
1760572800,1107,1081,482894,197944,1660,Ruby necklace
1760659200,1109,1087,519354,436201,1660,Ruby necklace
1760745600,1111,1091,443905,417862,1660,Ruby necklace
1760832000,1113,1090,602533,432689,1660,Ruby necklace
1760918400,1108,1091,580924,579643,1660,Ruby necklace
1761004800,1112,1097,639577,640973,1660,Ruby necklace
1761091200,1119,1098,425594,449978,1660,Ruby necklace
1761177600,1127,1106,680815,474449,1660,Ruby necklace
1761264000,1150,1122,701788,384768,1660,Ruby necklace
1761350400,1149,1125,720138,564189,1660,Ruby necklace
1761436800,1147,1130,755225,602770,1660,Ruby necklace
1761523200,1141,1125,939501,521152,1660,Ruby necklace
1761609600,1138,1124,785031,546272,1660,Ruby necklace
1761696000,1131,1113,625857,359198,1660,Ruby necklace
1761782400,1144,1123,703359,545094,1660,Ruby necklace
1761868800,1139,1118,671331,623538,1660,Ruby necklace
1761955200,1134,1118,641045,514091,1660,Ruby necklace
1762041600,1129,1115,679066,599235,1660,Ruby necklace
1762128000,1125,1113,619504,640327,1660,Ruby necklace
1762214400,1129,1114,740589,676279,1660,Ruby necklace
1762300800,1142,1116,908478,492131,1660,Ruby necklace
1762387200,1135,1115,706116,627883,1660,Ruby necklace
1762473600,1129,1120,625625,707405,1660,Ruby necklace
1762560000,1122,1106,818461,938128,1660,Ruby necklace
1762646400,1114,1098,742128,1021249,1660,Ruby necklace
1762732800,1102,1095,657189,861850,1660,Ruby necklace
1762819200,1109,1089,866231,1171634,1660,Ruby necklace
1762905600,1104,1092,536397,733768,1660,Ruby necklace
1762992000,1115,1098,700111,694995,1660,Ruby necklace
1763078400,1135,1117,830397,640132,1660,Ruby necklace
1763164800,1163,1143,756799,468689,1660,Ruby necklace
1763251200,1160,1146,806292,579230,1660,Ruby necklace
1763337600,1124,1096,1164569,593226,1660,Ruby necklace
1763424000,1129,1107,785718,428455,1660,Ruby necklace
1763510400,1117,1098,516090,362061,1660,Ruby necklace
1763596800,1155,1128,351161,122325,1660,Ruby necklace
1763683200,1153,1133,902963,681709,1660,Ruby necklace
1763769600,1176,1161,660867,463913,1660,Ruby necklace
1763856000,1178,1179,780264,528106,1660,Ruby necklace
1763942400,1230,1201,481884,457903,1660,Ruby necklace
1764028800,1197,1182,751253,455714,1660,Ruby necklace
1764115200,1152,1128,733371,355676,1660,Ruby necklace
1764201600,1189,1286,671340,287323,1660,Ruby necklace
1764288000,1248,1202,354464,282597,1660,Ruby necklace
1764374400,1243,1251,488791,434441,1660,Ruby necklace
1764460800,1199,1172,574087,373426,1660,Ruby necklace
1764547200,1221,1198,318261,177286,1660,Ruby necklace
1764633600,1200,1183,434182,268960,1660,Ruby necklace
1764720000,1198,1171,343305,424854,1660,Ruby necklace
1764806400,1210,1192,523618,363041,1660,Ruby necklace
1764892800,1221,1202,530845,476717,1660,Ruby necklace
1764979200,1215,1196,517502,458375,1660,Ruby necklace
1765065600,1206,1191,356553,338555,1660,Ruby necklace
1765152000,1201,1188,460490,489413,1660,Ruby necklace
1765238400,1178,1154,662496,337866,1660,Ruby necklace
1765324800,1147,1129,602564,306733,1660,Ruby necklace
1765411200,1126,1112,667963,425686,1660,Ruby necklace
1765497600,1144,1123,470690,419586,1660,Ruby necklace
1765584000,1174,1146,530529,423304,1660,Ruby necklace
1765670400,1179,1158,429431,470186,1660,Ruby necklace
1765756800,1192,1167,378496,320072,1660,Ruby necklace
1765843200,1188,1155,477029,294054,1660,Ruby necklace
1765929600,1158,1136,640493,397530,1660,Ruby necklace
1766016000,1185,1162,737283,377694,1660,Ruby necklace
1766102400,1193,1165,557193,411911,1660,Ruby necklace
1766188800,1180,1160,501685,517045,1660,Ruby necklace
1766275200,1184,1177,562492,531425,1660,Ruby necklace
1766361600,1195,1169,338625,388405,1660,Ruby necklace
1766448000,1183,1166,454240,431483,1660,Ruby necklace
1766534400,1181,1165,396537,428285,1660,Ruby necklace
1766620800,1185,1165,541023,406386,1660,Ruby necklace
1766707200,1181,1160,552618,432989,1660,Ruby necklace
1766793600,1171,1147,754739,456342,1660,Ruby necklace
1766880000,1171,1149,572510,434082,1660,Ruby necklace
1766966400,1173,1150,378781,365080,1660,Ruby necklace
1767052800,1171,1146,707714,464611,1660,Ruby necklace
1767139200,1161,1140,486391,266250,1660,Ruby necklace
1767225600,1153,1135,518212,416903,1660,Ruby necklace
1767312000,1144,1126,452568,258078,1660,Ruby necklace
1767398400,1147,1129,492893,325975,1660,Ruby necklace
1767484800,1152,1130,431961,366446,1660,Ruby necklace
1767571200,1172,1139,558718,520936,1660,Ruby necklace
1767657600,1176,1154,639355,496275,1660,Ruby necklace
1767744000,1181,1155,560361,437207,1660,Ruby necklace
1767830400,1180,1157,586803,474772,1660,Ruby necklace
1767916800,1168,1152,790267,539269,1660,Ruby necklace
1768003200,1181,1156,628645,713398,1660,Ruby necklace
1768089600,1173,1153,664498,540393,1660,Ruby necklace
1768176000,1178,1157,756734,451628,1660,Ruby necklace
1768262400,1188,1170,516536,475772,1660,Ruby necklace
1768348800,1220,1198,511445,426556,1660,Ruby necklace
1768435200,1225,1196,692538,519838,1660,Ruby necklace
1768521600,1215,1199,839081,505617,1660,Ruby necklace
1768608000,1210,1188,813893,580156,1660,Ruby necklace
1768694400,1215,1197,932454,442114,1660,Ruby necklace
1768780800,1199,1174,967653,473670,1660,Ruby necklace
1768867200,1210,1190,608883,456681,1660,Ruby necklace
1768953600,1219,1195,512066,404838,1660,Ruby necklace
1769040000,1212,1194,502790,378440,1660,Ruby necklace
1769126400,1184,1165,775202,365743,1660,Ruby necklace
1769212800,1193,1176,505772,429981,1660,Ruby necklace
1769299200,1173,1152,730597,487629,1660,Ruby necklace
1769385600,1181,1159,683596,578351,1660,Ruby necklace
1769472000,1199,1179,449561,563261,1660,Ruby necklace
1769558400,1198,1176,539643,357618,1660,Ruby necklace
1769644800,1174,1143,614425,456296,1660,Ruby necklace
1769731200,1173,1146,432007,395044,1660,Ruby necklace
1769817600,1185,1160,362285,198854,1660,Ruby necklace
1769904000,1183,1161,470729,310447,1660,Ruby necklace
1769990400,1174,1158,653778,280839,1660,Ruby necklace
1770076800,1170,1153,464782,345768,1660,Ruby necklace
1770163200,1170,1145,394260,444901,1660,Ruby necklace
1770249600,1176,1151,511933,513300,1660,Ruby necklace
1770336000,1179,1159,251725,280454,1660,Ruby necklace
1770422400,1164,1146,393504,313839,1660,Ruby necklace
1770508800,1173,1154,345645,269575,1660,Ruby necklace
1770595200,1185,1169,344510,225591,1660,Ruby necklace
1770681600,1171,1148,426904,595970,1660,Ruby necklace
1770768000,1181,1153,351657,557504,1660,Ruby necklace
1770854400,1186,1166,411356,320345,1660,Ruby necklace
1770940800,1201,1174,292942,329044,1660,Ruby necklace
1771027200,1198,1179,326119,528435,1660,Ruby necklace
1771113600,1191,1179,261423,472917,1660,Ruby necklace
1771200000,1193,1178,268210,399856,1660,Ruby necklace
1771286400,1197,1183,245737,354662,1660,Ruby necklace
1771372800,1201,1187,211262,345663,1660,Ruby necklace
1771459200,1199,1189,226726,285937,1660,Ruby necklace
1771545600,1198,1187,156004,401796,1660,Ruby necklace
1771632000,1190,1176,306100,513967,1660,Ruby necklace
1771718400,1186,1170,400560,681391,1660,Ruby necklace
1771804800,1191,1173,446444,619327,1660,Ruby necklace
1771891200,1198,1175,483301,688962,1660,Ruby necklace
1771977600,1203,1181,408224,388370,1660,Ruby necklace
1772064000,1198,1183,399227,448023,1660,Ruby necklace
1772150400,1200,1186,347380,405522,1660,Ruby necklace
1772236800,1202,1185,360063,315544,1660,Ruby necklace
1772323200,1208,1193,262617,622591,1660,Ruby necklace
1772409600,1214,1196,389898,500271,1660,Ruby necklace
1772496000,1215,1196,240039,440962,1660,Ruby necklace
1772582400,1215,1195,298295,355450,1660,Ruby necklace
1772668800,1213,1196,462868,680554,1660,Ruby necklace
1772755200,1194,1182,792096,696523,1660,Ruby necklace
1772841600,1189,1177,352427,523663,1660,Ruby necklace
1772928000,1191,1177,448895,580349,1660,Ruby necklace
1773014400,1195,1184,446137,455377,1660,Ruby necklace
1773100800,1193,1181,621028,668019,1660,Ruby necklace
1773187200,1188,1171,412735,348879,1660,Ruby necklace
1773273600,1158,1141,648053,611419,1660,Ruby necklace
1773360000,1148,1132,638862,684799,1660,Ruby necklace
1773446400,1153,1132,537891,754185,1660,Ruby necklace
1773532800,1144,1130,372958,416679,1660,Ruby necklace
1773619200,1151,1137,457484,587949,1660,Ruby necklace
1773705600,1147,1129,394531,471979,1660,Ruby necklace
1773792000,1144,1132,317465,355454,1660,Ruby necklace
1773878400,1153,1131,460653,782909,1660,Ruby necklace
1773964800,1149,1133,353897,668114,1660,Ruby necklace
1774051200,1160,1141,338613,686284,1660,Ruby necklace
1774137600,1157,1137,376363,857993,1660,Ruby necklace
1774224000,1156,1135,225796,682610,1660,Ruby necklace
1774310400,1161,1140,276087,499549,1660,Ruby necklace
1774396800,1172,1146,303360,245620,1660,Ruby necklace
1774483200,1150,1134,646190,457654,1660,Ruby necklace
1774569600,1139,1130,351857,931817,1660,Ruby necklace
1774656000,1150,1132,260610,585275,1660,Ruby necklace
1774742400,1166,1150,287648,617198,1660,Ruby necklace
1774828800,1174,1156,495650,635845,1660,Ruby necklace
1774915200,1180,1158,294855,527986,1660,Ruby necklace
1775001600,1168,1155,333379,253731,1660,Ruby necklace
1775088000,1168,1151,265342,497727,1660,Ruby necklace
1775174400,1170,1152,340563,673134,1660,Ruby necklace
1775260800,1166,1154,390392,722943,1660,Ruby necklace
1775347200,1159,1148,344837,586927,1660,Ruby necklace
1775433600,1153,1138,397864,507451,1660,Ruby necklace
1775520000,1153,1138,477767,387343,1660,Ruby necklace
1775606400,1152,1137,262498,417355,1660,Ruby necklace
1775692800,1146,1132,334252,517517,1660,Ruby necklace
1775779200,1142,1127,347787,506506,1660,Ruby necklace
1775865600,1134,1124,287662,758257,1660,Ruby necklace
1775952000,1130,1119,419318,471974,1660,Ruby necklace
1776038400,1129,1115,458164,489029,1660,Ruby necklace
1776124800,1118,1100,376393,275286,1660,Ruby necklace
1776211200,1110,1089,309249,309527,1660,Ruby necklace
1776297600,1110,1097,308575,400514,1660,Ruby necklace
1776384000,1143,1124,605705,485612,1660,Ruby necklace
1776470400,1166,1152,361134,675079,1660,Ruby necklace
1776556800,1171,1162,315532,599171,1660,Ruby necklace
1776643200,1179,1168,375114,614191,1660,Ruby necklace
1776729600,1180,1166,370537,477247,1660,Ruby necklace
1776816000,1178,1167,248241,520951,1660,Ruby necklace
1776902400,1174,1161,342153,485772,1660,Ruby necklace
1776988800,1173,1157,385637,442232,1660,Ruby necklace
1777075200,1174,1162,297874,386584,1660,Ruby necklace
1777161600,1175,1159,250891,452099,1660,Ruby necklace
1777248000,1183,1166,262788,432014,1660,Ruby necklace
1777334400,1200,1188,363656,362676,1660,Ruby necklace
1777420800,1232,1204,308258,402586,1660,Ruby necklace
1777507200,1216,1201,228548,391242,1660,Ruby necklace
1777593600,1202,1191,375249,398716,1660,Ruby necklace
1777680000,1229,1209,240238,368904,1660,Ruby necklace
1777766400,1207,1191,275156,281848,1660,Ruby necklace
1777852800,1194,1171,297688,401940,1660,Ruby necklace
1777939200,1184,1167,169052,256764,1660,Ruby necklace
1778025600,1177,1165,207549,376889,1660,Ruby necklace
1778112000,1174,1159,256410,290714,1660,Ruby necklace
1778198400,1176,1169,321173,301046,1660,Ruby necklace
1778284800,1191,1173,195711,271148,1660,Ruby necklace
1778371200,1191,1171,306611,348284,1660,Ruby necklace
1778457600,1184,1171,117694,407479,1660,Ruby necklace
1778544000,1210,1181,267491,300735,1660,Ruby necklace
1778630400,1204,1183,191484,193729,1660,Ruby necklace
1778716800,1191,1172,261178,342326,1660,Ruby necklace
1778803200,1185,1173,187427,357494,1660,Ruby necklace
1778889600,1184,1171,213199,283371,1660,Ruby necklace
1778976000,1163,1143,214519,247981,1660,Ruby necklace
1779062400,1149,1126,298337,200288,1660,Ruby necklace
1779148800,1135,1129,322567,184108,1660,Ruby necklace
1779235200,1157,1142,150956,151426,1660,Ruby necklace
1779321600,1176,1170,397687,314530,1660,Ruby necklace
1779408000,1195,1181,226500,379450,1660,Ruby necklace
1779494400,1199,1187,232580,275167,1660,Ruby necklace
1779580800,1184,1178,296416,294556,1660,Ruby necklace
1779667200,1183,1164,220181,293349,1660,Ruby necklace
1779753600,1162,1145,284797,327022,1660,Ruby necklace
1779840000,1144,1132,182414,217347,1660,Ruby necklace
1779926400,1129,1114,225578,268594,1660,Ruby necklace
1780012800,1132,1120,260599,519174,1660,Ruby necklace
1780099200,1133,1115,217022,490243,1660,Ruby necklace
1780185600,1119,1105,231238,486113,1660,Ruby necklace
1780272000,1120,1110,234311,382839,1660,Ruby necklace
1780358400,1125,1110,166387,337547,1660,Ruby necklace
1780444800,1138,1119,193513,367540,1660,Ruby necklace
1780531200,1144,1126,230522,464471,1660,Ruby necklace
1780617600,1122,1107,389993,504717,1660,Ruby necklace
1780704000,1117,1105,317012,616328,1660,Ruby necklace
1780790400,1113,1101,414556,541931,1660,Ruby necklace
1780876800,1122,1102,277908,516566,1660,Ruby necklace
1780963200,1128,1111,167583,363669,1660,Ruby necklace
1781049600,1123,1106,285268,380062,1660,Ruby necklace
1781136000,1128,1116,204591,447022,1660,Ruby necklace
1781222400,1133,1116,357799,343774,1660,Ruby necklace
1781308800,1144,1129,302740,495738,1660,Ruby necklace
1781395200,1141,1122,281829,469462,1660,Ruby necklace
1781481600,1149,1132,361163,587661,1660,Ruby necklace
1781568000,1144,1132,292877,358454,1660,Ruby necklace
1781654400,1156,1144,146599,312398,1660,Ruby necklace
1781740800,1151,1133,190263,343926,1660,Ruby necklace
1781827200,1115,1099,297790,288860,1660,Ruby necklace
1781913600,1081,1062,506585,449340,1660,Ruby necklace
1782000000,1068,1051,285839,637052,1660,Ruby necklace
1782086400,1073,1058,526951,590017,1660,Ruby necklace
1782172800,1080,1067,359027,570624,1660,Ruby necklace
1782259200,1029,1009,502817,297635,1660,Ruby necklace
1782345600,1024,1015,289263,356906,1660,Ruby necklace
1782432000,1054,1027,241339,333676,1660,Ruby necklace
1782518400,1043,1021,433542,393659,1660,Ruby necklace
1782604800,1060,1034,434358,526182,1660,Ruby necklace
1782691200,1092,1060,661312,660944,1660,Ruby necklace
1782777600,1096,1071,345386,523766,1660,Ruby necklace
1782864000,1067,1050,545164,550731,1660,Ruby necklace
1782950400,1094,1071,411578,632784,1660,Ruby necklace
1783036800,1110,1092,389634,561169,1660,Ruby necklace
1783123200,1111,1090,474656,596869,1660,Ruby necklace
1783209600,1104,1084,776117,679505,1660,Ruby necklace
1783296000,1093,1073,633760,768864,1660,Ruby necklace
1783382400,1097,1078,419094,489909,1660,Ruby necklace
1783468800,1073,1052,638976,413105,1660,Ruby necklace
1783555200,1054,1034,440302,394365,1660,Ruby necklace
1783641600,1066,1047,380300,561938,1660,Ruby necklace
1783728000,1067,1043,643990,715876,1660,Ruby necklace
1783814400,1045,1022,633077,520305,1660,Ruby necklace
1783900800,1050,1028,617953,599666,1660,Ruby necklace
1783987200,1049,1023,555999,519649,1660,Ruby necklace
1784073600,1033,1015,687394,710266,1660,Ruby necklace
1784160000,1073,1047,708822,594835,1660,Ruby necklace
1784246400,1083,1064,730410,857008,1660,Ruby necklace
1784332800,1090,1068,740923,709923,1660,Ruby necklace
1784419200,1100,1075,807902,943853,1660,Ruby necklace
1784505600,1087,1068,541998,639192,1660,Ruby necklace
1784592000,1083,1067,549851,417827,1660,Ruby necklace
1784678400,1088,1067,581201,629124,1660,Ruby necklace
1784764800,1094,1071,472253,431947,1660,Ruby necklace
1784851200,1100,1077,511260,531041,1660,Ruby necklace
1784937600,1111,1093,528257,800434,1660,Ruby necklace
1785024000,1104,1087,620637,599564,1660,Ruby necklace
1785110400,1094,1076,585100,382043,1660,Ruby necklace
1785196800,1080,1053,590164,533279,1660,Ruby necklace
1785283200,1072,1054,746660,201984,1660,Ruby necklace
1785369600,1095,1072,497922,569232,1660,Ruby necklace
1785456000,1096,1075,625660,617498,1660,Ruby necklace
1785542400,1095,1080,547845,631865,1660,Ruby necklace
1785628800,1117,1099,464409,620082,1660,Ruby necklace
1785715200,1113,1092,582099,630869,1660,Ruby necklace
1785801600,1084,1054,806805,444747,1660,Ruby necklace
1785888000,1081,1066,514084,378286,1660,Ruby necklace
1785974400,1103,1083,871287,477578,1660,Ruby necklace
1786060800,1120,1105,639836,745028,1660,Ruby necklace
1786147200,1140,1120,854217,618585,1660,Ruby necklace
1786233600,1138,1119,682342,918355,1660,Ruby necklace
1786320000,1119,1108,804507,656921,1660,Ruby necklace
1786406400,1106,1090,812114,621848,1660,Ruby necklace
1786492800,1095,1080,426654,505362,1660,Ruby necklace
1786579200,1085,1070,579237,625509,1660,Ruby necklace
1786665600,1093,1078,607080,618014,1660,Ruby necklace
1786752000,1099,1083,498907,747911,1660,Ruby necklace
1786838400,1106,1088,822837,458433,1660,Ruby necklace
1786924800,1114,1097,705741,612279,1660,Ruby necklace
1787011200,1109,1098,312167,376411,1660,Ruby necklace
1787097600,1119,1103,411839,305131,1660,Ruby necklace
1787184000,1132,1118,567351,435686,1660,Ruby necklace
1787270400,1123,1111,881497,624530,1660,Ruby necklace
1787356800,1123,1110,439147,591074,1660,Ruby necklace
1787443200,1136,1116,635375,614961,1660,Ruby necklace
1787529600,1123,1106,460320,591079,1660,Ruby necklace
1787616000,1104,1092,454332,571981,1660,Ruby necklace
1756166400,357,362,40945,34345,2315,Pie shell
1756252800,451,395,113210,78032,2315,Pie shell
1756339200,447,450,42483,106205,2315,Pie shell
1756425600,402,394,44617,61240,2315,Pie shell
1756512000,408,406,84752,87000,2315,Pie shell
1756598400,403,396,47922,52968,2315,Pie shell
1756684800,397,399,58466,39186,2315,Pie shell
1756771200,382,363,41705,40867,2315,Pie shell
1756857600,383,363,63624,37274,2315,Pie shell
1756944000,390,380,81980,58396,2315,Pie shell
1757030400,388,381,37042,22750,2315,Pie shell
1757116800,396,375,85079,29062,2315,Pie shell
1757203200,435,403,36077,53244,2315,Pie shell
1757289600,427,410,47570,62901,2315,Pie shell
1757376000,408,396,54854,34846,2315,Pie shell
1757462400,392,378,55820,31147,2315,Pie shell
1757548800,383,378,57264,61213,2315,Pie shell
1757635200,345,342,51851,11559,2315,Pie shell
1757721600,339,326,50362,23341,2315,Pie shell
1757808000,350,334,29455,14576,2315,Pie shell
1757894400,347,339,31036,30037,2315,Pie shell
1757980800,329,331,44006,40977,2315,Pie shell
1758067200,318,316,47448,48475,2315,Pie shell
1758153600,323,321,66204,123192,2315,Pie shell
1758240000,328,328,32390,77976,2315,Pie shell
1758326400,347,341,26523,35813,2315,Pie shell
1758412800,342,333,51981,41787,2315,Pie shell
1758499200,326,323,46589,37310,2315,Pie shell
1758585600,324,322,50788,25515,2315,Pie shell
1758672000,322,323,39269,61089,2315,Pie shell
1758758400,320,313,50102,15470,2315,Pie shell
1758844800,315,312,22656,20700,2315,Pie shell
1758931200,313,312,42239,20343,2315,Pie shell
1759017600,312,314,40860,62291,2315,Pie shell
1759104000,314,312,56091,95389,2315,Pie shell
1759190400,316,317,57886,27883,2315,Pie shell
1759276800,316,313,40989,25039,2315,Pie shell
1759363200,319,314,41572,41939,2315,Pie shell
1759449600,322,318,27412,38228,2315,Pie shell
1759536000,327,321,72014,54463,2315,Pie shell
1759622400,327,320,157292,33525,2315,Pie shell
1759708800,313,312,86546,15521,2315,Pie shell
1759795200,327,318,80067,24187,2315,Pie shell
1759881600,340,332,50456,19665,2315,Pie shell
1759968000,331,324,56784,34190,2315,Pie shell
1760054400,317,316,40422,14575,2315,Pie shell
1760140800,313,312,62994,25164,2315,Pie shell
1760227200,313,313,66626,22388,2315,Pie shell
1760313600,330,325,27141,14811,2315,Pie shell
1760400000,336,318,29662,23408,2315,Pie shell
1760486400,325,311,49143,24212,2315,Pie shell
1760572800,320,312,47889,13956,2315,Pie shell
1760659200,316,305,49518,7984,2315,Pie shell
1760745600,310,76,62637,87663,2315,Pie shell
1760832000,299,294,100493,54846,2315,Pie shell
1760918400,320,315,67286,22715,2315,Pie shell
1761004800,306,305,55342,41909,2315,Pie shell
1761091200,312,319,78883,55516,2315,Pie shell
1761177600,317,312,52398,53185,2315,Pie shell
1761264000,325,318,36186,34230,2315,Pie shell
1761350400,316,312,48050,40188,2315,Pie shell
1761436800,315,310,45930,15432,2315,Pie shell
1761523200,317,310,36885,46193,2315,Pie shell
1761609600,312,311,64504,24667,2315,Pie shell
1761696000,317,314,55149,23666,2315,Pie shell
1761782400,334,331,55400,30729,2315,Pie shell
1761868800,377,383,89334,49764,2315,Pie shell
1761955200,412,370,78700,30047,2315,Pie shell
1762041600,417,365,75464,37030,2315,Pie shell
1762128000,374,373,97117,47274,2315,Pie shell
1762214400,386,367,48747,116272,2315,Pie shell
1762300800,350,343,40420,26285,2315,Pie shell
1762387200,347,342,85219,32221,2315,Pie shell
1762473600,351,349,154829,41299,2315,Pie shell
1762560000,371,368,72705,34014,2315,Pie shell
1762646400,389,357,59448,94266,2315,Pie shell
1762732800,379,373,73166,32078,2315,Pie shell
1762819200,359,356,112645,27712,2315,Pie shell
1762905600,357,356,75809,29623,2315,Pie shell
1762992000,350,335,73858,47432,2315,Pie shell
1763078400,349,336,46609,28310,2315,Pie shell
1763164800,363,351,88575,44940,2315,Pie shell
1763251200,377,355,73615,74646,2315,Pie shell
1763337600,380,360,98440,67007,2315,Pie shell
1763424000,365,370,114040,65422,2315,Pie shell
1763510400,368,366,25909,38649,2315,Pie shell
1763596800,358,347,7195,10459,2315,Pie shell
1763683200,358,356,122694,51179,2315,Pie shell
1763769600,354,347,99753,38415,2315,Pie shell
1763856000,341,324,37288,47730,2315,Pie shell
1763942400,334,293,31033,34574,2315,Pie shell
1764028800,321,306,31588,23065,2315,Pie shell
1764115200,290,284,96062,50540,2315,Pie shell
1764201600,300,287,92971,53543,2315,Pie shell
1764288000,284,293,67525,83594,2315,Pie shell
1764374400,337,317,120279,69882,2315,Pie shell
1764460800,332,337,91208,40920,2315,Pie shell
1764547200,342,340,70415,79361,2315,Pie shell
1764633600,332,283,78215,89305,2315,Pie shell
1764720000,337,335,54571,71881,2315,Pie shell
1764806400,348,339,105602,33320,2315,Pie shell
1764892800,345,331,88585,41804,2315,Pie shell
1764979200,345,343,83673,79935,2315,Pie shell
1765065600,349,347,83564,80926,2315,Pie shell
1765152000,351,339,169041,57946,2315,Pie shell
1765238400,350,342,128753,62586,2315,Pie shell
1765324800,343,333,131612,34679,2315,Pie shell
1765411200,343,331,82027,41362,2315,Pie shell
1765497600,360,352,110630,59986,2315,Pie shell
1765584000,371,365,111151,106839,2315,Pie shell
1765670400,360,346,131942,108699,2315,Pie shell
1765756800,355,348,115997,95883,2315,Pie shell
1765843200,352,348,89504,73404,2315,Pie shell
1765929600,357,360,65347,61752,2315,Pie shell
1766016000,366,367,108506,90786,2315,Pie shell
1766102400,379,377,55522,89020,2315,Pie shell
1766188800,387,366,134019,57240,2315,Pie shell
1766275200,378,368,59916,52016,2315,Pie shell
1766361600,405,383,110016,96130,2315,Pie shell
1766448000,395,404,83960,102428,2315,Pie shell
1766534400,388,385,44586,54393,2315,Pie shell
1766620800,427,404,138917,35143,2315,Pie shell
1766707200,390,388,114439,46456,2315,Pie shell
1766793600,363,349,127649,15586,2315,Pie shell
1766880000,365,344,145723,47908,2315,Pie shell
1766966400,359,344,48568,29738,2315,Pie shell
1767052800,346,339,111644,39917,2315,Pie shell
1767139200,344,337,143871,34282,2315,Pie shell
1767225600,408,392,152912,126297,2315,Pie shell
1767312000,399,396,146249,96115,2315,Pie shell
1767398400,422,401,227994,143757,2315,Pie shell
1767484800,444,433,165873,144694,2315,Pie shell
1767571200,435,428,115738,139181,2315,Pie shell
1767657600,434,438,74029,110180,2315,Pie shell
1767744000,465,453,97288,127339,2315,Pie shell
1767830400,393,377,76460,57577,2315,Pie shell
1767916800,358,348,98172,120852,2315,Pie shell
1768003200,358,348,117024,64424,2315,Pie shell
1768089600,369,347,145588,76517,2315,Pie shell
1768176000,363,343,117707,80988,2315,Pie shell
1768262400,352,346,82756,94506,2315,Pie shell
1768348800,355,349,68070,116295,2315,Pie shell
1768435200,366,355,100268,308411,2315,Pie shell
1768521600,372,365,83967,84510,2315,Pie shell
1768608000,384,375,118481,106562,2315,Pie shell
1768694400,371,366,125035,22155,2315,Pie shell
1768780800,391,378,111809,50251,2315,Pie shell
1768867200,439,407,167262,130549,2315,Pie shell
1768953600,430,413,156858,150685,2315,Pie shell
1769040000,497,480,161936,147960,2315,Pie shell
1769126400,512,456,189694,152645,2315,Pie shell
1769212800,445,439,248842,106262,2315,Pie shell
1769299200,433,418,206705,32544,2315,Pie shell
1769385600,445,438,155826,111509,2315,Pie shell
1769472000,429,445,121596,56930,2315,Pie shell
1769558400,424,453,24501,55726,2315,Pie shell
1769644800,404,386,37535,26089,2315,Pie shell
1769731200,376,369,78328,18375,2315,Pie shell
1769817600,359,354,112094,18709,2315,Pie shell
1769904000,347,343,138637,25435,2315,Pie shell
1769990400,355,344,63705,63172,2315,Pie shell
1770076800,340,338,56265,61752,2315,Pie shell
1770163200,334,336,48474,75147,2315,Pie shell
1770249600,338,335,71580,49257,2315,Pie shell
1770336000,342,332,38855,55068,2315,Pie shell
1770422400,340,336,84986,45155,2315,Pie shell
1770508800,338,332,79777,69769,2315,Pie shell
1770595200,345,345,60160,61573,2315,Pie shell
1770681600,335,331,93144,54194,2315,Pie shell
1770768000,329,326,72171,52862,2315,Pie shell
1770854400,327,309,75625,31866,2315,Pie shell
1770940800,314,310,101532,86816,2315,Pie shell
1771027200,315,314,63405,71304,2315,Pie shell
1771113600,323,318,109146,79839,2315,Pie shell
1771200000,324,322,75564,43014,2315,Pie shell
1771286400,361,353,77030,65408,2315,Pie shell
1771372800,334,325,54997,28136,2315,Pie shell
1771459200,320,320,60076,32340,2315,Pie shell
1771545600,321,321,43240,44355,2315,Pie shell
1771632000,317,315,66724,78628,2315,Pie shell
1771718400,318,311,39510,46158,2315,Pie shell
1771804800,315,315,103806,83449,2315,Pie shell
1771891200,316,315,43936,87548,2315,Pie shell
1771977600,348,323,98295,66048,2315,Pie shell
1772064000,353,340,84797,102090,2315,Pie shell
1772150400,348,334,78784,68128,2315,Pie shell
1772236800,359,341,74217,70746,2315,Pie shell
1772323200,353,344,85002,47877,2315,Pie shell
1772409600,365,343,98508,92141,2315,Pie shell
1772496000,338,331,53971,58352,2315,Pie shell
1772582400,334,330,80546,63682,2315,Pie shell
1772668800,338,323,60948,60640,2315,Pie shell
1772755200,318,300,37759,33069,2315,Pie shell
1772841600,308,304,27119,25731,2315,Pie shell
1772928000,308,304,52913,54294,2315,Pie shell
1773014400,311,300,30177,50730,2315,Pie shell
1773100800,299,291,58725,49273,2315,Pie shell
1773187200,294,293,47552,106882,2315,Pie shell
1773273600,286,270,112320,97231,2315,Pie shell
1773360000,301,291,120969,118460,2315,Pie shell
1773446400,294,291,85250,44196,2315,Pie shell
1773532800,284,269,71562,115486,2315,Pie shell
1773619200,288,279,59649,68893,2315,Pie shell
1773705600,277,271,87672,32298,2315,Pie shell
1773792000,281,276,62530,36652,2315,Pie shell
1773878400,292,280,64573,35799,2315,Pie shell
1773964800,289,285,81077,98664,2315,Pie shell
1774051200,280,263,81427,67717,2315,Pie shell
1774137600,286,280,66535,31590,2315,Pie shell
1774224000,233,209,148388,68262,2315,Pie shell
1774310400,247,237,101423,48335,2315,Pie shell
1774396800,254,237,90259,66849,2315,Pie shell
1774483200,264,251,76074,43375,2315,Pie shell
1774569600,252,247,122411,79009,2315,Pie shell
1774656000,257,252,87051,77030,2315,Pie shell
1774742400,241,239,56090,44111,2315,Pie shell
1774828800,229,206,51712,111532,2315,Pie shell
1774915200,206,198,142761,28070,2315,Pie shell
1775001600,204,206,43142,38905,2315,Pie shell
1775088000,213,200,39214,110202,2315,Pie shell
1775174400,207,195,35016,53132,2315,Pie shell
1775260800,204,200,30961,19715,2315,Pie shell
1775347200,203,201,47514,55006,2315,Pie shell
1775433600,198,199,65721,52981,2315,Pie shell
1775520000,203,197,74243,36423,2315,Pie shell
1775606400,201,194,65264,23287,2315,Pie shell
1775692800,189,186,85998,45224,2315,Pie shell
1775779200,195,192,76143,49184,2315,Pie shell
1775865600,189,188,105118,58678,2315,Pie shell
1775952000,194,192,45150,38431,2315,Pie shell
1776038400,198,195,31066,33902,2315,Pie shell
1776124800,190,193,85342,46309,2315,Pie shell
1776211200,198,196,57070,59418,2315,Pie shell
1776297600,210,205,40079,22323,2315,Pie shell
1776384000,225,215,49889,45812,2315,Pie shell
1776470400,219,207,23175,30329,2315,Pie shell
1776556800,213,209,39366,21798,2315,Pie shell
1776643200,207,209,43521,35636,2315,Pie shell
1776729600,237,211,17625,41864,2315,Pie shell
1776816000,209,207,36562,27341,2315,Pie shell
1776902400,209,209,20350,40415,2315,Pie shell
1776988800,213,220,57104,47845,2315,Pie shell
1777075200,238,221,28713,47437,2315,Pie shell
1777161600,222,213,30122,31929,2315,Pie shell
1777248000,224,217,30554,50387,2315,Pie shell
1777334400,222,224,53363,68961,2315,Pie shell
1777420800,238,232,82609,55411,2315,Pie shell
1777507200,231,225,52751,72561,2315,Pie shell
1777593600,239,233,21516,51536,2315,Pie shell
1777680000,247,234,65546,30411,2315,Pie shell
1777766400,236,229,41931,44037,2315,Pie shell
1777852800,232,233,44524,31234,2315,Pie shell
1777939200,235,229,18526,54529,2315,Pie shell
1778025600,244,239,48255,35392,2315,Pie shell
1778112000,232,232,60162,31694,2315,Pie shell
1778198400,243,237,29664,49142,2315,Pie shell
1778284800,233,231,35479,13251,2315,Pie shell
1778371200,236,236,55738,43650,2315,Pie shell
1778457600,243,236,96306,31068,2315,Pie shell
1778544000,244,237,98609,19460,2315,Pie shell
1778630400,250,253,61214,51655,2315,Pie shell
1778716800,256,251,38650,39725,2315,Pie shell
1778803200,262,260,61994,40398,2315,Pie shell
1778889600,263,261,52500,40790,2315,Pie shell
1778976000,277,272,51070,48024,2315,Pie shell
1779062400,270,263,25120,84371,2315,Pie shell
1779148800,268,259,66422,28488,2315,Pie shell
1779235200,256,252,27432,62179,2315,Pie shell
1779321600,264,250,45002,22427,2315,Pie shell
1779408000,258,256,26144,25125,2315,Pie shell
1779494400,259,252,24047,23105,2315,Pie shell
1779580800,267,263,25794,62382,2315,Pie shell
1779667200,270,264,69395,51781,2315,Pie shell
1779753600,275,271,33394,39833,2315,Pie shell
1779840000,260,258,31136,29939,2315,Pie shell
1779926400,263,260,18306,11311,2315,Pie shell
1780012800,260,254,21121,11867,2315,Pie shell
1780099200,261,256,35289,10602,2315,Pie shell
1780185600,271,253,46819,19294,2315,Pie shell
1780272000,257,252,19430,29828,2315,Pie shell
1780358400,266,271,17599,54782,2315,Pie shell
1780444800,266,260,31410,30325,2315,Pie shell
1780531200,267,262,47175,11520,2315,Pie shell
1780617600,263,263,37799,24164,2315,Pie shell
1780704000,259,260,24503,24089,2315,Pie shell
1780790400,265,256,79679,13616,2315,Pie shell
1780876800,262,253,76677,38030,2315,Pie shell
1780963200,255,255,41836,26731,2315,Pie shell
1781049600,252,253,49875,47981,2315,Pie shell
1781136000,245,256,121442,30029,2315,Pie shell
1781222400,257,255,36958,13609,2315,Pie shell
1781308800,256,252,28225,49661,2315,Pie shell
1781395200,245,226,24377,3465,2315,Pie shell
1781481600,250,233,36426,20241,2315,Pie shell
1781568000,242,232,28422,24746,2315,Pie shell
1781654400,242,235,42681,33679,2315,Pie shell
1781740800,244,239,36785,26309,2315,Pie shell
1781827200,243,233,45389,13002,2315,Pie shell
1781913600,235,227,33021,24472,2315,Pie shell
1782000000,235,224,54491,14830,2315,Pie shell
1782086400,233,222,54303,32452,2315,Pie shell
1782172800,232,229,24631,18688,2315,Pie shell
1782259200,238,233,44927,13449,2315,Pie shell
1782345600,306,286,28127,55237,2315,Pie shell
1782432000,306,307,51427,101107,2315,Pie shell
1782518400,290,275,20669,39166,2315,Pie shell
1782604800,297,278,63087,34143,2315,Pie shell
1782691200,283,261,34507,42907,2315,Pie shell
1782777600,279,264,26680,47596,2315,Pie shell
1782864000,267,260,44589,44170,2315,Pie shell
1782950400,282,264,47979,25044,2315,Pie shell
1783036800,282,264,32433,37063,2315,Pie shell
1783123200,270,263,33810,15667,2315,Pie shell
1783209600,267,259,53589,31253,2315,Pie shell
1783296000,268,266,46752,48676,2315,Pie shell
1783382400,262,263,43148,49068,2315,Pie shell
1783468800,266,262,64624,30099,2315,Pie shell
1783555200,273,272,25958,47866,2315,Pie shell
1783641600,312,288,54927,60177,2315,Pie shell
1783728000,298,280,32265,26535,2315,Pie shell
1783814400,300,297,54402,32931,2315,Pie shell
1783900800,303,299,58206,69703,2315,Pie shell
1783987200,295,290,30239,70723,2315,Pie shell
1784073600,286,285,61571,34475,2315,Pie shell
1784160000,301,295,69442,46012,2315,Pie shell
1784246400,294,297,29303,33760,2315,Pie shell
1784332800,292,283,52060,46617,2315,Pie shell
1784419200,295,287,47837,34313,2315,Pie shell
1784505600,305,298,39403,41031,2315,Pie shell
1784592000,300,294,35403,54929,2315,Pie shell
1784678400,284,276,20139,32528,2315,Pie shell
1784764800,273,270,25347,31195,2315,Pie shell
1784851200,275,269,45262,25935,2315,Pie shell
1784937600,275,258,39115,17307,2315,Pie shell
1785024000,278,264,58113,38733,2315,Pie shell
1785110400,262,242,69928,46122,2315,Pie shell
1785196800,250,241,31374,34025,2315,Pie shell
1785283200,250,234,30372,43894,2315,Pie shell
1785369600,258,257,16831,21942,2315,Pie shell
1785456000,250,243,26373,25120,2315,Pie shell
1785542400,261,250,24864,30788,2315,Pie shell
1785628800,273,274,49302,45007,2315,Pie shell
1785715200,269,267,44730,78226,2315,Pie shell
1785801600,283,272,57804,45458,2315,Pie shell
1785888000,287,270,46848,40196,2315,Pie shell
1785974400,283,273,70413,32505,2315,Pie shell
1786060800,276,281,49560,77291,2315,Pie shell
1786147200,285,276,42299,60301,2315,Pie shell
1786233600,282,277,46836,47746,2315,Pie shell
1786320000,284,278,39924,34315,2315,Pie shell
1786406400,289,284,29856,48377,2315,Pie shell
1786492800,287,284,34006,72088,2315,Pie shell
1786579200,284,283,52868,87941,2315,Pie shell
1786665600,276,270,49072,30023,2315,Pie shell
1786752000,287,283,60491,36396,2315,Pie shell
1786838400,274,268,50395,38053,2315,Pie shell
1786924800,298,287,51619,58037,2315,Pie shell
1787011200,276,270,51658,30104,2315,Pie shell
1787097600,259,242,28980,33779,2315,Pie shell
1787184000,235,217,37408,19902,2315,Pie shell
1787270400,219,220,41569,23540,2315,Pie shell
1787356800,262,254,69213,30363,2315,Pie shell
1787443200,282,281,75124,62595,2315,Pie shell
1787529600,285,277,64136,59900,2315,Pie shell
1787616000,292,278,43377,57466,2315,Pie shell
1756166400,739,727,4706090,1337394,385,Shark
1756252800,733,722,4282984,1665666,385,Shark
1756339200,740,732,4070395,1411435,385,Shark
1756425600,756,743,4748196,2447094,385,Shark
1756512000,785,781,4194586,1849244,385,Shark
1756598400,837,821,4401528,2377467,385,Shark
1756684800,839,825,4582259,1953169,385,Shark
1756771200,822,808,4481320,1830608,385,Shark
1756857600,799,785,4051864,1178628,385,Shark
1756944000,792,773,4018707,1483125,385,Shark
1757030400,750,738,4048741,1272084,385,Shark
1757116800,751,744,4088974,1595200,385,Shark
1757203200,788,774,3972437,2369928,385,Shark
1757289600,801,780,3738231,2459211,385,Shark
1757376000,758,752,3781696,1078577,385,Shark
1757462400,735,719,3482667,1227617,385,Shark
1757548800,734,721,3451267,1811533,385,Shark
1757635200,727,717,3448585,1486030,385,Shark
1757721600,740,726,3667555,1538426,385,Shark
1757808000,776,761,4008806,2009714,385,Shark
1757894400,779,764,3954283,1337316,385,Shark
1757980800,762,748,3726041,1568829,385,Shark
1758067200,763,751,3006343,1182361,385,Shark
1758153600,784,769,3359933,1732209,385,Shark
1758240000,796,781,3653624,2047130,385,Shark
1758326400,833,815,3341491,1892196,385,Shark
1758412800,844,832,3964905,2159495,385,Shark
1758499200,862,844,3326631,1822135,385,Shark
1758585600,851,835,3433993,1457568,385,Shark
1758672000,849,832,3319749,1433794,385,Shark
1758758400,848,831,3915492,1805527,385,Shark
1758844800,790,774,3151353,1501508,385,Shark
1758931200,803,787,4317791,1637745,385,Shark
1759017600,789,773,4553566,1557928,385,Shark
1759104000,778,765,3833032,1884450,385,Shark
1759190400,781,768,3587751,1436965,385,Shark
1759276800,779,764,3367541,1666051,385,Shark
1759363200,812,796,3447036,1738129,385,Shark
1759449600,843,826,3235583,1723324,385,Shark
1759536000,880,864,3493736,1970298,385,Shark
1759622400,930,906,3566237,2252594,385,Shark
1759708800,956,933,3522713,1884651,385,Shark
1759795200,969,948,3716902,1970641,385,Shark
1759881600,909,891,3358480,1205668,385,Shark
1759968000,872,854,3088174,1323795,385,Shark
1760054400,823,807,2929876,1181507,385,Shark
1760140800,843,830,3342973,1064046,385,Shark
1760227200,889,867,3662022,1790239,385,Shark
1760313600,918,901,3749487,1841212,385,Shark
1760400000,916,899,3247558,1338933,385,Shark
1760486400,874,863,2769067,1093772,385,Shark
1760572800,831,807,2901795,1261670,385,Shark
1760659200,788,774,2710214,998116,385,Shark
1760745600,769,752,3119773,1260580,385,Shark
1760832000,795,781,3261917,1570850,385,Shark
1760918400,827,815,3293336,1896710,385,Shark
1761004800,858,837,2747671,2278508,385,Shark
1761091200,832,823,3626655,1615705,385,Shark
1761177600,826,810,2870544,1571768,385,Shark
1761264000,858,839,3457299,2154775,385,Shark
1761350400,855,840,3378604,1831162,385,Shark
1761436800,829,815,4434842,1499450,385,Shark
1761523200,781,764,3789576,1062360,385,Shark
1761609600,730,716,3996380,1234290,385,Shark
1761696000,698,684,3667699,1114182,385,Shark
1761782400,675,662,4018384,1444850,385,Shark
1761868800,622,610,4171863,1391423,385,Shark
1761955200,610,599,4857015,1766894,385,Shark
1762041600,643,630,3920329,2024763,385,Shark
1762128000,625,610,4346637,1798034,385,Shark
1762214400,611,603,4272509,1242299,385,Shark
1762300800,593,580,3896159,1372876,385,Shark
1762387200,590,579,3766366,1298089,385,Shark
1762473600,607,594,3440447,1815173,385,Shark
1762560000,626,614,3689924,2269759,385,Shark
1762646400,634,621,4148878,2140915,385,Shark
1762732800,643,630,3839260,1789058,385,Shark
1762819200,642,632,3687365,1342076,385,Shark
1762905600,626,612,4315128,1473484,385,Shark
1762992000,630,618,3085324,1325432,385,Shark
1763078400,613,602,3800599,1343838,385,Shark
1763164800,614,602,3906143,1458787,385,Shark
1763251200,630,619,3855861,1991448,385,Shark
1763337600,637,623,3414589,2169487,385,Shark
1763424000,636,621,3505292,1822328,385,Shark
1763510400,624,610,2192750,904902,385,Shark
1763596800,626,609,1500797,680566,385,Shark
1763683200,635,622,2399574,1290546,385,Shark
1763769600,667,651,2764013,1844707,385,Shark
1763856000,722,701,3148972,2053661,385,Shark
1763942400,734,715,2921822,1583978,385,Shark
1764028800,763,747,2950835,1825676,385,Shark
1764115200,664,642,2900621,1195060,385,Shark
1764201600,611,597,3237940,1212352,385,Shark
1764288000,561,547,3913512,1427339,385,Shark
1764374400,596,584,4148603,1646084,385,Shark
1764460800,620,608,3653254,1941670,385,Shark
1764547200,656,640,3149970,1848708,385,Shark
1764633600,679,661,3156579,1880787,385,Shark
1764720000,670,654,3110043,1779677,385,Shark
1764806400,681,666,3527664,1831768,385,Shark
1764892800,680,664,3363928,1588931,385,Shark
1764979200,681,668,3903311,1726306,385,Shark
1765065600,700,686,4205362,2186941,385,Shark
1765152000,706,695,3777153,1448565,385,Shark
1765238400,708,694,3695527,1776714,385,Shark
1765324800,700,688,4259003,1484191,385,Shark
1765411200,691,680,3720979,1455614,385,Shark
1765497600,684,667,3829118,1514379,385,Shark
1765584000,689,675,3992476,1869025,385,Shark
1765670400,682,665,4596182,1388022,385,Shark
1765756800,644,628,4504928,1439304,385,Shark
1765843200,634,622,4354447,1678374,385,Shark
1765929600,606,590,4161856,1416585,385,Shark
1766016000,624,610,4221758,1585493,385,Shark
1766102400,615,608,4175013,1497973,385,Shark
1766188800,628,613,4204399,1913052,385,Shark
1766275200,634,620,4299240,1952005,385,Shark
1766361600,641,628,3846078,1549869,385,Shark
1766448000,648,635,3639024,2105962,385,Shark
1766534400,670,654,3319998,2096495,385,Shark
1766620800,673,657,3239653,1366741,385,Shark
1766707200,681,665,3435881,1855897,385,Shark
1766793600,687,674,4469059,2116721,385,Shark
1766880000,701,689,4479250,2513757,385,Shark
1766966400,723,708,4227630,2475063,385,Shark
1767052800,726,711,4342583,1680879,385,Shark
1767139200,718,704,4048550,1761787,385,Shark
1767225600,715,700,4426040,1939085,385,Shark
1767312000,715,702,4391373,1816046,385,Shark
1767398400,702,688,4907279,1942427,385,Shark
1767484800,697,682,4884348,2146646,385,Shark
1767571200,676,665,4846728,1700081,385,Shark
1767657600,665,652,4276079,1717005,385,Shark
1767744000,637,622,4708458,1942087,385,Shark
1767830400,653,638,4259185,1990225,385,Shark
1767916800,645,634,4950928,1661119,385,Shark
1768003200,660,649,5395054,2230288,385,Shark
1768089600,718,705,4227832,1975606,385,Shark
1768176000,753,736,4232037,2151256,385,Shark
1768262400,759,747,4093059,1862720,385,Shark
1768348800,725,710,4077685,1689850,385,Shark
1768435200,713,701,4589948,1546612,385,Shark
1768521600,706,692,4479004,1704536,385,Shark
1768608000,701,687,4830908,1838060,385,Shark
1768694400,706,693,5264220,1939791,385,Shark
1768780800,686,676,4137371,1869020,385,Shark
1768867200,678,666,4132446,1305644,385,Shark
1768953600,669,656,3768017,1288448,385,Shark
1769040000,658,646,3773164,1249736,385,Shark
1769126400,649,638,3683089,1533310,385,Shark
1769212800,690,678,4013902,1994327,385,Shark
1769299200,721,705,4324837,2468754,385,Shark
1769385600,762,745,4090111,2325285,385,Shark
1769472000,801,786,3597296,2291566,385,Shark
1769558400,803,786,3265245,1763220,385,Shark
1769644800,762,748,3607743,1340103,385,Shark
1769731200,763,750,3516168,1494048,385,Shark
1769817600,760,748,3541026,1834322,385,Shark
1769904000,786,770,3873369,2067881,385,Shark
1769990400,793,780,3165780,1219195,385,Shark
1770076800,789,773,2880973,1106339,385,Shark
1770163200,778,763,2487762,992950,385,Shark
1770249600,783,770,2830695,1070330,385,Shark
1770336000,776,762,3356489,1635599,385,Shark
1770422400,758,743,3352811,1460187,385,Shark
1770508800,788,772,3233638,1843737,385,Shark
1770595200,786,775,2914212,1396140,385,Shark
1770681600,793,781,2361525,1310226,385,Shark
1770768000,801,788,2188590,1251772,385,Shark
1770854400,804,788,2614153,1521377,385,Shark
1770940800,810,798,2377334,1413251,385,Shark
1771027200,825,810,2551238,1424126,385,Shark
1771113600,829,817,2811945,1610028,385,Shark
1771200000,832,821,2630961,1238948,385,Shark
1771286400,836,824,1943104,855585,385,Shark
1771372800,832,817,2334396,1195690,385,Shark
1771459200,834,821,2556757,1228558,385,Shark
1771545600,834,822,2348471,1258532,385,Shark
1771632000,833,822,2565574,1200602,385,Shark
1771718400,838,827,3101102,1247683,385,Shark
1771804800,844,828,2591493,1482910,385,Shark
1771891200,854,841,2660782,1298822,385,Shark
1771977600,866,854,2304516,1264669,385,Shark
1772064000,881,866,2664722,1451304,385,Shark
1772150400,888,871,2753593,1479158,385,Shark
1772236800,905,892,2942427,1452318,385,Shark
1772323200,921,905,3242858,1610716,385,Shark
1772409600,909,900,2728163,1115479,385,Shark
1772496000,904,891,2322276,1286420,385,Shark
1772582400,898,886,2599739,946355,385,Shark
1772668800,890,873,2764885,1429877,385,Shark
1772755200,882,872,2464274,1317900,385,Shark
1772841600,883,872,3021575,1313468,385,Shark
1772928000,885,871,3512578,1414315,385,Shark
1773014400,894,882,2343407,1195243,385,Shark
1773100800,895,882,2063476,1279986,385,Shark
1773187200,896,883,2435402,1230670,385,Shark
1773273600,895,881,2314815,1283445,385,Shark
1773360000,921,903,2771553,1334918,385,Shark
1773446400,929,914,2514680,1523086,385,Shark
1773532800,955,939,2397010,1631490,385,Shark
1773619200,933,919,2735194,1241113,385,Shark
1773705600,905,889,2232425,1022002,385,Shark
1773792000,892,879,2203927,999696,385,Shark
1773878400,891,879,2108188,1002201,385,Shark
1773964800,879,864,2248468,1287198,385,Shark
1774051200,832,819,2367951,1201458,385,Shark
1774137600,814,800,2477717,1062549,385,Shark
1774224000,808,797,2261288,955080,385,Shark
1774310400,810,799,1997140,1046522,385,Shark
1774396800,811,799,2108983,1132832,385,Shark
1774483200,806,793,2335721,1066536,385,Shark
1774569600,819,810,2176953,1205102,385,Shark
1774656000,857,839,2475635,1487685,385,Shark
1774742400,914,894,2458985,1634907,385,Shark
1774828800,932,914,2758744,1404181,385,Shark
1774915200,927,912,2164241,1118234,385,Shark
1775001600,910,897,2065656,1023184,385,Shark
1775088000,900,887,2008914,1069720,385,Shark
1775174400,897,884,2480747,1197629,385,Shark
1775260800,913,902,2600351,1300370,385,Shark
1775347200,901,890,2802627,1167316,385,Shark
1775433600,911,898,2362461,1177955,385,Shark
1775520000,896,884,2240817,1154976,385,Shark
1775606400,893,881,2271726,1037524,385,Shark
1775692800,882,870,2179675,1030531,385,Shark
1775779200,875,860,1963249,1020012,385,Shark
1775865600,864,851,2656900,1066542,385,Shark
1775952000,856,839,2849696,1337200,385,Shark
1776038400,837,822,2089398,1159855,385,Shark
1776124800,818,804,2009199,977739,385,Shark
1776211200,805,788,1590876,827904,385,Shark
1776297600,800,788,1414257,543117,385,Shark
1776384000,785,776,1394514,631898,385,Shark
1776470400,787,772,1362501,826887,385,Shark
1776556800,785,771,1686480,850278,385,Shark
1776643200,773,759,1566235,810318,385,Shark
1776729600,768,756,1481664,735775,385,Shark
1776816000,770,759,1320870,608213,385,Shark
1776902400,786,771,1222953,674838,385,Shark
1776988800,787,774,1267133,623137,385,Shark
1777075200,790,778,1803988,757290,385,Shark
1777161600,799,787,1535290,968291,385,Shark
1777248000,820,802,1471960,781360,385,Shark
1777334400,833,817,1469114,726144,385,Shark
1777420800,838,824,1320187,724963,385,Shark
1777507200,845,830,1363340,636219,385,Shark
1777593600,844,832,1535577,631264,385,Shark
1777680000,836,824,1948871,722721,385,Shark
1777766400,825,811,1853025,918935,385,Shark
1777852800,809,794,1473148,706198,385,Shark
1777939200,805,793,1293112,656058,385,Shark
1778025600,810,798,1383696,685412,385,Shark
1778112000,811,801,1325867,659409,385,Shark
1778198400,776,780,2160855,1003829,385,Shark
1778284800,787,770,1898323,921656,385,Shark
1778371200,797,782,1607633,874414,385,Shark
1778457600,808,792,1604796,887053,385,Shark
1778544000,807,793,1522156,690646,385,Shark
1778630400,805,792,1392913,818957,385,Shark
1778716800,811,800,1633915,686925,385,Shark
1778803200,813,800,1497156,732059,385,Shark
1778889600,820,804,1903839,792890,385,Shark
1778976000,814,805,1903598,857776,385,Shark
1779062400,814,801,1542996,923416,385,Shark
1779148800,816,807,1461112,582553,385,Shark
1779235200,817,807,1603992,635058,385,Shark
1779321600,815,806,1427621,634060,385,Shark
1779408000,834,820,1712592,820084,385,Shark
1779494400,847,834,1526343,1046379,385,Shark
1779580800,868,853,2006609,1105440,385,Shark
1779667200,861,848,2164890,948302,385,Shark
1779753600,849,833,1846208,743130,385,Shark
1779840000,845,829,1216656,555929,385,Shark
1779926400,840,828,1440623,781961,385,Shark
1780012800,843,830,1395921,677500,385,Shark
1780099200,837,829,1875931,859083,385,Shark
1780185600,849,835,2015575,1025916,385,Shark
1780272000,856,841,1734530,975906,385,Shark
1780358400,858,844,1579535,663434,385,Shark
1780444800,882,863,1469053,853316,385,Shark
1780531200,888,873,1610758,883310,385,Shark
1780617600,895,880,2134032,896729,385,Shark
1780704000,900,885,1952429,1025271,385,Shark
1780790400,923,910,1944449,1090961,385,Shark
1780876800,931,917,1824650,897625,385,Shark
1780963200,929,915,1967993,858237,385,Shark
1781049600,926,912,1705065,860362,385,Shark
1781136000,924,912,1595221,894397,385,Shark
1781222400,920,906,1793878,935665,385,Shark
1781308800,918,906,1996524,844698,385,Shark
1781395200,925,910,2019057,1053262,385,Shark
1781481600,923,912,1831525,747803,385,Shark
1781568000,914,897,2065069,998516,385,Shark
1781654400,910,893,1728570,998255,385,Shark
1781740800,899,881,2100400,1075630,385,Shark
1781827200,891,874,2057942,1147147,385,Shark
1781913600,903,886,2202838,1061924,385,Shark
1782000000,907,893,2042801,925014,385,Shark
1782086400,905,892,1847672,880737,385,Shark
1782172800,900,888,1884256,743016,385,Shark
1782259200,906,893,1918204,824135,385,Shark
1782345600,921,905,1774046,952106,385,Shark
1782432000,911,899,1664079,907516,385,Shark
1782518400,942,924,1996918,1259984,385,Shark
1782604800,953,938,2405982,1396154,385,Shark
1782691200,941,923,2142347,1163213,385,Shark
1782777600,927,911,2093856,990984,385,Shark
1782864000,918,906,2402476,1010428,385,Shark
1782950400,938,920,2413814,1117829,385,Shark
1783036800,960,940,2350541,1492945,385,Shark
1783123200,982,963,2310171,1293377,385,Shark
1783209600,993,979,2510409,1112687,385,Shark
1783296000,972,955,2553921,1088329,385,Shark
1783382400,971,954,2216020,1040058,385,Shark
1783468800,963,947,2103686,934442,385,Shark
1783555200,967,951,2026901,1206896,385,Shark
1783641600,959,942,2372151,1111169,385,Shark
1783728000,952,936,2418805,1269843,385,Shark
1783814400,956,940,2304293,1159831,385,Shark
1783900800,968,952,2379611,1174123,385,Shark
1783987200,963,946,2084853,1179108,385,Shark
1784073600,975,958,2109074,888705,385,Shark
1784160000,981,967,1913169,1134601,385,Shark
1784246400,1003,983,2160976,1260161,385,Shark
1784332800,1031,1010,2549804,1422032,385,Shark
1784419200,1045,1022,2415314,1432146,385,Shark
1784505600,1008,988,2247032,1142953,385,Shark
1784592000,1009,989,2041143,1058437,385,Shark
1784678400,998,982,2193317,1092473,385,Shark
1784764800,989,971,2332197,1013230,385,Shark
1784851200,984,966,2014797,1179731,385,Shark
1784937600,980,966,2095254,824861,385,Shark
1785024000,982,968,2544704,1248119,385,Shark
1785110400,990,974,2247256,945875,385,Shark
1785196800,981,963,2177757,1288258,385,Shark
1785283200,983,967,2137798,927092,385,Shark
1785369600,1076,1045,2303403,1442436,385,Shark
1785456000,1095,1062,2315659,1451344,385,Shark
1785542400,1089,1064,2202483,1562830,385,Shark
1785628800,1065,1048,2847924,1235396,385,Shark
1785715200,1038,1019,2745165,1287095,385,Shark
1785801600,1030,1012,2149995,1133666,385,Shark
1785888000,1024,1010,1954476,968564,385,Shark
1785974400,1015,1001,2242073,1124801,385,Shark
1786060800,1029,1011,2137832,1187147,385,Shark
1786147200,1016,1000,2313501,1000100,385,Shark
1786233600,1013,998,2336206,1084638,385,Shark
1786320000,1014,1000,2037131,1052264,385,Shark
1786406400,1007,990,2238988,1203079,385,Shark
1786492800,1002,993,1729071,781521,385,Shark
1786579200,1006,993,1882451,974716,385,Shark
1786665600,997,982,1953115,1083710,385,Shark
1786752000,1010,995,2172793,1269327,385,Shark
1786838400,1021,1000,2548834,1444192,385,Shark
1786924800,1010,994,2032363,962661,385,Shark
1787011200,1009,995,1669935,1108611,385,Shark
1787097600,1004,990,2151398,1032440,385,Shark
1787184000,1008,993,1940083,986993,385,Shark
1787270400,1020,1005,2286571,1143770,385,Shark
1787356800,1030,1014,1895162,1263000,385,Shark
1787443200,1009,994,1529905,1121281,385,Shark
1787529600,998,981,1255288,764916,385,Shark
1787616000,993,980,1299523,822100,385,Shark
1756166400,2061,2025,3864140,1275156,536,Dragon bones
1756252800,2079,2046,2858660,1733880,536,Dragon bones
1756339200,2068,2040,2844692,1580578,536,Dragon bones
1756425600,2054,2020,3240021,1651352,536,Dragon bones
1756512000,2067,2030,2724857,1832810,536,Dragon bones
1756598400,2063,2033,2442317,1712831,536,Dragon bones
1756684800,2060,2027,3344972,1758420,536,Dragon bones
1756771200,2071,2038,2401598,1506537,536,Dragon bones
1756857600,2055,2022,2412318,1481283,536,Dragon bones
1756944000,2040,2008,3167079,1261341,536,Dragon bones
1757030400,2054,2019,2241340,1496069,536,Dragon bones
1757116800,2068,2028,2715313,2159111,536,Dragon bones
1757203200,2091,2057,2755926,1922755,536,Dragon bones
1757289600,2107,2072,2217928,1515116,536,Dragon bones
1757376000,2139,2102,2461367,1495952,536,Dragon bones
1757462400,2154,2118,2301903,1720064,536,Dragon bones
1757548800,2164,2128,2500142,1406586,536,Dragon bones
1757635200,2163,2133,2155548,1372863,536,Dragon bones
1757721600,2174,2141,2750326,1622647,536,Dragon bones
1757808000,2197,2166,2855320,1524357,536,Dragon bones
1757894400,2196,2167,2302693,1437544,536,Dragon bones
1757980800,2188,2156,2142758,1111783,536,Dragon bones
1758067200,2174,2126,2615230,1748238,536,Dragon bones
1758153600,2173,2142,2881387,1431697,536,Dragon bones
1758240000,2306,2261,2172631,1589004,536,Dragon bones
1758326400,2384,2339,3208097,2361712,536,Dragon bones
1758412800,2469,2419,2236183,2111399,536,Dragon bones
1758499200,2542,2494,2744151,1960346,536,Dragon bones
1758585600,2580,2550,2391516,1537461,536,Dragon bones
1758672000,2580,2546,2443461,1718268,536,Dragon bones
1758758400,2526,2484,2950875,1406114,536,Dragon bones
1758844800,2420,2382,2758742,1004569,536,Dragon bones
1758931200,2448,2415,2903964,1724609,536,Dragon bones
1759017600,2477,2442,2622377,1692713,536,Dragon bones
1759104000,2526,2476,2044076,1218304,536,Dragon bones
1759190400,2524,2484,1864783,1284013,536,Dragon bones
1759276800,2516,2475,1757006,1298737,536,Dragon bones
1759363200,2502,2462,2056768,1172903,536,Dragon bones
1759449600,2489,2447,2607435,1245372,536,Dragon bones
1759536000,2525,2484,2468701,1509564,536,Dragon bones
1759622400,2523,2490,2698950,1605976,536,Dragon bones
1759708800,2545,2511,2217152,1360668,536,Dragon bones
1759795200,2521,2484,2655478,1423293,536,Dragon bones
1759881600,2493,2447,2542659,1224984,536,Dragon bones
1759968000,2512,2474,1741526,1286336,536,Dragon bones
1760054400,2503,2453,2693159,1316832,536,Dragon bones
1760140800,2465,2411,2521863,1396827,536,Dragon bones
1760227200,2408,2363,2831580,1379334,536,Dragon bones
1760313600,2340,2302,2764441,1423893,536,Dragon bones
1760400000,2278,2237,2487042,1122910,536,Dragon bones
1760486400,2212,2173,2203769,1242956,536,Dragon bones
1760572800,2189,2141,2520410,958643,536,Dragon bones
1760659200,2143,2093,2382582,1090119,536,Dragon bones
1760745600,2107,2063,2144952,905184,536,Dragon bones
1760832000,2092,2056,2477166,1267156,536,Dragon bones
1760918400,2089,2048,2274523,1101144,536,Dragon bones
1761004800,2085,2051,1854724,1087111,536,Dragon bones
1761091200,2103,2068,1806820,1179569,536,Dragon bones
1761177600,2105,2065,2079538,1153001,536,Dragon bones
1761264000,2089,2054,2462461,1164497,536,Dragon bones
1761350400,2078,2041,2371324,1336655,536,Dragon bones
1761436800,2069,2036,2302556,1635843,536,Dragon bones
1761523200,2089,2046,2641547,1713995,536,Dragon bones
1761609600,2061,2030,2803604,1129258,536,Dragon bones
1761696000,2041,2009,2329845,1015278,536,Dragon bones
1761782400,2019,1990,2622227,850274,536,Dragon bones
1761868800,1997,1957,2625739,1232340,536,Dragon bones
1761955200,1956,1921,3250955,1282609,536,Dragon bones
1762041600,1938,1904,2744166,1339559,536,Dragon bones
1762128000,1953,1915,2201389,1583612,536,Dragon bones
1762214400,1930,1902,1963658,1287090,536,Dragon bones
1762300800,1913,1889,2383779,1369274,536,Dragon bones
1762387200,1961,1933,2211027,1259761,536,Dragon bones
1762473600,1987,1954,2602120,1623672,536,Dragon bones
1762560000,1992,1963,2821604,1787183,536,Dragon bones
1762646400,2038,1995,3142763,1790147,536,Dragon bones
1762732800,2031,1998,2275008,1206685,536,Dragon bones
1762819200,2012,1970,2246191,1607685,536,Dragon bones
1762905600,2019,1986,1672312,1073487,536,Dragon bones
1762992000,2015,1986,1788371,1207742,536,Dragon bones
1763078400,1978,1943,3115446,1422921,536,Dragon bones
1763164800,1941,1898,3498470,1606837,536,Dragon bones
1763251200,1925,1893,3158275,1563438,536,Dragon bones
1763337600,1914,1884,2081257,1214345,536,Dragon bones
1763424000,1882,1842,2930271,1722475,536,Dragon bones
1763510400,1869,1836,1382367,900057,536,Dragon bones
1763596800,1788,1744,1421825,750605,536,Dragon bones
1763683200,1759,1730,2385015,880580,536,Dragon bones
1763769600,1752,1723,2385428,1257954,536,Dragon bones
1763856000,1757,1721,2121489,1425424,536,Dragon bones
1763942400,1765,1719,1996115,1308950,536,Dragon bones
1764028800,1763,1731,1610620,860201,536,Dragon bones
1764115200,1747,1723,2186988,948257,536,Dragon bones
1764201600,1712,1668,2181384,1114526,536,Dragon bones
1764288000,1635,1597,2560163,1090787,536,Dragon bones
1764374400,1621,1591,2721466,1117365,536,Dragon bones
1764460800,1628,1608,2160931,1271426,536,Dragon bones
1764547200,1592,1569,2979869,1256796,536,Dragon bones
1764633600,1578,1549,2895747,1332285,536,Dragon bones
1764720000,1597,1564,1922885,1482995,536,Dragon bones
1764806400,1590,1569,1744934,1073176,536,Dragon bones
1764892800,1587,1571,1999284,1058400,536,Dragon bones
1764979200,1578,1553,2890962,1350079,536,Dragon bones
1765065600,1554,1519,3093475,1535539,536,Dragon bones
1765152000,1538,1505,3384620,1409944,536,Dragon bones
1765238400,1544,1521,2091233,1067257,536,Dragon bones
1765324800,1550,1523,1917766,1369929,536,Dragon bones
1765411200,1547,1523,1607167,1090430,536,Dragon bones
1765497600,1538,1513,2309213,1193338,536,Dragon bones
1765584000,1534,1512,2394204,1432716,536,Dragon bones
1765670400,1532,1509,2327936,1358560,536,Dragon bones
1765756800,1528,1504,2204529,1390156,536,Dragon bones
1765843200,1513,1498,2232050,1062073,536,Dragon bones
1765929600,1489,1455,3023099,1326930,536,Dragon bones
1766016000,1460,1435,2961192,1165404,536,Dragon bones
1766102400,1469,1443,2557735,1768587,536,Dragon bones
1766188800,1469,1452,2699106,1274102,536,Dragon bones
1766275200,1481,1459,2159448,1390668,536,Dragon bones
1766361600,1459,1428,4006082,1638436,536,Dragon bones
1766448000,1450,1425,2993736,1242573,536,Dragon bones
1766534400,1463,1444,2748391,1274153,536,Dragon bones
1766620800,1471,1447,2634804,1135312,536,Dragon bones
1766707200,1461,1438,2772465,1413520,536,Dragon bones
1766793600,1465,1444,2446313,1460334,536,Dragon bones
1766880000,1461,1441,3263316,1590496,536,Dragon bones
1766966400,1481,1458,2384398,1700514,536,Dragon bones
1767052800,1514,1486,2756280,1612391,536,Dragon bones
1767139200,1509,1487,3232808,1678134,536,Dragon bones
1767225600,1503,1477,3305365,1445389,536,Dragon bones
1767312000,1510,1488,2803414,1405757,536,Dragon bones
1767398400,1527,1502,3550793,1969503,536,Dragon bones
1767484800,1537,1512,3894819,2396482,536,Dragon bones
1767571200,1576,1543,3342568,2469141,536,Dragon bones
1767657600,1569,1547,3145796,1419186,536,Dragon bones
1767744000,1589,1566,2808530,1565768,536,Dragon bones
1767830400,1607,1578,3094380,1649839,536,Dragon bones
1767916800,1594,1571,3297011,1507934,536,Dragon bones
1768003200,1592,1569,3607191,1603738,536,Dragon bones
1768089600,1593,1569,3914233,1674502,536,Dragon bones
1768176000,1598,1576,2996555,1440419,536,Dragon bones
1768262400,1586,1562,3898474,1375702,536,Dragon bones
1768348800,1581,1559,2891948,1497991,536,Dragon bones
1768435200,1585,1561,3063068,1395842,536,Dragon bones
1768521600,1587,1567,3109904,1593828,536,Dragon bones
1768608000,1583,1568,4491783,1818690,536,Dragon bones
1768694400,1588,1572,4560615,1696608,536,Dragon bones
1768780800,1576,1551,4478101,1483783,536,Dragon bones
1768867200,1605,1582,3093937,1855621,536,Dragon bones
1768953600,1609,1589,3216957,1725556,536,Dragon bones
1769040000,1683,1664,3067011,2055016,536,Dragon bones
1769126400,1783,1753,4144770,2129059,536,Dragon bones
1769212800,1781,1753,3572530,2154096,536,Dragon bones
1769299200,1810,1784,3935172,2381387,536,Dragon bones
1769385600,1831,1807,3181393,2070834,536,Dragon bones
1769472000,1883,1858,3238360,1905467,536,Dragon bones
1769558400,1894,1865,2747564,2195811,536,Dragon bones
1769644800,1948,1918,2067412,1781102,536,Dragon bones
1769731200,1963,1927,3117768,2612200,536,Dragon bones
1769817600,1966,1954,3391623,1546581,536,Dragon bones
1769904000,1955,1930,3484358,2185131,536,Dragon bones
1769990400,1978,1959,2131736,1452429,536,Dragon bones
1770076800,1982,1961,1541653,1641898,536,Dragon bones
1770163200,1985,1972,2024980,1116865,536,Dragon bones
1770249600,1983,1966,2189009,1527708,536,Dragon bones
1770336000,2038,2005,2158790,1907751,536,Dragon bones
1770422400,2063,2031,2802679,2073443,536,Dragon bones
1770508800,2070,2050,2445631,1779731,536,Dragon bones
1770595200,2064,2039,1958398,1789360,536,Dragon bones
1770681600,2071,2051,1783297,1449296,536,Dragon bones
1770768000,2052,2034,2276238,1540232,536,Dragon bones
1770854400,2072,2053,2145196,1244359,536,Dragon bones
1770940800,2079,2057,2196647,1289586,536,Dragon bones
1771027200,2081,2066,2319559,1311191,536,Dragon bones
1771113600,2082,2068,2496930,1622842,536,Dragon bones
1771200000,2095,2073,2354186,1420753,536,Dragon bones
1771286400,2147,2106,1975894,1703135,536,Dragon bones
1771372800,2181,2141,2194871,1470878,536,Dragon bones
1771459200,2181,2161,1271869,1447786,536,Dragon bones
1771545600,2218,2183,1618275,1727863,536,Dragon bones
1771632000,2235,2208,2824115,1728742,536,Dragon bones
1771718400,2205,2181,3281808,2620362,536,Dragon bones
1771804800,2279,2241,2346560,1913676,536,Dragon bones
1771891200,2303,2262,1924470,1815475,536,Dragon bones
1771977600,2251,2225,3167705,1817610,536,Dragon bones
1772064000,2140,2133,2706982,1516221,536,Dragon bones
1772150400,2087,2066,2702330,1386668,536,Dragon bones
1772236800,2128,2107,2210211,1903966,536,Dragon bones
1772323200,2070,2050,2394208,1890657,536,Dragon bones
1772409600,2100,2083,1899187,1607529,536,Dragon bones
1772496000,2162,2131,1668984,1416820,536,Dragon bones
1772582400,2161,2145,1190047,1394720,536,Dragon bones
1772668800,2164,2156,1522923,1392420,536,Dragon bones
1772755200,2229,2185,1465643,1817981,536,Dragon bones
1772841600,2217,2195,1716781,1691834,536,Dragon bones
1772928000,2201,2168,2490466,1961592,536,Dragon bones
1773014400,2143,2130,2478295,1569311,536,Dragon bones
1773100800,2208,2180,1602288,1647638,536,Dragon bones
1773187200,2207,2184,1552761,1496956,536,Dragon bones
1773273600,2220,2195,1551050,1354308,536,Dragon bones
1773360000,2223,2208,1492007,1484077,536,Dragon bones
1773446400,2224,2201,1662721,1341328,536,Dragon bones
1773532800,2191,2157,2455624,1558636,536,Dragon bones
1773619200,2210,2170,1398414,1414765,536,Dragon bones
1773705600,2224,2201,1056971,1355504,536,Dragon bones
1773792000,2223,2202,1189288,1329194,536,Dragon bones
1773878400,2224,2213,1576094,1493210,536,Dragon bones
1773964800,2266,2234,1586192,1668330,536,Dragon bones
1774051200,2260,2223,2005570,1369051,536,Dragon bones
1774137600,2233,2212,1646973,1306441,536,Dragon bones
1774224000,2294,2254,1412968,1737986,536,Dragon bones
1774310400,2308,2283,1312281,1256137,536,Dragon bones
1774396800,2280,2244,1404846,1161953,536,Dragon bones
1774483200,2257,2219,1751182,1182092,536,Dragon bones
1774569600,2275,2247,1437179,1291175,536,Dragon bones
1774656000,2281,2249,1566983,1544923,536,Dragon bones
1774742400,2273,2248,1824513,1869223,536,Dragon bones
1774828800,2287,2263,1305597,1413982,536,Dragon bones
1774915200,2328,2284,1186527,1439965,536,Dragon bones
1775001600,2322,2301,1432593,1079241,536,Dragon bones
1775088000,2330,2313,1379813,1029116,536,Dragon bones
1775174400,2355,2327,1481845,1441076,536,Dragon bones
1775260800,2394,2358,1444138,1272837,536,Dragon bones
1775347200,2397,2373,1517094,1407235,536,Dragon bones
1775433600,2408,2386,1225293,1144566,536,Dragon bones
1775520000,2411,2385,1093146,1004648,536,Dragon bones
1775606400,2357,2328,1490774,1106569,536,Dragon bones
1775692800,2309,2271,2204259,903959,536,Dragon bones
1775779200,2319,2301,1191376,1123649,536,Dragon bones
1775865600,2400,2366,1336395,1426918,536,Dragon bones
1775952000,2444,2399,1534375,1686050,536,Dragon bones
1776038400,2422,2389,1441423,1198617,536,Dragon bones
1776124800,2453,2421,1389172,1026772,536,Dragon bones
1776211200,2419,2406,1198955,902496,536,Dragon bones
1776297600,2468,2441,894510,730857,536,Dragon bones
1776384000,2485,2452,1108644,670603,536,Dragon bones
1776470400,2469,2441,1381506,905123,536,Dragon bones
1776556800,2489,2460,1209128,920582,536,Dragon bones
1776643200,2557,2525,1079099,909385,536,Dragon bones
1776729600,2560,2521,920036,932838,536,Dragon bones
1776816000,2545,2516,1050272,730265,536,Dragon bones
1776902400,2609,2579,1166378,796150,536,Dragon bones
1776988800,2587,2564,1048891,987441,536,Dragon bones
1777075200,2652,2611,1109714,996073,536,Dragon bones
1777161600,2625,2590,1014131,1014346,536,Dragon bones
1777248000,2602,2592,1004553,778553,536,Dragon bones
1777334400,2635,2617,862036,861327,536,Dragon bones
1777420800,2617,2577,1141563,876539,536,Dragon bones
1777507200,2592,2554,938981,953529,536,Dragon bones
1777593600,2675,2618,1013687,1153826,536,Dragon bones
1777680000,2690,2634,1024929,963948,536,Dragon bones
1777766400,2715,2684,1290670,1251512,536,Dragon bones
1777852800,2777,2733,1013775,913538,536,Dragon bones
1777939200,2777,2749,786483,921733,536,Dragon bones
1778025600,2777,2748,924700,886673,536,Dragon bones
1778112000,2838,2798,894473,905785,536,Dragon bones
1778198400,2801,2775,1127230,774080,536,Dragon bones
1778284800,2847,2802,1051230,1161110,536,Dragon bones
1778371200,2841,2804,1288025,994231,536,Dragon bones
1778457600,2847,2812,1095714,1016610,536,Dragon bones
1778544000,2853,2841,998482,816149,536,Dragon bones
1778630400,2866,2845,978058,797297,536,Dragon bones
1778716800,2855,2831,892058,793429,536,Dragon bones
1778803200,2889,2865,921485,1160204,536,Dragon bones
1778889600,2867,2839,1142736,1235438,536,Dragon bones
1778976000,2877,2842,1244438,996696,536,Dragon bones
1779062400,2927,2887,1011466,889844,536,Dragon bones
1779148800,2945,2912,948729,813729,536,Dragon bones
1779235200,2915,2881,835061,1060881,536,Dragon bones
1779321600,2891,2836,864311,839422,536,Dragon bones
1779408000,2887,2848,1006981,965234,536,Dragon bones
1779494400,2942,2893,1000018,1170747,536,Dragon bones
1779580800,2923,2882,1119872,1305055,536,Dragon bones
1779667200,2938,2891,1650057,1162058,536,Dragon bones
1779753600,2943,2913,958530,966203,536,Dragon bones
1779840000,2938,2913,908863,715715,536,Dragon bones
1779926400,2871,2854,1425301,705668,536,Dragon bones
1780012800,2843,2852,1018617,805893,536,Dragon bones
1780099200,2944,2894,843741,977943,536,Dragon bones
1780185600,2941,2891,1169766,1141419,536,Dragon bones
1780272000,2938,2903,1031391,940770,536,Dragon bones
1780358400,2961,2918,929686,971474,536,Dragon bones
1780444800,2943,2889,1101276,1268157,536,Dragon bones
1780531200,2944,2899,1033567,990165,536,Dragon bones
1780617600,2927,2882,1244946,1088181,536,Dragon bones
1780704000,2945,2903,1250679,1079867,536,Dragon bones
1780790400,2941,2909,976337,1164997,536,Dragon bones
1780876800,2926,2902,1268713,1009304,536,Dragon bones
1780963200,2949,2909,922017,993776,536,Dragon bones
1781049600,2949,2911,1065738,941214,536,Dragon bones
1781136000,2966,2922,990783,1113790,536,Dragon bones
1781222400,2961,2914,854327,1300165,536,Dragon bones
1781308800,2953,2919,1059484,1205430,536,Dragon bones
1781395200,2967,2931,1278129,1217624,536,Dragon bones
1781481600,2973,2943,1048339,1064493,536,Dragon bones
1781568000,2983,2940,1316831,1085752,536,Dragon bones
1781654400,2981,2952,1078489,911094,536,Dragon bones
1781740800,2975,2934,1068493,1153524,536,Dragon bones
1781827200,2918,2931,1125815,1057964,536,Dragon bones
1781913600,2955,2914,1167175,1051893,536,Dragon bones
1782000000,2978,2943,1017216,1055312,536,Dragon bones
1782086400,2976,2935,1085846,1251434,536,Dragon bones
1782172800,2977,2941,1003046,912367,536,Dragon bones
1782259200,2996,2961,888948,955227,536,Dragon bones
1782345600,3003,2963,954269,1013711,536,Dragon bones
1782432000,3018,2985,824635,897006,536,Dragon bones
1782518400,3027,2989,997459,1045291,536,Dragon bones
1782604800,3041,3001,1423841,1279515,536,Dragon bones
1782691200,3026,2984,1274262,1289066,536,Dragon bones
1782777600,3019,2979,842149,1037664,536,Dragon bones
1782864000,2993,2947,1160237,1362413,536,Dragon bones
1782950400,3001,2961,1240632,1121097,536,Dragon bones
1783036800,3025,2980,1263312,1685031,536,Dragon bones
1783123200,2998,2957,988149,1330931,536,Dragon bones
1783209600,3038,2986,1299879,1426333,536,Dragon bones
1783296000,3048,2999,1200309,1349011,536,Dragon bones
1783382400,3047,3005,1016753,1147643,536,Dragon bones
1783468800,3049,3014,1126799,1034682,536,Dragon bones
1783555200,3058,3022,945998,1009169,536,Dragon bones
1783641600,3051,3014,1222484,1153940,536,Dragon bones
1783728000,3058,3025,1029520,1219274,536,Dragon bones
1783814400,3125,3073,1367258,1474435,536,Dragon bones
1783900800,3162,3110,1196347,1273365,536,Dragon bones
1783987200,3155,3121,889301,1071090,536,Dragon bones
1784073600,3177,3146,952515,1149313,536,Dragon bones
1784160000,3185,3147,1095279,1177152,536,Dragon bones
1784246400,3194,3156,1058081,1109457,536,Dragon bones
1784332800,3255,3197,1397766,1504038,536,Dragon bones
1784419200,3297,3231,1554337,1695039,536,Dragon bones
1784505600,3273,3250,1307598,1207808,536,Dragon bones
1784592000,3203,3218,1520213,1264207,536,Dragon bones
1784678400,3250,3187,1301068,1253387,536,Dragon bones
1784764800,3251,3198,1153225,1321272,536,Dragon bones
1784851200,3326,3268,1063673,1392031,536,Dragon bones
1784937600,3318,3277,975999,1111138,536,Dragon bones
1785024000,3409,3357,1215419,1646984,536,Dragon bones
1785110400,3407,3362,1336551,1427212,536,Dragon bones
1785196800,3360,3302,945398,1005517,536,Dragon bones
1785283200,3318,3261,1152307,1260043,536,Dragon bones
1785369600,3321,3281,1205817,1185318,536,Dragon bones
1785456000,3392,3320,1118708,1422494,536,Dragon bones
1785542400,3330,3287,1244709,1309407,536,Dragon bones
1785628800,3317,3258,1458328,1506304,536,Dragon bones
1785715200,3362,3306,1091373,1121701,536,Dragon bones
1785801600,3315,3285,1105019,1305816,536,Dragon bones
1785888000,3323,3281,1068215,1266725,536,Dragon bones
1785974400,3277,3225,1310355,1036250,536,Dragon bones
1786060800,3262,3197,1707315,1260208,536,Dragon bones
1786147200,3229,3203,1200426,1109896,536,Dragon bones
1786233600,3229,3181,1693398,1384798,536,Dragon bones
1786320000,3206,3165,1220852,1082139,536,Dragon bones
1786406400,3215,3176,884846,1095743,536,Dragon bones
1786492800,3213,3179,970768,1162451,536,Dragon bones
1786579200,3213,3185,1125050,1362279,536,Dragon bones
1786665600,3214,3180,1113741,1061047,536,Dragon bones
1786752000,3217,3173,1194223,1276353,536,Dragon bones
1786838400,3171,3107,1391434,1307155,536,Dragon bones
1786924800,3161,3110,1353227,1147335,536,Dragon bones
1787011200,3193,3136,1319435,1214795,536,Dragon bones
1787097600,3228,3184,1561582,1244564,536,Dragon bones
1787184000,3225,3195,1277706,1234646,536,Dragon bones
1787270400,3203,3160,1203117,1298695,536,Dragon bones
1787356800,3160,3181,1172736,972669,536,Dragon bones
1787443200,3229,3183,1077823,1100312,536,Dragon bones
1787529600,3273,3223,787177,932201,536,Dragon bones
1787616000,3295,3248,680812,1041252,536,Dragon bones
1756166400,169,165,50336463,15092360,12934,Zulrah's scales
1756252800,168,165,49507395,15056620,12934,Zulrah's scales
1756339200,167,164,47875965,16039201,12934,Zulrah's scales
1756425600,167,163,50971948,14948258,12934,Zulrah's scales
1756512000,165,162,54102778,17129852,12934,Zulrah's scales
1756598400,166,162,55056407,19492839,12934,Zulrah's scales
1756684800,170,166,48199958,21468711,12934,Zulrah's scales
1756771200,172,168,45876552,19827085,12934,Zulrah's scales
1756857600,173,169,47503694,18340163,12934,Zulrah's scales
1756944000,175,172,47433493,18044492,12934,Zulrah's scales
1757030400,185,180,40662716,24608589,12934,Zulrah's scales
1757116800,192,188,47530717,24019629,12934,Zulrah's scales
1757203200,197,192,50344752,28967586,12934,Zulrah's scales
1757289600,199,195,39297416,20408307,12934,Zulrah's scales
1757376000,197,194,37770150,16813868,12934,Zulrah's scales
1757462400,197,194,34477066,16796792,12934,Zulrah's scales
1757548800,198,194,37459823,17879628,12934,Zulrah's scales
1757635200,202,199,34850982,18853326,12934,Zulrah's scales
1757721600,208,203,40884308,24049391,12934,Zulrah's scales
1757808000,211,206,44199989,25818995,12934,Zulrah's scales
1757894400,211,207,36399765,17715861,12934,Zulrah's scales
1757980800,214,210,33353924,18493765,12934,Zulrah's scales
1758067200,219,215,37754628,22128172,12934,Zulrah's scales
1758153600,218,214,30324298,15805410,12934,Zulrah's scales
1758240000,218,214,32111782,16148076,12934,Zulrah's scales
1758326400,218,214,36780575,18320482,12934,Zulrah's scales
1758412800,218,215,41156300,19092997,12934,Zulrah's scales
1758499200,218,215,33611728,17747745,12934,Zulrah's scales
1758585600,219,215,35604010,15956520,12934,Zulrah's scales
1758672000,219,215,29797181,14713827,12934,Zulrah's scales
1758758400,219,216,30381741,15085775,12934,Zulrah's scales
1758844800,222,218,32933274,15144242,12934,Zulrah's scales
1758931200,224,220,41166562,19308043,12934,Zulrah's scales
1759017600,226,222,40281079,23619610,12934,Zulrah's scales
1759104000,225,221,30871887,17609810,12934,Zulrah's scales
1759190400,223,220,30102947,16394715,12934,Zulrah's scales
1759276800,222,217,31566917,15414552,12934,Zulrah's scales
1759363200,218,214,34483175,16123492,12934,Zulrah's scales
1759449600,214,210,37905070,15643230,12934,Zulrah's scales
1759536000,213,209,35425465,20034248,12934,Zulrah's scales
1759622400,212,208,36148040,20110929,12934,Zulrah's scales
1759708800,211,207,35696852,17615539,12934,Zulrah's scales
1759795200,209,205,33141159,15850035,12934,Zulrah's scales
1759881600,209,205,30025403,14779651,12934,Zulrah's scales
1759968000,208,204,26905192,16016420,12934,Zulrah's scales
1760054400,208,204,28238347,15642278,12934,Zulrah's scales
1760140800,207,203,36512621,17731208,12934,Zulrah's scales
1760227200,212,207,36572018,20434635,12934,Zulrah's scales
1760313600,212,208,31198798,16339430,12934,Zulrah's scales
1760400000,213,209,25403736,13714036,12934,Zulrah's scales
1760486400,214,210,26543705,13520907,12934,Zulrah's scales
1760572800,216,211,23741829,10027467,12934,Zulrah's scales
1760659200,219,213,27704234,12700510,12934,Zulrah's scales
1760745600,221,217,26283382,15380344,12934,Zulrah's scales
1760832000,222,217,30860792,16222185,12934,Zulrah's scales
1760918400,222,218,28547959,12299825,12934,Zulrah's scales
1761004800,222,218,27742505,14814719,12934,Zulrah's scales
1761091200,224,220,28453635,14946567,12934,Zulrah's scales
1761177600,224,220,26445095,13304611,12934,Zulrah's scales
1761264000,225,221,27986334,14588995,12934,Zulrah's scales
1761350400,226,222,33727252,15834195,12934,Zulrah's scales
1761436800,227,223,35880804,16166055,12934,Zulrah's scales
1761523200,227,223,31674859,16019605,12934,Zulrah's scales
1761609600,228,223,30754188,14067479,12934,Zulrah's scales
1761696000,229,225,30377407,16909521,12934,Zulrah's scales
1761782400,232,227,35375499,13350609,12934,Zulrah's scales
1761868800,231,227,30570554,16752078,12934,Zulrah's scales
1761955200,231,226,36725562,16413164,12934,Zulrah's scales
1762041600,229,224,41719046,18488064,12934,Zulrah's scales
1762128000,225,220,37199006,16871487,12934,Zulrah's scales
1762214400,223,218,34078506,17440005,12934,Zulrah's scales
1762300800,218,213,28578239,17767166,12934,Zulrah's scales
1762387200,205,201,30837506,13933009,12934,Zulrah's scales
1762473600,201,196,31357762,14216550,12934,Zulrah's scales
1762560000,200,196,36114177,17000189,12934,Zulrah's scales
1762646400,199,196,36322137,17028903,12934,Zulrah's scales
1762732800,203,199,29682918,16243731,12934,Zulrah's scales
1762819200,211,207,32560335,21721311,12934,Zulrah's scales
1762905600,211,206,32247126,16132192,12934,Zulrah's scales
1762992000,210,206,27759733,13767720,12934,Zulrah's scales
1763078400,210,206,27016178,16273204,12934,Zulrah's scales
1763164800,210,206,35583353,19853026,12934,Zulrah's scales
1763251200,212,208,40151800,20351575,12934,Zulrah's scales
1763337600,210,206,34810798,19594775,12934,Zulrah's scales
1763424000,207,202,31734155,16712735,12934,Zulrah's scales
1763510400,196,193,21955322,9385471,12934,Zulrah's scales
1763596800,197,193,13842692,7343608,12934,Zulrah's scales
1763683200,208,204,21464635,15293506,12934,Zulrah's scales
1763769600,220,215,23895093,18603997,12934,Zulrah's scales
1763856000,221,216,29901720,15037844,12934,Zulrah's scales
1763942400,222,217,30026955,12742777,12934,Zulrah's scales
1764028800,228,223,22635394,16211846,12934,Zulrah's scales
1764115200,234,229,23290884,17912531,12934,Zulrah's scales
1764201600,237,232,25787558,15216226,12934,Zulrah's scales
1764288000,235,231,22926416,10270243,12934,Zulrah's scales
1764374400,237,233,24387653,14089791,12934,Zulrah's scales
1764460800,237,233,29322979,16184146,12934,Zulrah's scales
1764547200,235,230,25621044,13049333,12934,Zulrah's scales
1764633600,233,229,28393874,11763786,12934,Zulrah's scales
1764720000,233,228,25518396,11854693,12934,Zulrah's scales
1764806400,237,232,27761146,14151065,12934,Zulrah's scales
1764892800,241,236,27320462,15163485,12934,Zulrah's scales
1764979200,245,240,32750115,15520874,12934,Zulrah's scales
1765065600,245,240,34236111,14575572,12934,Zulrah's scales
1765152000,245,240,30504437,11594880,12934,Zulrah's scales
1765238400,241,237,26273214,12956228,12934,Zulrah's scales
1765324800,238,232,25159825,12736199,12934,Zulrah's scales
1765411200,235,231,25682125,11233269,12934,Zulrah's scales
1765497600,236,231,25187395,12956056,12934,Zulrah's scales
1765584000,235,231,28615983,14285754,12934,Zulrah's scales
1765670400,241,237,33795243,19024460,12934,Zulrah's scales
1765756800,241,236,28524110,16664993,12934,Zulrah's scales
1765843200,241,237,29058478,14247184,12934,Zulrah's scales
1765929600,240,236,25702754,13009848,12934,Zulrah's scales
1766016000,239,235,24895136,12845434,12934,Zulrah's scales
1766102400,238,233,26058832,13131899,12934,Zulrah's scales
1766188800,237,232,30091192,15107471,12934,Zulrah's scales
1766275200,238,233,35045087,16798391,12934,Zulrah's scales
1766361600,236,232,29636960,15353414,12934,Zulrah's scales
1766448000,236,232,26888348,15309483,12934,Zulrah's scales
1766534400,235,231,20526615,14053902,12934,Zulrah's scales
1766620800,235,231,22020891,11917868,12934,Zulrah's scales
1766707200,235,231,25967383,13037957,12934,Zulrah's scales
1766793600,235,230,30668259,16384791,12934,Zulrah's scales
1766880000,232,228,30825165,18655018,12934,Zulrah's scales
1766966400,230,226,29986907,15529053,12934,Zulrah's scales
1767052800,229,225,28734681,15335522,12934,Zulrah's scales
1767139200,226,222,25751485,16490004,12934,Zulrah's scales
1767225600,225,221,28106820,16522430,12934,Zulrah's scales
1767312000,225,220,32716441,16950178,12934,Zulrah's scales
1767398400,225,221,33699232,17126032,12934,Zulrah's scales
1767484800,225,221,34844207,21602128,12934,Zulrah's scales
1767571200,224,220,29261107,18704693,12934,Zulrah's scales
1767657600,223,220,27704932,15107601,12934,Zulrah's scales
1767744000,222,218,26548015,14906674,12934,Zulrah's scales
1767830400,216,212,33460001,14354357,12934,Zulrah's scales
1767916800,195,190,45484191,12397610,12934,Zulrah's scales
1768003200,180,176,55107786,14929504,12934,Zulrah's scales
1768089600,169,164,61171039,15555615,12934,Zulrah's scales
1768176000,158,153,51678289,11839677,12934,Zulrah's scales
1768262400,167,163,41547245,15524694,12934,Zulrah's scales
1768348800,175,171,31216911,19389271,12934,Zulrah's scales
1768435200,177,173,36202959,18304013,12934,Zulrah's scales
1768521600,175,171,37703217,14138567,12934,Zulrah's scales
1768608000,174,171,41894731,16740355,12934,Zulrah's scales
1768694400,171,166,48119323,17898210,12934,Zulrah's scales
1768780800,168,164,41721500,14886295,12934,Zulrah's scales
1768867200,167,164,35172234,12442249,12934,Zulrah's scales
1768953600,167,164,31018804,14263295,12934,Zulrah's scales
1769040000,172,169,31881999,21757499,12934,Zulrah's scales
1769126400,176,172,35523758,19615930,12934,Zulrah's scales
1769212800,177,173,44592322,19007983,12934,Zulrah's scales
1769299200,176,173,44604849,21258696,12934,Zulrah's scales
1769385600,175,172,39106738,15476096,12934,Zulrah's scales
1769472000,176,173,31597375,16823063,12934,Zulrah's scales
1769558400,178,174,33553030,16234511,12934,Zulrah's scales
1769644800,178,175,29586374,16874384,12934,Zulrah's scales
1769731200,182,179,33462153,15553571,12934,Zulrah's scales
1769817600,186,183,33551769,22090340,12934,Zulrah's scales
1769904000,184,180,33645049,17537406,12934,Zulrah's scales
1769990400,182,179,26289535,18202001,12934,Zulrah's scales
1770076800,182,179,23816298,18296178,12934,Zulrah's scales
1770163200,184,181,20955206,15808982,12934,Zulrah's scales
1770249600,184,181,22846936,18629117,12934,Zulrah's scales
1770336000,184,181,22747749,19558831,12934,Zulrah's scales
1770422400,184,181,31148872,23282257,12934,Zulrah's scales
1770508800,184,181,34322807,20420015,12934,Zulrah's scales
1770595200,184,181,25362649,16666197,12934,Zulrah's scales
1770681600,184,181,22353756,16716295,12934,Zulrah's scales
1770768000,184,180,24212954,19739201,12934,Zulrah's scales
1770854400,183,180,22995928,18445453,12934,Zulrah's scales
1770940800,184,180,23299272,18833459,12934,Zulrah's scales
1771027200,183,180,30602543,18572458,12934,Zulrah's scales
1771113600,182,180,34534170,22021329,12934,Zulrah's scales
1771200000,183,180,31376190,18136424,12934,Zulrah's scales
1771286400,183,180,29639475,16453437,12934,Zulrah's scales
1771372800,183,180,23976675,14843235,12934,Zulrah's scales
1771459200,183,181,22354466,13732078,12934,Zulrah's scales
1771545600,186,182,28494425,17946535,12934,Zulrah's scales
1771632000,186,183,33367029,19760218,12934,Zulrah's scales
1771718400,188,184,30981575,20097950,12934,Zulrah's scales
1771804800,192,188,32220430,20274322,12934,Zulrah's scales
1771891200,194,189,32136581,20475302,12934,Zulrah's scales
1771977600,192,189,29190583,15921488,12934,Zulrah's scales
1772064000,192,189,28395252,15488445,12934,Zulrah's scales
1772150400,191,188,29771853,18389903,12934,Zulrah's scales
1772236800,190,187,32598470,17655315,12934,Zulrah's scales
1772323200,190,187,36703147,20388700,12934,Zulrah's scales
1772409600,190,187,26612841,16617043,12934,Zulrah's scales
1772496000,191,187,25844765,15543863,12934,Zulrah's scales
1772582400,190,187,24353180,14058771,12934,Zulrah's scales
1772668800,190,187,23428508,14789377,12934,Zulrah's scales
1772755200,190,187,26495347,13360798,12934,Zulrah's scales
1772841600,190,187,30684981,21052363,12934,Zulrah's scales
1772928000,190,187,31270276,18727312,12934,Zulrah's scales
1773014400,191,188,25828375,15645589,12934,Zulrah's scales
1773100800,191,188,24700680,15863191,12934,Zulrah's scales
1773187200,191,188,23113585,15205341,12934,Zulrah's scales
1773273600,191,188,21880767,18271466,12934,Zulrah's scales
1773360000,190,187,25489789,17896951,12934,Zulrah's scales
1773446400,190,187,26506680,18943459,12934,Zulrah's scales
1773532800,189,186,29492675,19501926,12934,Zulrah's scales
1773619200,189,186,24989239,16904657,12934,Zulrah's scales
1773705600,187,185,20015018,16516658,12934,Zulrah's scales
1773792000,187,184,21808819,14411440,12934,Zulrah's scales
1773878400,186,183,24035223,14174322,12934,Zulrah's scales
1773964800,186,183,22178443,17993671,12934,Zulrah's scales
1774051200,185,182,26914935,16712346,12934,Zulrah's scales
1774137600,185,182,28730074,19657237,12934,Zulrah's scales
1774224000,185,182,19572255,16037379,12934,Zulrah's scales
1774310400,185,182,23549112,14339630,12934,Zulrah's scales
1774396800,186,183,21295889,14252484,12934,Zulrah's scales
1774483200,187,184,22680719,15436776,12934,Zulrah's scales
1774569600,187,184,22946969,14714408,12934,Zulrah's scales
1774656000,186,183,26223974,16712858,12934,Zulrah's scales
1774742400,185,182,28635525,16438005,12934,Zulrah's scales
1774828800,184,182,22427071,17047320,12934,Zulrah's scales
1774915200,184,181,20867088,13399252,12934,Zulrah's scales
1775001600,184,181,22678273,13172498,12934,Zulrah's scales
1775088000,184,181,19210437,13341863,12934,Zulrah's scales
1775174400,184,181,23619673,15528443,12934,Zulrah's scales
1775260800,185,181,29687724,15595033,12934,Zulrah's scales
1775347200,184,181,28191617,17768442,12934,Zulrah's scales
1775433600,184,181,21810992,15913376,12934,Zulrah's scales
1775520000,185,182,20458508,14415816,12934,Zulrah's scales
1775606400,184,182,21191651,13466688,12934,Zulrah's scales
1775692800,183,181,19990366,13764477,12934,Zulrah's scales
1775779200,183,180,21578033,13771915,12934,Zulrah's scales
1775865600,183,180,25433769,15451756,12934,Zulrah's scales
1775952000,182,180,23286922,16266928,12934,Zulrah's scales
1776038400,181,178,23040082,14729219,12934,Zulrah's scales
1776124800,180,177,17301595,12382458,12934,Zulrah's scales
1776211200,179,176,15584164,11733268,12934,Zulrah's scales
1776297600,179,177,12600710,7664872,12934,Zulrah's scales
1776384000,179,177,11963431,8261970,12934,Zulrah's scales
1776470400,179,176,14272882,11147468,12934,Zulrah's scales
1776556800,179,176,12264367,10181104,12934,Zulrah's scales
1776643200,180,177,12570074,9822617,12934,Zulrah's scales
1776729600,180,177,11893345,8822521,12934,Zulrah's scales
1776816000,180,178,12137964,7639965,12934,Zulrah's scales
1776902400,182,179,12671282,7889811,12934,Zulrah's scales
1776988800,183,180,14881679,8817370,12934,Zulrah's scales
1777075200,183,180,18598485,10745842,12934,Zulrah's scales
1777161600,184,181,16202962,11290882,12934,Zulrah's scales
1777248000,186,183,12444181,8945158,12934,Zulrah's scales
1777334400,186,183,11697690,9899372,12934,Zulrah's scales
1777420800,186,183,12817224,8916662,12934,Zulrah's scales
1777507200,186,183,13155037,8486355,12934,Zulrah's scales
1777593600,186,183,13570795,9217855,12934,Zulrah's scales
1777680000,186,181,15547025,13649638,12934,Zulrah's scales
1777766400,186,182,15655215,11604923,12934,Zulrah's scales
1777852800,186,183,13515620,10059445,12934,Zulrah's scales
1777939200,186,183,13920176,9217579,12934,Zulrah's scales
1778025600,186,184,12413863,9884007,12934,Zulrah's scales
1778112000,186,184,13674334,10304235,12934,Zulrah's scales
1778198400,186,184,12021358,9444740,12934,Zulrah's scales
1778284800,187,183,16678751,12325049,12934,Zulrah's scales
1778371200,186,183,16976630,12349312,12934,Zulrah's scales
1778457600,186,183,12818292,10403676,12934,Zulrah's scales
1778544000,185,182,14956393,9869311,12934,Zulrah's scales
1778630400,184,182,13395144,8757355,12934,Zulrah's scales
1778716800,182,180,19745256,9876077,12934,Zulrah's scales
1778803200,183,179,15167720,10241772,12934,Zulrah's scales
1778889600,181,177,19512951,11614397,12934,Zulrah's scales
1778976000,181,178,16963324,11597414,12934,Zulrah's scales
1779062400,179,176,14897087,9857045,12934,Zulrah's scales
1779148800,179,176,14417766,10210465,12934,Zulrah's scales
1779235200,179,176,14926154,9127330,12934,Zulrah's scales
1779321600,179,176,14458162,9035047,12934,Zulrah's scales
1779408000,178,176,16349390,10753817,12934,Zulrah's scales
1779494400,178,175,18771494,12068973,12934,Zulrah's scales
1779580800,178,175,19239820,11777605,12934,Zulrah's scales
1779667200,178,175,18693311,11326653,12934,Zulrah's scales
1779753600,177,175,16843174,10682303,12934,Zulrah's scales
1779840000,178,175,14394769,9999365,12934,Zulrah's scales
1779926400,179,176,15152980,9858268,12934,Zulrah's scales
1780012800,179,176,14794874,11277093,12934,Zulrah's scales
1780099200,180,177,18747453,14333833,12934,Zulrah's scales
1780185600,181,177,20264248,14188061,12934,Zulrah's scales
1780272000,181,178,16663436,12191223,12934,Zulrah's scales
1780358400,182,179,18174711,11230498,12934,Zulrah's scales
1780444800,182,179,15658857,10478592,12934,Zulrah's scales
1780531200,183,180,15795503,10449980,12934,Zulrah's scales
1780617600,182,180,17356180,12231821,12934,Zulrah's scales
1780704000,182,179,20734496,13121696,12934,Zulrah's scales
1780790400,181,178,19590779,13880727,12934,Zulrah's scales
1780876800,180,176,20606041,13125422,12934,Zulrah's scales
1780963200,179,176,18626212,13307551,12934,Zulrah's scales
1781049600,179,176,16037774,12168176,12934,Zulrah's scales
1781136000,179,176,17050940,12423830,12934,Zulrah's scales
1781222400,178,176,18315863,13311145,12934,Zulrah's scales
1781308800,179,176,24344319,12330198,12934,Zulrah's scales
1781395200,181,177,22610293,15568265,12934,Zulrah's scales
1781481600,182,178,18837379,12843373,12934,Zulrah's scales
1781568000,181,178,19341661,14657511,12934,Zulrah's scales
1781654400,181,178,19165388,13732001,12934,Zulrah's scales
1781740800,180,178,20529231,14353100,12934,Zulrah's scales
1781827200,180,178,18041180,13297638,12934,Zulrah's scales
1781913600,180,177,21812093,14599335,12934,Zulrah's scales
1782000000,179,177,22164431,15239891,12934,Zulrah's scales
1782086400,180,176,19667677,14000667,12934,Zulrah's scales
1782172800,179,176,17839824,11053596,12934,Zulrah's scales
1782259200,179,176,19105569,12624385,12934,Zulrah's scales
1782345600,179,176,17648412,11601394,12934,Zulrah's scales
1782432000,179,176,18475284,13234375,12934,Zulrah's scales
1782518400,178,175,21692336,14105465,12934,Zulrah's scales
1782604800,178,175,26401944,14191936,12934,Zulrah's scales
1782691200,177,174,23615532,13928627,12934,Zulrah's scales
1782777600,177,173,18870779,13962636,12934,Zulrah's scales
1782864000,174,171,25531411,15457149,12934,Zulrah's scales
1782950400,172,168,25952884,17555032,12934,Zulrah's scales
1783036800,170,167,31361699,15644460,12934,Zulrah's scales
1783123200,169,165,28453883,16047670,12934,Zulrah's scales
1783209600,170,166,27640164,15361274,12934,Zulrah's scales
1783296000,172,169,29410124,16828770,12934,Zulrah's scales
1783382400,173,170,21210501,13296936,12934,Zulrah's scales
1783468800,176,172,24249117,14210235,12934,Zulrah's scales
1783555200,177,174,23686115,16466885,12934,Zulrah's scales
1783641600,176,174,21746508,12944152,12934,Zulrah's scales
1783728000,176,172,24716693,16408572,12934,Zulrah's scales
1783814400,176,173,26548570,16047880,12934,Zulrah's scales
1783900800,176,173,22284153,14019416,12934,Zulrah's scales
1783987200,178,175,27577900,15612309,12934,Zulrah's scales
1784073600,178,175,23799843,14259863,12934,Zulrah's scales
1784160000,180,176,20272589,12449594,12934,Zulrah's scales
1784246400,181,178,24142899,13338332,12934,Zulrah's scales
1784332800,183,179,25987124,14806367,12934,Zulrah's scales
1784419200,183,180,28483449,15944219,12934,Zulrah's scales
1784505600,181,178,25218560,15623248,12934,Zulrah's scales
1784592000,179,175,27477469,14468978,12934,Zulrah's scales
1784678400,175,172,26262481,17742741,12934,Zulrah's scales
1784764800,174,171,23159710,13439385,12934,Zulrah's scales
1784851200,173,170,23053778,12280977,12934,Zulrah's scales
1784937600,173,169,27070535,15492009,12934,Zulrah's scales
1785024000,170,166,31959315,17400737,12934,Zulrah's scales
1785110400,167,162,27604061,14029226,12934,Zulrah's scales
1785196800,165,162,24807342,14368466,12934,Zulrah's scales
1785283200,162,158,23469566,13726436,12934,Zulrah's scales
1785369600,162,158,20697707,14152902,12934,Zulrah's scales
1785456000,159,156,25920651,15360409,12934,Zulrah's scales
1785542400,159,156,26368905,13642275,12934,Zulrah's scales
1785628800,158,155,28528805,16154661,12934,Zulrah's scales
1785715200,159,156,22965909,13162190,12934,Zulrah's scales
1785801600,158,156,19214311,11683820,12934,Zulrah's scales
1785888000,162,160,20814829,16531988,12934,Zulrah's scales
1785974400,167,163,24778998,17342456,12934,Zulrah's scales
1786060800,167,163,24473100,18773262,12934,Zulrah's scales
1786147200,168,164,27419638,13901640,12934,Zulrah's scales
1786233600,170,166,26449886,16220699,12934,Zulrah's scales
1786320000,169,166,23379930,11838767,12934,Zulrah's scales
1786406400,171,168,24683710,14128555,12934,Zulrah's scales
1786492800,171,168,23614420,12980917,12934,Zulrah's scales
1786579200,170,168,21262536,12099107,12934,Zulrah's scales
1786665600,170,167,21996211,12896947,12934,Zulrah's scales
1786752000,170,167,22672036,14237228,12934,Zulrah's scales
1786838400,169,166,28190916,15461784,12934,Zulrah's scales
1786924800,167,164,22007542,12809227,12934,Zulrah's scales
1787011200,167,164,21003504,12426249,12934,Zulrah's scales
1787097600,165,162,22485103,15174322,12934,Zulrah's scales
1787184000,164,160,24078196,12519696,12934,Zulrah's scales
1787270400,163,160,26811071,13822271,12934,Zulrah's scales
1787356800,161,157,23477235,11244076,12934,Zulrah's scales
1787443200,160,156,23435659,11634459,12934,Zulrah's scales
1787529600,156,154,17706903,10434207,12934,Zulrah's scales
1787616000,157,154,17039732,9974627,12934,Zulrah's scales
1756166400,206,202,58222114,19766844,565,Blood rune
1756252800,207,203,51859352,20398217,565,Blood rune
1756339200,206,202,55564927,19200881,565,Blood rune
1756425600,206,202,45774800,19912216,565,Blood rune
1756512000,206,202,64288018,21125125,565,Blood rune
1756598400,205,202,57435915,19146707,565,Blood rune
1756684800,204,201,53998905,22002198,565,Blood rune
1756771200,203,200,57058403,24670769,565,Blood rune
1756857600,203,200,44799334,18901935,565,Blood rune
1756944000,203,200,46770730,17992709,565,Blood rune
1757030400,203,200,49228479,20713494,565,Blood rune
1757116800,205,200,58028194,27504731,565,Blood rune
1757203200,206,202,62998774,24618841,565,Blood rune
1757289600,206,202,46761080,18554182,565,Blood rune
1757376000,206,202,52674376,16957845,565,Blood rune
1757462400,209,204,48506937,21817159,565,Blood rune
1757548800,212,208,49525493,20467693,565,Blood rune
1757635200,218,212,49727048,24849381,565,Blood rune
1757721600,222,216,58624203,22919944,565,Blood rune
1757808000,227,222,62218896,24788783,565,Blood rune
1757894400,230,225,58821579,22917063,565,Blood rune
1757980800,234,229,53275154,20991770,565,Blood rune
1758067200,235,230,54854168,19826997,565,Blood rune
1758153600,236,232,44466552,18315322,565,Blood rune
1758240000,237,233,47182553,17646752,565,Blood rune
1758326400,236,232,56914671,19500631,565,Blood rune
1758412800,236,232,58442303,16860176,565,Blood rune
1758499200,237,234,40436110,15643978,565,Blood rune
1758585600,236,232,45256720,16612879,565,Blood rune
1758672000,235,231,48964220,16400596,565,Blood rune
1758758400,234,230,48848741,19187667,565,Blood rune
1758844800,235,231,40018288,15205270,565,Blood rune
1758931200,235,231,46797857,19112709,565,Blood rune
1759017600,234,231,54602601,18030140,565,Blood rune
1759104000,236,232,40150861,18532820,565,Blood rune
1759190400,237,233,42729013,15970751,565,Blood rune
1759276800,237,234,39754466,15047120,565,Blood rune
1759363200,237,234,40773949,15958461,565,Blood rune
1759449600,238,233,42478219,21263796,565,Blood rune
1759536000,241,236,50952950,22537058,565,Blood rune
1759622400,244,239,52451155,20320381,565,Blood rune
1759708800,244,240,43875686,18173913,565,Blood rune
1759795200,246,242,44225273,16466386,565,Blood rune
1759881600,247,242,44235593,15253244,565,Blood rune
1759968000,248,243,40628819,16279015,565,Blood rune
1760054400,248,244,43646237,15710297,565,Blood rune
1760140800,249,244,49488067,16376593,565,Blood rune
1760227200,253,248,46846422,20476638,565,Blood rune
1760313600,255,249,39855307,18791247,565,Blood rune
1760400000,254,249,39073902,15475062,565,Blood rune
1760486400,253,247,32179737,14747706,565,Blood rune
1760572800,254,248,26285053,12463260,565,Blood rune
1760659200,255,249,31490883,15038184,565,Blood rune
1760745600,254,248,30769040,13899174,565,Blood rune
1760832000,254,248,34737143,15708946,565,Blood rune
1760918400,253,248,31030107,14993566,565,Blood rune
1761004800,252,246,39187111,14147675,565,Blood rune
1761091200,250,245,36018166,14457911,565,Blood rune
1761177600,248,244,34467956,13671351,565,Blood rune
1761264000,250,245,39441906,15306580,565,Blood rune
1761350400,249,244,44864479,17754202,565,Blood rune
1761436800,249,244,45354383,17354620,565,Blood rune
1761523200,247,243,43635375,15429682,565,Blood rune
1761609600,245,241,48537527,16390245,565,Blood rune
1761696000,243,239,41773067,14765693,565,Blood rune
1761782400,240,236,45762545,15367740,565,Blood rune
1761868800,238,233,45658009,16058991,565,Blood rune
1761955200,228,222,57379700,12681132,565,Blood rune
1762041600,229,224,51781659,17557586,565,Blood rune
1762128000,227,222,45522837,15952592,565,Blood rune
1762214400,232,226,44879258,21660414,565,Blood rune
1762300800,232,227,40247044,18530267,565,Blood rune
1762387200,229,224,40857050,17010435,565,Blood rune
1762473600,234,229,38683344,19096806,565,Blood rune
1762560000,238,232,44116180,20756242,565,Blood rune
1762646400,245,238,46002747,24126684,565,Blood rune
1762732800,245,240,43267849,18143759,565,Blood rune
1762819200,246,241,48320164,14490480,565,Blood rune
1762905600,243,239,46753405,14627906,565,Blood rune
1762992000,246,242,40470655,14947671,565,Blood rune
1763078400,246,241,42418532,16722745,565,Blood rune
1763164800,246,241,46564330,18178655,565,Blood rune
1763251200,247,243,49993494,18136898,565,Blood rune
1763337600,246,241,49511582,14393526,565,Blood rune
1763424000,245,241,35291377,14287887,565,Blood rune
1763510400,242,236,21165590,10632957,565,Blood rune
1763596800,225,220,16918397,6654654,565,Blood rune
1763683200,221,216,35272093,12241142,565,Blood rune
1763769600,216,211,34926777,12804271,565,Blood rune
1763856000,216,211,31813071,13167807,565,Blood rune
1763942400,216,211,30712150,12505082,565,Blood rune
1764028800,214,209,36245181,14895293,565,Blood rune
1764115200,212,206,28969112,16531655,565,Blood rune
1764201600,210,205,30420980,15034440,565,Blood rune
1764288000,210,205,35672800,16067724,565,Blood rune
1764374400,210,205,37387254,13923678,565,Blood rune
1764460800,211,206,39606133,16362785,565,Blood rune
1764547200,211,206,36950944,16846717,565,Blood rune
1764633600,212,207,32165949,13863851,565,Blood rune
1764720000,212,207,34281030,13605268,565,Blood rune
1764806400,212,207,36117768,17312123,565,Blood rune
1764892800,213,207,36786079,17054803,565,Blood rune
1764979200,212,207,43893448,16533304,565,Blood rune
1765065600,213,208,46790257,15320156,565,Blood rune
1765152000,212,207,39822149,13873338,565,Blood rune
1765238400,212,207,41876351,14662910,565,Blood rune
1765324800,211,207,38596284,14137017,565,Blood rune
1765411200,212,207,33811589,15178684,565,Blood rune
1765497600,212,207,38591992,17353113,565,Blood rune
1765584000,212,207,44002497,18015424,565,Blood rune
1765670400,212,207,41786051,18310105,565,Blood rune
1765756800,212,207,45711568,14025606,565,Blood rune
1765843200,211,207,39476578,14095370,565,Blood rune
1765929600,210,206,35005229,13007931,565,Blood rune
1766016000,210,206,43043456,13976555,565,Blood rune
1766102400,210,205,37942026,15397115,565,Blood rune
1766188800,211,205,40120181,16119139,565,Blood rune
1766275200,213,207,50491167,17588666,565,Blood rune
1766361600,210,205,47829422,16786371,565,Blood rune
1766448000,209,205,44437034,15056045,565,Blood rune
1766534400,208,204,47220319,16328951,565,Blood rune
1766620800,208,204,36617411,12926307,565,Blood rune
1766707200,210,205,40406924,19573537,565,Blood rune
1766793600,208,204,47006910,16907417,565,Blood rune
1766880000,208,203,48208814,16240674,565,Blood rune
1766966400,209,204,48382535,20912243,565,Blood rune
1767052800,207,203,49336465,16708712,565,Blood rune
1767139200,206,202,47695652,15916172,565,Blood rune
1767225600,206,201,48492936,16141073,565,Blood rune
1767312000,206,201,56313041,22374228,565,Blood rune
1767398400,207,202,50070776,18968651,565,Blood rune
1767484800,207,203,49072333,21513706,565,Blood rune
1767571200,207,203,43463791,16657924,565,Blood rune
1767657600,206,202,48553606,15959727,565,Blood rune
1767744000,208,203,45277775,16881029,565,Blood rune
1767830400,208,203,44715436,14482571,565,Blood rune
1767916800,210,206,53330614,20713178,565,Blood rune
1768003200,214,208,56362739,25949643,565,Blood rune
1768089600,214,208,61461151,20872769,565,Blood rune
1768176000,213,209,51593658,16454818,565,Blood rune
1768262400,213,208,47955877,16665146,565,Blood rune
1768348800,212,208,46518798,15131833,565,Blood rune
1768435200,213,208,42590427,18159562,565,Blood rune
1768521600,214,210,49138706,16054805,565,Blood rune
1768608000,217,212,52514683,20981553,565,Blood rune
1768694400,217,212,55646612,21087682,565,Blood rune
1768780800,217,213,48715470,17486636,565,Blood rune
1768867200,218,214,45372579,16214141,565,Blood rune
1768953600,218,214,44181938,16997840,565,Blood rune
1769040000,218,214,45835623,17736245,565,Blood rune
1769126400,218,214,44393168,17521649,565,Blood rune
1769212800,217,214,50890218,18969733,565,Blood rune
1769299200,217,213,62520186,25377894,565,Blood rune
1769385600,216,212,51804922,22745295,565,Blood rune
1769472000,216,212,45280775,19079116,565,Blood rune
1769558400,217,214,47110169,20686741,565,Blood rune
1769644800,218,214,34515306,15592924,565,Blood rune
1769731200,219,215,40308245,15896559,565,Blood rune
1769817600,221,215,43128870,18902785,565,Blood rune
1769904000,218,214,47163776,19927018,565,Blood rune
1769990400,219,214,37314203,17374202,565,Blood rune
1770076800,220,216,31735058,15299796,565,Blood rune
1770163200,222,218,33225172,18165285,565,Blood rune
1770249600,228,222,39333566,21956174,565,Blood rune
1770336000,228,223,42820959,16125130,565,Blood rune
1770422400,227,223,46702260,18072874,565,Blood rune
1770508800,228,224,47267641,19614878,565,Blood rune
1770595200,228,223,39381129,21629413,565,Blood rune
1770681600,228,225,31766481,15583118,565,Blood rune
1770768000,228,225,30555718,16548260,565,Blood rune
1770854400,229,226,35880299,14317891,565,Blood rune
1770940800,231,228,36258680,14710159,565,Blood rune
1771027200,235,230,39290243,20450776,565,Blood rune
1771113600,237,233,45042553,18727411,565,Blood rune
1771200000,240,236,43712805,18408783,565,Blood rune
1771286400,241,237,39954160,19349687,565,Blood rune
1771372800,241,237,35378669,17215630,565,Blood rune
1771459200,240,237,37415188,16457245,565,Blood rune
1771545600,240,238,38679656,16748191,565,Blood rune
1771632000,242,238,49735408,20774430,565,Blood rune
1771718400,242,239,56444622,18925499,565,Blood rune
1771804800,241,238,50469453,17172201,565,Blood rune
1771891200,242,239,40083270,16865300,565,Blood rune
1771977600,242,239,50980263,17756998,565,Blood rune
1772064000,243,240,45974042,18125841,565,Blood rune
1772150400,246,242,46355911,18033219,565,Blood rune
1772236800,246,243,54812043,20375283,565,Blood rune
1772323200,243,240,58570989,19373753,565,Blood rune
1772409600,246,242,45325192,17070076,565,Blood rune
1772496000,246,243,32137500,15221870,565,Blood rune
1772582400,246,243,35310812,17434445,565,Blood rune
1772668800,247,244,35590731,18612586,565,Blood rune
1772755200,248,245,35839340,14866919,565,Blood rune
1772841600,248,244,43476503,19381665,565,Blood rune
1772928000,248,244,48382736,21085170,565,Blood rune
1773014400,247,244,47223576,16902853,565,Blood rune
1773100800,247,244,35180017,17923105,565,Blood rune
1773187200,247,243,34941255,19737809,565,Blood rune
1773273600,247,244,29462298,18998831,565,Blood rune
1773360000,248,245,38245453,16088992,565,Blood rune
1773446400,252,247,38893078,19742588,565,Blood rune
1773532800,249,245,47051655,19788998,565,Blood rune
1773619200,255,250,41881981,19091380,565,Blood rune
1773705600,258,253,38863789,15673498,565,Blood rune
1773792000,259,255,36598035,15409305,565,Blood rune
1773878400,265,260,35070463,20621413,565,Blood rune
1773964800,268,263,32167948,17759304,565,Blood rune
1774051200,273,267,45118894,18917873,565,Blood rune
1774137600,269,265,45287320,18899615,565,Blood rune
1774224000,274,270,32788582,14796920,565,Blood rune
1774310400,272,269,31473891,17110994,565,Blood rune
1774396800,274,271,35790267,15489339,565,Blood rune
1774483200,274,270,31906749,15588670,565,Blood rune
1774569600,272,268,35619581,15495643,565,Blood rune
1774656000,271,267,43508180,18315836,565,Blood rune
1774742400,272,269,38333559,19399979,565,Blood rune
1774828800,274,270,35857479,15054865,565,Blood rune
1774915200,275,271,34549173,14754919,565,Blood rune
1775001600,275,272,30675564,15941482,565,Blood rune
1775088000,280,275,34907894,18001167,565,Blood rune
1775174400,283,278,43759970,20731108,565,Blood rune
1775260800,287,282,43758401,19754559,565,Blood rune
1775347200,291,286,39367760,19569471,565,Blood rune
1775433600,290,286,44005629,15632773,565,Blood rune
1775520000,292,287,29919700,15441873,565,Blood rune
1775606400,290,287,24677839,14711593,565,Blood rune
1775692800,288,283,36449543,16622640,565,Blood rune
1775779200,284,278,41415528,14001771,565,Blood rune
1775865600,283,278,39481347,14023649,565,Blood rune
1775952000,286,281,39464057,18546632,565,Blood rune
1776038400,290,285,36692459,16859337,565,Blood rune
1776124800,290,285,33651239,12726905,565,Blood rune
1776211200,286,281,28328395,13894912,565,Blood rune
1776297600,288,283,17686349,10976591,565,Blood rune
1776384000,289,285,18055749,9838192,565,Blood rune
1776470400,290,285,18467906,11491949,565,Blood rune
1776556800,290,286,21442262,11880552,565,Blood rune
1776643200,290,287,20661936,8889618,565,Blood rune
1776729600,289,286,15611317,10423580,565,Blood rune
1776816000,289,285,19178704,10213780,565,Blood rune
1776902400,290,286,17956380,9623611,565,Blood rune
1776988800,289,285,20496722,10616065,565,Blood rune
1777075200,288,284,19076571,12182634,565,Blood rune
1777161600,289,285,21781563,13578386,565,Blood rune
1777248000,289,285,28155372,10160551,565,Blood rune
1777334400,288,284,19833956,10828392,565,Blood rune
1777420800,289,284,20224362,11161490,565,Blood rune
1777507200,289,285,20399709,10312334,565,Blood rune
1777593600,288,284,22090869,11102242,565,Blood rune
1777680000,287,283,25565282,13610744,565,Blood rune
1777766400,286,281,29848905,14144340,565,Blood rune
1777852800,287,282,19158897,11209629,565,Blood rune
1777939200,288,283,17749953,12484400,565,Blood rune
1778025600,289,286,19347266,10184721,565,Blood rune
1778112000,291,287,23474259,11501980,565,Blood rune
1778198400,290,286,26828178,11791371,565,Blood rune
1778284800,292,287,25047913,13768493,565,Blood rune
1778371200,292,288,22138938,12737526,565,Blood rune
1778457600,293,289,25339743,11961393,565,Blood rune
1778544000,295,291,22542855,9754741,565,Blood rune
1778630400,295,292,20578563,9453379,565,Blood rune
1778716800,297,293,22476021,10692048,565,Blood rune
1778803200,296,292,22238950,11961850,565,Blood rune
1778889600,296,291,30617041,11721386,565,Blood rune
1778976000,296,292,25970099,12654732,565,Blood rune
1779062400,291,289,31846122,15075659,565,Blood rune
1779148800,291,290,22040779,10156625,565,Blood rune
1779235200,295,291,21995668,11035057,565,Blood rune
1779321600,296,291,22686516,10651259,565,Blood rune
1779408000,297,292,19747691,11875906,565,Blood rune
1779494400,297,290,28943524,16875258,565,Blood rune
1779580800,299,294,28097719,16272917,565,Blood rune
1779667200,301,295,31973490,14265168,565,Blood rune
1779753600,300,296,23244648,11141161,565,Blood rune
1779840000,301,296,22836842,11067372,565,Blood rune
1779926400,302,298,21711181,10544039,565,Blood rune
1780012800,303,299,25700107,11451823,565,Blood rune
1780099200,304,300,28914340,12165465,565,Blood rune
1780185600,307,302,29470622,14817031,565,Blood rune
1780272000,311,305,22967115,14789332,565,Blood rune
1780358400,315,309,23471257,14123681,565,Blood rune
1780444800,320,314,23818216,13673702,565,Blood rune
1780531200,318,314,32633041,11619131,565,Blood rune
1780617600,316,311,31669020,13379542,565,Blood rune
1780704000,307,302,43607254,13507519,565,Blood rune
1780790400,307,301,37515743,12815699,565,Blood rune
1780876800,304,296,34424710,13979999,565,Blood rune
1780963200,304,300,27967531,14149776,565,Blood rune
1781049600,305,300,25879530,12267389,565,Blood rune
1781136000,309,303,26939850,13649041,565,Blood rune
1781222400,312,305,33490868,15434186,565,Blood rune
1781308800,314,308,29742188,16691905,565,Blood rune
1781395200,314,309,35318148,14840353,565,Blood rune
1781481600,317,312,28759257,13058584,565,Blood rune
1781568000,319,313,30190304,15779409,565,Blood rune
1781654400,314,309,37791026,15780716,565,Blood rune
1781740800,311,304,39226082,12487428,565,Blood rune
1781827200,309,302,38627626,15140321,565,Blood rune
1781913600,305,299,39295025,12762579,565,Blood rune
1782000000,304,299,34652050,15114964,565,Blood rune
1782086400,305,298,36163911,17651057,565,Blood rune
1782172800,305,299,27398703,13639997,565,Blood rune
1782259200,305,301,27389461,14890453,565,Blood rune
1782345600,306,301,27479971,12782940,565,Blood rune
1782432000,308,303,28529798,13342271,565,Blood rune
1782518400,310,304,36083698,15070579,565,Blood rune
1782604800,312,307,33698369,15545096,565,Blood rune
1782691200,313,307,33513213,17046958,565,Blood rune
1782777600,300,296,35338935,15032886,565,Blood rune
1782864000,280,272,43889636,16944246,565,Blood rune
1782950400,280,272,42340670,17330375,565,Blood rune
1783036800,281,275,39643802,18292947,565,Blood rune
1783123200,293,286,36180264,22427328,565,Blood rune
1783209600,296,289,36375094,22098848,565,Blood rune
1783296000,300,295,33033844,17967114,565,Blood rune
1783382400,309,302,35396673,18648917,565,Blood rune
1783468800,312,306,34624312,18497470,565,Blood rune
1783555200,315,309,37508231,18098595,565,Blood rune
1783641600,316,311,36706209,15941988,565,Blood rune
1783728000,319,313,37165900,18254591,565,Blood rune
1783814400,323,316,41924380,18416644,565,Blood rune
1783900800,330,324,35319293,17741646,565,Blood rune
1783987200,331,325,37952568,21191644,565,Blood rune
1784073600,329,323,34472276,13087872,565,Blood rune
1784160000,335,328,30755294,18327603,565,Blood rune
1784246400,337,331,32431213,17076249,565,Blood rune
1784332800,342,335,39788518,20928244,565,Blood rune
1784419200,344,340,36550958,17371920,565,Blood rune
1784505600,355,350,35324721,19419242,565,Blood rune
1784592000,363,356,35645568,21860353,565,Blood rune
1784678400,363,357,40261967,20774123,565,Blood rune
1784764800,356,349,38617906,15939008,565,Blood rune
1784851200,356,349,34691137,16928991,565,Blood rune
1784937600,357,351,36676836,18105744,565,Blood rune
1785024000,363,357,40994875,19430488,565,Blood rune
1785110400,366,360,32365514,19051798,565,Blood rune
1785196800,369,362,32700152,17804972,565,Blood rune
1785283200,366,359,35844556,15267770,565,Blood rune
1785369600,364,359,36510653,17287054,565,Blood rune
1785456000,364,358,36342539,17399731,565,Blood rune
1785542400,369,363,36991402,20071907,565,Blood rune
1785628800,373,365,41865863,22463308,565,Blood rune
1785715200,379,373,33815597,19377070,565,Blood rune
1785801600,375,369,36885775,16021367,565,Blood rune
1785888000,377,372,33675358,15922587,565,Blood rune
1785974400,374,371,36824385,18214645,565,Blood rune
1786060800,371,364,44303368,16122915,565,Blood rune
1786147200,367,361,43449196,18806699,565,Blood rune
1786233600,369,363,42786324,18517536,565,Blood rune
1786320000,367,360,34043663,19367016,565,Blood rune
1786406400,366,361,33811225,16870726,565,Blood rune
1786492800,366,361,30249781,13455329,565,Blood rune
1786579200,366,362,29313636,16894588,565,Blood rune
1786665600,369,364,31262286,15454436,565,Blood rune
1786752000,374,368,38087864,20267856,565,Blood rune
1786838400,379,373,46596940,22543252,565,Blood rune
1786924800,376,370,33926637,15944302,565,Blood rune
1787011200,373,366,38943128,16950468,565,Blood rune
1787097600,355,348,43728553,19830516,565,Blood rune
1787184000,346,339,41957313,18962776,565,Blood rune
1787270400,333,327,42345814,18540150,565,Blood rune
1787356800,332,326,31627305,14442985,565,Blood rune
1787443200,341,336,29739387,16793298,565,Blood rune
1787529600,353,346,21037575,18589806,565,Blood rune
1787616000,359,353,21948784,14605992,565,Blood rune
